transaction_id,user_id,timestamp,amount,merchant_category,device_id,device_model,location_city,location_lat,location_lon,user_avg_amount_30d,user_std_amount_30d,z_score_amount,spend_multiplier,is_known_device,is_known_city,hours_since_last_txn,km_from_last_txn,velocity_kmh,is_nocturnal,txn_velocity_1h,hostile_triad_score,device_risk_penalty,geo_velocity_anomaly,p2p_novel_device_risk,scenario_type,is_fraud
TXN_UPI_100901,USR_4111,2025-01-01 18:06:00,774.11,Utility_Bills,DEV_IN_SAMS23_021,Samsung Galaxy S23,Hyderabad,17.385,78.4867,1100.0,250.0,-1.304,0.7,1,1,24.0,0.0,0.0,0,0,0.0,0.0,0,0,normal_routine,0
TXN_UPI_100991,USR_4113,2025-01-01 18:29:00,672.89,P2P_Transfer,DEV_IN_OP12_023,OnePlus 12,Delhi,28.6139,77.209,900.0,250.0,-0.908,0.75,1,1,24.0,0.0,0.0,0,0,0.0,0.0,0,0,normal_routine,0
TXN_UPI_102341,USR_4143,2025-01-01 19:09:00,874.81,Utility_Bills,DEV_IN_XRN13_053,Xiaomi Redmi Note 13,Pune,18.5204,73.8567,1100.0,250.0,-0.901,0.8,1,1,24.0,0.0,0.0,0,0,0.0,0.0,0,0,normal_routine,0
TXN_UPI_100406,USR_4100,2025-01-01 19:18:00,51765.72,Jewelry_Luxury,DEV_IN_OP12_010,OnePlus 12,Pune,18.5204,73.8567,14000.0,250.0,151.063,3.7,1,1,24.0,0.0,0.0,0,0,0.0,0.0,0,0,benign_festive_spend,0
TXN_UPI_102971,USR_4157,2025-01-01 19:24:00,1097.66,P2P_Transfer,DEV_IN_SAMS23_067,Samsung Galaxy S23,Jaipur,26.9124,75.7873,900.0,250.0,0.791,1.22,1,1,24.0,0.0,0.0,0,0,0.0,0.0,0,0,normal_routine,0
TXN_UPI_103241,USR_4163,2025-01-01 20:20:00,746.19,P2P_Transfer,DEV_IN_XRN13_073,Xiaomi Redmi Note 13,Chennai,13.0827,80.2707,900.0,250.0,-0.615,0.83,1,1,24.0,0.0,0.0,0,0,0.0,0.0,0,0,normal_routine,0
TXN_UPI_102926,USR_4156,2025-01-01 23:46:00,13802.16,Travel_Ticketing,DEV_IN_SAMS23_066,Samsung Galaxy S23,Mumbai,19.076,72.8777,3200.0,250.0,42.409,4.31,1,1,24.0,0.0,0.0,0,0,0.0,0.0,0,0,benign_travel,0
TXN_UPI_100497,USR_4102,2025-01-02 03:11:00,4593.73,P2P_Transfer,DEV_IN_SAMS23_012,Samsung Galaxy S23,Hyderabad,17.385,78.4867,1654.72,1.0,2939.008,2.78,1,1,0.01,0.0,0.0,1,1,0.0,0.0,0,0,emergency_nocturnal_legit,0
TXN_UPI_102927,USR_4156,2025-01-02 09:09:00,560.16,Groceries_Daily,DEV_IN_SAMS23_066,Samsung Galaxy S23,Jaipur,26.9124,75.7873,13802.16,1.0,-13241.997,0.04,1,1,9.3833,920.74,98.13,0,0,0.0,0.0,0,0,normal_routine,0
TXN_UPI_100271,USR_4097,2025-01-02 09:13:00,132.99,Food_Dining,DEV_IN_XRN13_007,Xiaomi Redmi Note 13,Delhi,28.6139,77.209,280.0,250.0,-0.588,0.47,1,1,24.0,0.0,0.0,0,0,0.0,0.0,0,0,normal_routine,0
TXN_UPI_102837,USR_4154,2025-01-02 13:56:00,409.69,Groceries_Daily,DEV_IN_IPH15_064,iPhone 15,Chennai,13.0827,80.2707,321.25,1.0,88.438,1.28,1,1,0.01,0.0,0.0,0,1,0.0,0.0,0,0,normal_routine,0
TXN_UPI_103107,USR_4160,2025-01-02 14:22:00,14828.84,Travel_Ticketing,DEV_IN_OP12_070,OnePlus 12,Mumbai,19.076,72.8777,611.53,1.0,14217.303,24.25,1,1,0.01,1033.1,103309.85,0,1,0.0,0.0,1,0,benign_travel,0
TXN_UPI_102881,USR_4155,2025-01-02 19:39:00,401.62,Groceries_Daily,DEV_IN_SAMS23_065,Samsung Galaxy S23,Hyderabad,17.385,78.4867,340.0,250.0,0.246,1.18,1,1,24.0,0.0,0.0,0,0,0.0,0.0,0,0,normal_routine,0
TXN_UPI_102296,USR_4142,2025-01-02 19:44:00,1095.35,Utility_Bills,DEV_IN_IPH15_052,iPhone 15,Hyderabad,17.385,78.4867,1100.0,250.0,-0.019,1.0,1,1,24.0,0.0,0.0,0,0,0.0,0.0,0,0,normal_routine,0
TXN_UPI_102387,USR_4144,2025-01-02 19:50:00,360.31,Food_Dining,DEV_IN_OP12_054,OnePlus 12,Jaipur,26.9124,75.7873,821.77,1.0,-461.458,0.44,1,1,0.01,0.0,0.0,0,1,0.0,0.0,0,0,normal_routine,0
TXN_UPI_100452,USR_4101,2025-01-02 20:09:00,432.99,Food_Dining,DEV_IN_IPH15_011,iPhone 15,Mumbai,19.076,72.8777,155.84,1.0,277.151,2.78,1,1,0.01,0.0,0.0,0,1,0.0,0.0,0,0,normal_routine,0
TXN_UPI_100453,USR_4101,2025-01-02 20:30:00,38336.6,P2P_Transfer,DEV_CLONE_10,Virtual Android,Lagos,6.5244,3.3792,294.42,138.58,274.523,130.21,0,0,0.35,7620.35,21772.41,0,2,3.0,7.32,1,1,impossible_travel_jump,1
TXN_UPI_102386,USR_4144,2025-01-02 20:36:00,821.77,Utility_Bills,DEV_IN_OP12_054,OnePlus 12,Jaipur,26.9124,75.7873,1100.0,250.0,-1.113,0.75,1,1,24.0,0.0,0.0,0,0,0.0,0.0,0,0,normal_routine,0
TXN_UPI_101307,USR_4120,2025-01-02 21:19:00,1490.98,Utility_Bills,DEV_IN_OP12_030,OnePlus 12,Kolkata,22.5726,88.3639,344.82,1.0,1146.162,4.32,1,1,0.01,0.0,0.0,0,1,0.0,0.0,0,0,normal_routine,0
TXN_UPI_100137,USR_4094,2025-01-02 21:47:00,410.59,P2P_Transfer,DEV_BURNER_03,Itel A50 Burner,Bengaluru,12.9716,77.5946,871.83,1.0,-461.241,0.47,0,1,0.01,0.0,0.0,0,1,0.0,0.0,0,1,stealth_micro_fraud,1
TXN_UPI_100631,USR_4105,2025-01-03 09:52:00,2630.23,Utility_Bills,DEV_IN_SAMS23_015,Samsung Galaxy S23,Mumbai,19.076,72.8777,1100.0,250.0,6.121,2.39,1,1,24.0,0.0,0.0,0,0,0.0,0.0,0,0,normal_routine,0
TXN_UPI_100993,USR_4113,2025-01-03 13:36:00,281.49,Groceries_Daily,DEV_IN_OP12_023,OnePlus 12,Delhi,28.6139,77.209,690.34,17.45,-23.434,0.41,1,1,0.01,0.0,0.0,0,1,0.0,0.0,0,0,normal_routine,0
TXN_UPI_100903,USR_4111,2025-01-03 18:05:00,551.74,Food_Dining,DEV_IN_SAMS23_021,Samsung Galaxy S23,Hyderabad,17.385,78.4867,494.63,279.48,0.204,1.12,1,1,0.01,0.0,0.0,0,1,0.0,0.0,0,0,normal_routine,0
TXN_UPI_100408,USR_4100,2025-01-03 18:07:00,334.14,Groceries_Daily,DEV_IN_OP12_010,OnePlus 12,Pune,18.5204,73.8567,26110.35,25655.37,-1.005,0.01,1,1,0.01,0.0,0.0,0,1,0.0,0.0,0,0,normal_routine,0
TXN_UPI_103421,USR_4167,2025-01-03 18:08:00,963.18,Utility_Bills,DEV_IN_XRN13_077,Xiaomi Redmi Note 13,Hyderabad,17.385,78.4867,1100.0,250.0,-0.547,0.88,1,1,24.0,0.0,0.0,0,0,0.0,0.0,0,0,normal_routine,0
TXN_UPI_102342,USR_4143,2025-01-03 18:18:00,942.47,P2P_Transfer,DEV_IN_XRN13_053,Xiaomi Redmi Note 13,Pune,18.5204,73.8567,874.81,1.0,67.662,1.08,1,1,47.15,0.0,0.0,0,0,0.0,0.0,0,0,normal_routine,0
TXN_UPI_101938,USR_4134,2025-01-03 18:20:00,43505.21,Groceries_Daily,DEV_IN_NEW_044,Samsung Galaxy S24,Chennai,13.0827,80.2707,1429.85,1204.46,34.933,30.43,0,1,0.01,0.0,0.0,0,1,0.0,0.0,0,0,benign_new_device,0
TXN_UPI_101397,USR_4122,2025-01-03 18:27:00,1233.52,P2P_Transfer,DEV_IN_XRN13_032,Xiaomi Redmi Note 13,Delhi,28.6139,77.209,43926.75,1.0,-42693.229,0.03,1,1,0.01,0.0,0.0,0,1,0.0,0.0,0,0,normal_routine,0
TXN_UPI_100498,USR_4102,2025-01-03 19:02:00,258.22,Groceries_Daily,DEV_IN_SAMS23_012,Samsung Galaxy S23,Hyderabad,17.385,78.4867,3124.22,1469.5,-1.95,0.08,1,1,39.85,0.0,0.0,0,2,0.0,0.0,0,0,normal_routine,0
TXN_UPI_101486,USR_4124,2025-01-03 19:02:00,20198.27,Electronics_Gadgets,DEV_IN_IPH15_034,iPhone 15,Kolkata,22.5726,88.3639,9500.0,250.0,42.793,2.13,1,1,24.0,0.0,0.0,0,0,0.0,0.0,0,0,benign_festive_spend,0
TXN_UPI_101622,USR_4127,2025-01-03 19:10:00,753.92,Utility_Bills,DEV_IN_XRN13_037,Xiaomi Redmi Note 13,Mumbai,19.076,72.8777,107.2,1.0,646.723,7.03,1,1,0.01,0.0,0.0,0,1,0.0,0.0,0,0,normal_routine,0
TXN_UPI_102118,USR_4138,2025-01-03 19:14:00,769.33,Utility_Bills,DEV_IN_IPH15_048,iPhone 15,Delhi,28.6139,77.209,4280.75,3001.88,-1.17,0.18,1,1,0.01,0.0,0.0,0,1,0.0,0.0,0,0,normal_routine,0
TXN_UPI_100001,USR_4091,2025-01-03 19:16:00,264.42,Food_Dining,DEV_IN_IPH15_001,iPhone 15,Bengaluru,12.9716,77.5946,280.0,250.0,-0.062,0.94,1,1,24.0,0.0,0.0,0,0,0.0,0.0,0,0,normal_routine,0
TXN_UPI_102207,USR_4140,2025-01-03 19:41:00,351.96,Groceries_Daily,DEV_IN_XRN13_050,Xiaomi Redmi Note 13,Chennai,13.0827,80.2707,53841.41,1.0,-53489.456,0.01,1,1,0.01,0.0,0.0,0,1,0.0,0.0,0,0,normal_routine,0
TXN_UPI_101488,USR_4124,2025-01-03 20:15:00,396.36,Food_Dining,DEV_IN_IPH15_034,iPhone 15,Kolkata,22.5726,88.3639,40424.04,20225.77,-1.979,0.01,1,1,0.01,0.0,0.0,0,1,0.0,0.0,0,0,normal_routine,0
TXN_UPI_101353,USR_4121,2025-01-03 20:19:00,578.86,Groceries_Daily,DEV_IN_OP12_031,OnePlus 12,Kolkata,22.5726,88.3639,522.0,319.2,0.178,1.11,1,1,0.01,0.0,0.0,0,2,0.0,0.0,0,0,normal_routine,0
TXN_UPI_101126,USR_4116,2025-01-03 20:28:00,178.15,Food_Dining,DEV_IN_OP12_026,OnePlus 12,Hyderabad,17.385,78.4867,280.0,250.0,-0.407,0.64,1,1,24.0,0.0,0.0,0,0,0.0,0.0,0,0,normal_routine,0
TXN_UPI_102883,USR_4155,2025-01-03 20:32:00,362.85,Groceries_Daily,DEV_IN_SAMS23_065,Samsung Galaxy S23,Hyderabad,17.385,78.4867,322.95,78.67,0.507,1.12,1,1,0.01,0.0,0.0,0,1,0.0,0.0,0,0,normal_routine,0
TXN_UPI_103467,USR_4168,2025-01-03 20:34:00,144.05,Groceries_Daily,DEV_IN_XRN13_078,Xiaomi Redmi Note 13,Pune,18.5204,73.8567,262.37,1.0,-118.312,0.55,1,1,0.01,0.0,0.0,0,1,0.0,0.0,0,0,normal_routine,0
TXN_UPI_101082,USR_4115,2025-01-03 20:50:00,361.44,Groceries_Daily,DEV_IN_XRN13_025,Xiaomi Redmi Note 13,Bengaluru,12.9716,77.5946,1212.13,1.0,-850.697,0.3,1,1,0.01,0.0,0.0,0,1,0.0,0.0,0,0,normal_routine,0
TXN_UPI_100228,USR_4096,2025-01-03 21:05:00,1191.17,Utility_Bills,DEV_IN_SAMS23_006,Samsung Galaxy S23,Jaipur,26.9124,75.7873,998.3,661.38,0.292,1.19,1,1,0.01,0.0,0.0,0,1,0.0,0.0,0,0,normal_routine,0
TXN_UPI_101936,USR_4134,2025-01-03 21:39:00,2634.31,P2P_Transfer,DEV_IN_OP12_044,OnePlus 12,Chennai,13.0827,80.2707,900.0,250.0,6.937,2.93,1,1,24.0,0.0,0.0,0,0,0.0,0.0,0,0,normal_routine,0
TXN_UPI_100858,USR_4110,2025-01-03 21:59:00,497.62,Groceries_Daily,DEV_IN_OP12_020,OnePlus 12,Jaipur,26.9124,75.7873,1224.11,702.43,-1.034,0.41,1,1,0.01,0.0,0.0,0,2,0.0,0.0,0,0,normal_routine,0
TXN_UPI_100318,USR_4098,2025-01-03 22:47:00,5056.28,Travel_Ticketing,DEV_IN_IPH15_008,iPhone 15,Goa,15.2993,74.124,285.71,40.94,116.526,17.7,1,1,0.01,520.05,52004.67,0,1,0.0,0.0,1,0,benign_travel,0
TXN_UPI_100677,USR_4106,2025-01-04 01:24:00,189.13,Gaming_Crypto,DEV_BOTNET_15,Automated Script Bot,Pune,18.5204,73.8567,248.65,1.0,-59.517,0.76,0,1,0.01,0.0,0.0,1,15,1.5,0.68,0,1,credential_stuffing_burst,1
TXN_UPI_103377,USR_4166,2025-01-04 01:44:00,7710.56,Travel_Ticketing,DEV_IN_SAMS23_076,Samsung Galaxy S23,Goa,15.2993,74.124,1064.13,1.0,6646.435,7.25,1,1,0.01,454.99,45498.72,1,1,0.0,0.0,1,0,benign_travel,0
TXN_UPI_102792,USR_4153,2025-01-04 01:51:00,57801.79,P2P_Transfer,DEV_ROGUE_EMU_62,Linux Cloud Emulator,Mumbai,19.076,72.8777,19313.5,1.0,38488.285,2.99,0,1,0.01,7620.35,762034.5,1,1,3.5,1.66,1,1,hostile_account_takeover,1
TXN_UPI_103016,USR_4158,2025-01-04 08:16:00,1072.89,P2P_Transfer,DEV_IN_SAMS23_068,Samsung Galaxy S23,Jaipur,26.9124,75.7873,900.0,250.0,0.692,1.19,1,1,24.0,0.0,0.0,0,0,0.0,0.0,0,0,normal_routine,0
TXN_UPI_100226,USR_4096,2025-01-04 09:07:00,1659.67,Utility_Bills,DEV_IN_SAMS23_006,Samsung Galaxy S23,Jaipur,26.9124,75.7873,1100.0,250.0,2.239,1.51,1,1,24.0,0.0,0.0,0,0,0.0,0.0,0,0,normal_routine,0
TXN_UPI_102253,USR_4141,2025-01-04 09:15:00,322.83,Food_Dining,DEV_IN_OP12_051,OnePlus 12,Hyderabad,17.385,78.4867,545.61,179.22,-1.243,0.59,1,1,0.01,0.0,0.0,0,2,0.0,0.0,0,0,normal_routine,0
TXN_UPI_102252,USR_4141,2025-01-04 09:18:00,366.4,Utility_Bills,DEV_IN_OP12_051,OnePlus 12,Hyderabad,17.385,78.4867,724.83,1.0,-358.434,0.51,1,1,0.01,0.0,0.0,0,1,0.0,0.0,0,0,normal_routine,0
TXN_UPI_100902,USR_4111,2025-01-04 09:21:00,215.15,Food_Dining,DEV_IN_SAMS23_021,Samsung Galaxy S23,Hyderabad,17.385,78.4867,774.11,1.0,-558.964,0.28,1,1,63.25,0.0,0.0,0,0,0.0,0.0,0,0,normal_routine,0
TXN_UPI_101894,USR_4133,2025-01-04 09:41:00,225.77,Groceries_Daily,DEV_IN_IPH15_043,iPhone 15,Delhi,28.6139,77.209,390.14,139.9,-1.175,0.58,1,1,0.01,0.0,0.0,0,1,0.0,0.0,0,0,normal_routine,0
TXN_UPI_102028,USR_4136,2025-01-04 09:50:00,563.68,Food_Dining,DEV_IN_SAMS23_046,Samsung Galaxy S23,Pune,18.5204,73.8567,12381.85,12057.23,-0.98,0.05,1,1,0.01,0.0,0.0,0,1,0.0,0.0,0,0,normal_routine,0
TXN_UPI_100904,USR_4111,2025-01-04 11:04:00,36954.93,Jewelry_Luxury,DEV_IN_SAMS23_021,Samsung Galaxy S23,Hyderabad,17.385,78.4867,513.67,229.78,158.593,71.94,1,1,16.9833,0.0,0.0,0,0,0.0,0.0,0,0,benign_festive_spend,0
TXN_UPI_100812,USR_4109,2025-01-04 11:19:00,212.54,Food_Dining,DEV_IN_IPH15_019,iPhone 15,Pune,18.5204,73.8567,292.51,1.0,-79.979,0.73,1,1,0.01,0.0,0.0,0,1,0.0,0.0,0,0,normal_routine,0
TXN_UPI_102748,USR_4152,2025-01-04 11:50:00,477.79,Food_Dining,DEV_IN_OP12_062,OnePlus 12,Bengaluru,12.9716,77.5946,881.9,603.24,-0.67,0.54,1,1,0.01,0.0,0.0,0,2,0.0,0.0,0,0,normal_routine,0
TXN_UPI_101533,USR_4125,2025-01-04 13:16:00,283.93,Groceries_Daily,DEV_IN_OP12_035,OnePlus 12,Pune,18.5204,73.8567,7501.53,6920.65,-1.043,0.04,1,1,0.01,0.0,0.0,0,2,0.0,0.0,0,0,normal_routine,0
TXN_UPI_100811,USR_4109,2025-01-04 13:23:00,292.51,Utility_Bills,DEV_IN_IPH15_019,iPhone 15,Pune,18.5204,73.8567,1100.0,250.0,-3.23,0.27,1,1,24.0,0.0,0.0,0,0,0.0,0.0,0,0,normal_routine,0
TXN_UPI_101219,USR_4118,2025-01-04 13:24:00,512.64,Food_Dining,DEV_IN_IPH15_028,iPhone 15,Hyderabad,17.385,78.4867,24527.96,34054.91,-0.705,0.02,1,1,0.01,0.0,0.0,0,2,0.0,0.0,0,0,normal_routine,0
TXN_UPI_102431,USR_4145,2025-01-04 13:24:00,1455.07,P2P_Transfer,DEV_BURNER_54,Itel A50 Burner,Mumbai,19.076,72.8777,900.0,250.0,2.22,1.62,0,1,24.0,0.0,0.0,0,0,0.0,0.0,0,1,stealth_micro_fraud,1
TXN_UPI_103513,USR_4169,2025-01-04 13:51:00,47589.05,Jewelry_Luxury,DEV_IN_IPH15_079,iPhone 15,Kolkata,22.5726,88.3639,1170.58,183.76,252.602,40.65,1,1,0.01,0.0,0.0,0,1,0.0,0.0,0,0,benign_festive_spend,0
TXN_UPI_101261,USR_4119,2025-01-04 13:54:00,1113.19,Utility_Bills,DEV_IN_OP12_029,OnePlus 12,Bengaluru,12.9716,77.5946,1100.0,250.0,0.053,1.01,1,1,24.0,0.0,0.0,0,0,0.0,0.0,0,0,normal_routine,0
TXN_UPI_100004,USR_4091,2025-01-04 13:58:00,365.94,Food_Dining,DEV_IN_IPH15_001,iPhone 15,Bengaluru,12.9716,77.5946,741.43,742.59,-0.506,0.49,1,1,0.01,0.0,0.0,0,1,0.0,0.0,0,0,normal_routine,0
TXN_UPI_102161,USR_4139,2025-01-04 18:24:00,696.33,Utility_Bills,DEV_IN_OP12_049,OnePlus 12,Pune,18.5204,73.8567,1100.0,250.0,-1.615,0.63,1,1,24.0,0.0,0.0,0,0,0.0,0.0,0,0,normal_routine,0
TXN_UPI_102657,USR_4150,2025-01-04 18:25:00,267.26,Food_Dining,DEV_IN_SAMS23_060,Samsung Galaxy S23,Mumbai,19.076,72.8777,1914.67,1.0,-1647.409,0.14,1,1,0.01,0.0,0.0,0,1,0.0,0.0,0,0,normal_routine,0
TXN_UPI_100184,USR_4095,2025-01-04 19:07:00,82201.18,Electronics_Gadgets,DEV_IN_IPH15_005,iPhone 15,Kolkata,22.5726,88.3639,34334.42,24063.58,1.989,2.39,1,1,0.01,0.0,0.0,0,1,0.0,0.0,0,0,benign_festive_spend,0
TXN_UPI_100542,USR_4103,2025-01-04 19:08:00,913.42,Utility_Bills,DEV_IN_SAMS23_013,Samsung Galaxy S23,Hyderabad,17.385,78.4867,169.23,1.0,744.188,5.4,1,1,0.01,0.0,0.0,0,1,0.0,0.0,0,0,normal_routine,0
TXN_UPI_102928,USR_4156,2025-01-04 19:22:00,469.41,Food_Dining,DEV_IN_SAMS23_066,Samsung Galaxy S23,Jaipur,26.9124,75.7873,7181.16,6621.0,-1.014,0.07,1,1,58.2167,0.0,0.0,0,0,0.0,0.0,0,0,normal_routine,0
TXN_UPI_103063,USR_4159,2025-01-04 19:38:00,632.99,Food_Dining,DEV_IN_XRN13_069,Xiaomi Redmi Note 13,Delhi,28.6139,77.209,17238.81,16848.43,-0.986,0.04,1,1,0.01,0.0,0.0,0,2,0.0,0.0,0,0,normal_routine,0
TXN_UPI_102071,USR_4137,2025-01-04 19:41:00,2978.45,P2P_Transfer,DEV_IN_OP12_047,OnePlus 12,Hyderabad,17.385,78.4867,900.0,250.0,8.314,3.31,1,1,24.0,0.0,0.0,0,0,0.0,0.0,0,0,normal_routine,0
TXN_UPI_103154,USR_4161,2025-01-04 19:42:00,4272.59,Utility_Bills,DEV_IN_OP12_071,OnePlus 12,Kolkata,22.5726,88.3639,448.36,414.91,9.217,9.53,1,1,0.01,0.0,0.0,0,3,0.0,0.0,0,0,normal_routine,0
TXN_UPI_101128,USR_4116,2025-01-04 20:16:00,463.39,P2P_Transfer,DEV_IN_OP12_026,OnePlus 12,Hyderabad,17.385,78.4867,216.37,38.22,6.463,2.14,1,1,0.01,0.0,0.0,0,1,0.0,0.0,0,0,normal_routine,0
TXN_UPI_101081,USR_4115,2025-01-04 20:40:00,1212.13,P2P_Transfer,DEV_IN_XRN13_025,Xiaomi Redmi Note 13,Bengaluru,12.9716,77.5946,900.0,250.0,1.249,1.35,1,1,24.0,0.0,0.0,0,0,0.0,0.0,0,0,normal_routine,0
TXN_UPI_102839,USR_4154,2025-01-04 20:42:00,461.0,Groceries_Daily,DEV_IN_IPH15_064,iPhone 15,Chennai,13.0827,80.2707,13419.32,18460.98,-0.702,0.03,1,1,0.01,0.0,0.0,0,3,0.0,0.0,0,0,normal_routine,0
TXN_UPI_103511,USR_4169,2025-01-04 20:52:00,986.82,P2P_Transfer,DEV_IN_IPH15_079,iPhone 15,Kolkata,22.5726,88.3639,900.0,250.0,0.347,1.1,1,1,24.0,0.0,0.0,0,0,0.0,0.0,0,0,normal_routine,0
TXN_UPI_101757,USR_4130,2025-01-04 21:03:00,151.77,Groceries_Daily,DEV_IN_SAMS23_040,Samsung Galaxy S23,Pune,18.5204,73.8567,78358.75,1.0,-78206.979,0.0,1,1,0.01,0.0,0.0,0,1,0.0,0.0,0,0,normal_routine,0
TXN_UPI_101532,USR_4125,2025-01-04 21:13:00,580.88,P2P_Transfer,DEV_IN_OP12_035,OnePlus 12,Pune,18.5204,73.8567,14422.19,1.0,-13841.303,0.04,1,1,0.01,120.15,12015.23,0,1,0.0,0.0,1,0,normal_routine,0
TXN_UPI_103423,USR_4167,2025-01-05 01:23:00,5441.12,Utility_Bills,DEV_IN_XRN13_077,Xiaomi Redmi Note 13,Hyderabad,17.385,78.4867,620.31,342.87,14.06,8.77,1,1,0.01,0.0,0.0,1,1,0.0,0.0,0,0,emergency_nocturnal_legit,0
TXN_UPI_102116,USR_4138,2025-01-05 01:53:00,7282.63,Travel_Ticketing,DEV_IN_IPH15_048,iPhone 15,Jaipur,26.9124,75.7873,3200.0,250.0,16.331,2.28,1,1,24.0,0.0,0.0,1,0,0.0,0.0,0,0,benign_travel,0
TXN_UPI_101981,USR_4135,2025-01-05 08:24:00,630.27,Food_Dining,DEV_IN_OP12_045,OnePlus 12,Bengaluru,12.9716,77.5946,280.0,250.0,1.401,2.25,1,1,24.0,0.0,0.0,0,0,0.0,0.0,0,0,normal_routine,0
TXN_UPI_101172,USR_4117,2025-01-05 08:26:00,365.54,Groceries_Daily,DEV_IN_SAMS23_027,Samsung Galaxy S23,Kolkata,22.5726,88.3639,185.27,1.0,180.27,1.97,1,1,0.01,0.0,0.0,0,1,0.0,0.0,0,0,normal_routine,0
TXN_UPI_102568,USR_4148,2025-01-05 08:52:00,45927.28,Food_Dining,DEV_IN_XRN13_058,Xiaomi Redmi Note 13,Pune,18.5204,73.8567,604.46,565.99,80.076,75.98,1,1,0.01,0.0,0.0,0,2,0.0,0.0,0,0,benign_festive_spend,0
TXN_UPI_103287,USR_4164,2025-01-05 09:03:00,15030.06,Food_Dining,DEV_IN_NEW_074,iPhone 16 Pro,Delhi,28.6139,77.209,362.58,1.0,14667.48,41.45,0,1,0.01,0.0,0.0,0,1,0.0,0.0,0,0,benign_new_device,0
TXN_UPI_102343,USR_4143,2025-01-05 09:16:00,313.77,Groceries_Daily,DEV_IN_XRN13_053,Xiaomi Redmi Note 13,Pune,18.5204,73.8567,908.64,33.83,-17.583,0.35,1,1,38.9667,0.0,0.0,0,0,0.0,0.0,0,0,normal_routine,0
TXN_UPI_100950,USR_4112,2025-01-05 09:17:00,695.72,Food_Dining,DEV_IN_SAMS23_022,Samsung Galaxy S23,Hyderabad,17.385,78.4867,806.98,519.74,-0.214,0.86,1,1,0.01,0.0,0.0,0,1,0.0,0.0,0,0,normal_routine,0
TXN_UPI_101892,USR_4133,2025-01-05 09:36:00,583.59,Groceries_Daily,DEV_IN_IPH15_043,iPhone 15,Delhi,28.6139,77.209,329.33,1.0,254.262,1.77,1,1,0.01,0.0,0.0,0,1,0.0,0.0,0,0,normal_routine,0
TXN_UPI_102522,USR_4147,2025-01-05 09:37:00,60866.32,Jewelry_Luxury,DEV_IN_XRN13_057,Xiaomi Redmi Note 13,Pune,18.5204,73.8567,68956.6,1.0,-8090.275,0.88,1,1,0.01,0.0,0.0,0,1,0.0,0.0,0,0,benign_festive_spend,0
TXN_UPI_103469,USR_4168,2025-01-05 09:49:00,996.85,Utility_Bills,DEV_IN_XRN13_078,Xiaomi Redmi Note 13,Pune,18.5204,73.8567,389.42,267.73,2.269,2.56,1,1,0.01,0.0,0.0,0,3,0.0,0.0,0,0,normal_routine,0
TXN_UPI_100766,USR_4108,2025-01-05 09:50:00,2403.83,P2P_Transfer,DEV_BURNER_17,Realme C11,Delhi,28.6139,77.209,900.0,250.0,6.015,2.67,0,1,24.0,0.0,0.0,0,0,0.0,0.0,0,1,stealth_micro_fraud,1
TXN_UPI_100857,USR_4110,2025-01-05 09:59:00,521.68,Groceries_Daily,DEV_IN_OP12_020,OnePlus 12,Jaipur,26.9124,75.7873,1926.55,1.0,-1404.863,0.27,1,1,0.01,0.0,0.0,0,1,0.0,0.0,0,0,normal_routine,0
TXN_UPI_103196,USR_4162,2025-01-05 11:26:00,1122.11,P2P_Transfer,DEV_IN_XRN13_072,Xiaomi Redmi Note 13,Bengaluru,12.9716,77.5946,900.0,250.0,0.888,1.25,1,1,24.0,0.0,0.0,0,0,0.0,0.0,0,0,normal_routine,0
TXN_UPI_103197,USR_4162,2025-01-05 11:41:00,32721.48,Gaming_Crypto,DEV_CLONE_71,Virtual Android,Lagos,6.5244,3.3792,1122.11,1.0,31599.372,29.16,0,0,0.25,8140.55,32562.22,0,1,3.0,5.11,1,1,impossible_travel_jump,1
TXN_UPI_102480,USR_4146,2025-01-05 13:16:00,44430.6,Jewelry_Luxury,DEV_IN_SAMS23_056,Samsung Galaxy S23,Hyderabad,17.385,78.4867,20946.0,35422.13,0.663,2.12,1,1,0.01,0.0,0.0,0,3,0.0,0.0,0,0,benign_festive_spend,0
TXN_UPI_100181,USR_4095,2025-01-05 13:36:00,53251.98,Food_Dining,DEV_IN_IPH15_005,iPhone 15,Kolkata,22.5726,88.3639,280.0,250.0,211.888,190.19,1,1,24.0,0.0,0.0,0,0,0.0,0.0,0,0,benign_festive_spend,0
TXN_UPI_101399,USR_4122,2025-01-05 13:36:00,396.69,Groceries_Daily,DEV_IN_XRN13_032,Xiaomi Redmi Note 13,Delhi,28.6139,77.209,15127.38,20368.42,-0.723,0.03,1,1,0.01,0.0,0.0,0,3,0.0,0.0,0,0,normal_routine,0
TXN_UPI_100813,USR_4109,2025-01-05 13:38:00,1708.47,Utility_Bills,DEV_IN_IPH15_019,iPhone 15,Pune,18.5204,73.8567,252.53,39.99,36.408,6.77,1,1,26.3167,0.0,0.0,0,0,0.0,0.0,0,0,normal_routine,0
TXN_UPI_103333,USR_4165,2025-01-05 13:38:00,475.65,Food_Dining,DEV_IN_IPH15_075,iPhone 15,Bengaluru,12.9716,77.5946,494.84,42.19,-0.455,0.96,1,1,0.01,0.0,0.0,0,2,0.0,0.0,0,0,normal_routine,0
TXN_UPI_101668,USR_4128,2025-01-05 13:44:00,1298.81,Utility_Bills,DEV_IN_SAMS23_038,Samsung Galaxy S23,Bengaluru,12.9716,77.5946,715.12,388.34,1.503,1.82,1,1,0.01,0.0,0.0,0,1,0.0,0.0,0,0,normal_routine,0
TXN_UPI_103559,USR_4170,2025-01-05 13:58:00,446.3,P2P_Transfer,DEV_IN_IPH15_080,iPhone 15,Chennai,13.0827,80.2707,11998.26,16385.19,-0.705,0.04,1,1,0.01,0.0,0.0,0,2,0.0,0.0,0,0,normal_routine,0
TXN_UPI_100721,USR_4107,2025-01-05 14:30:00,56310.99,Electronics_Gadgets,DEV_CLONE_16,Virtual Android,Lagos,6.5244,3.3792,9500.0,250.0,187.244,5.93,0,0,24.0,0.0,0.0,0,0,1.0,2.9,0,0,impossible_travel_jump,1
TXN_UPI_101713,USR_4129,2025-01-05 16:28:00,11103.38,Travel_Ticketing,DEV_IN_SAMS23_039,Samsung Galaxy S23,Jaipur,26.9124,75.7873,1009.9,132.01,76.46,10.99,1,1,0.01,1561.54,156153.6,0,1,0.0,0.0,1,0,benign_travel,0
TXN_UPI_101489,USR_4124,2025-01-05 18:00:00,1477.56,P2P_Transfer,DEV_IN_IPH15_034,iPhone 15,Kolkata,22.5726,88.3639,27081.48,25075.27,-1.021,0.05,1,1,45.75,0.0,0.0,0,2,0.0,0.0,0,0,normal_routine,0
TXN_UPI_100047,USR_4092,2025-01-05 18:11:00,1317.29,Utility_Bills,DEV_IN_OP12_002,OnePlus 12,Kolkata,22.5726,88.3639,628.9,1.0,688.393,2.09,1,1,0.01,0.0,0.0,0,1,0.0,0.0,0,0,normal_routine,0
TXN_UPI_101624,USR_4127,2025-01-05 18:22:00,586.95,Groceries_Daily,DEV_IN_XRN13_037,Xiaomi Redmi Note 13,Mumbai,19.076,72.8777,366.56,279.11,0.79,1.6,1,1,0.01,0.0,0.0,0,1,0.0,0.0,0,0,normal_routine,0
TXN_UPI_101038,USR_4114,2025-01-05 18:46:00,1063.74,P2P_Transfer,DEV_IN_SAMS23_024,Samsung Galaxy S23,Delhi,28.6139,77.209,1463.99,186.3,-2.148,0.73,1,1,0.01,0.0,0.0,0,2,0.0,0.0,0,0,normal_routine,0
TXN_UPI_102615,USR_4149,2025-01-05 18:56:00,370.81,Food_Dining,DEV_IN_SAMS23_059,Samsung Galaxy S23,Hyderabad,17.385,78.4867,8576.04,8330.28,-0.985,0.04,1,1,0.01,0.0,0.0,0,1,0.0,0.0,0,0,normal_routine,0
TXN_UPI_100543,USR_4103,2025-01-05 19:08:00,1741.38,P2P_Transfer,DEV_IN_SAMS23_013,Samsung Galaxy S23,Hyderabad,17.385,78.4867,541.32,372.09,3.225,3.22,1,1,24.0,0.0,0.0,0,2,0.0,0.0,0,0,normal_routine,0
TXN_UPI_100541,USR_4103,2025-01-05 19:10:00,169.23,Food_Dining,DEV_IN_SAMS23_013,Samsung Galaxy S23,Hyderabad,17.385,78.4867,280.0,250.0,-0.443,0.6,1,1,24.0,0.0,0.0,0,0,0.0,0.0,0,0,normal_routine,0
TXN_UPI_102703,USR_4151,2025-01-05 19:27:00,566.68,P2P_Transfer,DEV_IN_SAMS23_061,Samsung Galaxy S23,Bengaluru,12.9716,77.5946,376.66,182.6,1.041,1.5,1,1,0.01,0.0,0.0,0,2,0.0,0.0,0,0,normal_routine,0
TXN_UPI_100678,USR_4106,2025-01-05 19:35:00,227.51,Food_Dining,DEV_IN_OP12_016,OnePlus 12,Pune,18.5204,73.8567,218.89,29.76,0.29,1.04,1,1,42.1833,0.0,0.0,0,2,0.0,0.0,0,0,normal_routine,0
TXN_UPI_102434,USR_4145,2025-01-05 20:14:00,234.96,Groceries_Daily,DEV_IN_SAMS23_055,Samsung Galaxy S23,Mumbai,19.076,72.8777,22289.7,17898.33,-1.232,0.01,1,1,0.01,0.0,0.0,0,1,0.0,0.0,0,0,normal_routine,0
TXN_UPI_102704,USR_4151,2025-01-05 20:19:00,31598.92,Food_Dining,DEV_IN_SAMS23_061,Samsung Galaxy S23,Bengaluru,12.9716,77.5946,440.0,173.93,179.146,71.82,1,1,0.8667,0.0,0.0,0,3,0.0,0.0,0,0,benign_festive_spend,0
TXN_UPI_101758,USR_4130,2025-01-05 20:34:00,329.35,Food_Dining,DEV_IN_SAMS23_040,Samsung Galaxy S23,Pune,18.5204,73.8567,39255.26,39103.49,-0.995,0.01,1,1,23.5167,0.0,0.0,0,2,0.0,0.0,0,0,normal_routine,0
TXN_UPI_101982,USR_4135,2025-01-05 20:56:00,887.28,P2P_Transfer,DEV_IN_OP12_045,OnePlus 12,Bengaluru,12.9716,77.5946,630.27,1.0,257.011,1.41,1,1,12.5333,0.0,0.0,0,0,0.0,0.0,0,0,normal_routine,0
TXN_UPI_102478,USR_4146,2025-01-05 21:05:00,369.74,Food_Dining,DEV_IN_SAMS23_056,Samsung Galaxy S23,Hyderabad,17.385,78.4867,41243.83,41053.29,-0.996,0.01,1,1,0.01,0.0,0.0,0,1,0.0,0.0,0,0,normal_routine,0
TXN_UPI_100451,USR_4101,2025-01-05 21:08:00,155.84,Groceries_Daily,DEV_IN_IPH15_011,iPhone 15,Mumbai,19.076,72.8777,340.0,250.0,-0.737,0.46,1,1,24.0,0.0,0.0,0,0,0.0,0.0,0,0,normal_routine,0
TXN_UPI_103155,USR_4161,2025-01-05 21:09:00,2658.81,Utility_Bills,DEV_IN_OP12_071,OnePlus 12,Kolkata,22.5726,88.3639,1404.42,1694.47,0.74,1.89,1,1,25.45,0.0,0.0,0,4,0.0,0.0,0,0,normal_routine,0
TXN_UPI_101535,USR_4125,2025-01-05 21:14:00,1191.84,P2P_Transfer,DEV_IN_OP12_035,OnePlus 12,Pune,18.5204,73.8567,4160.64,5937.41,-0.5,0.29,1,1,0.01,0.0,0.0,0,1,0.0,0.0,0,0,normal_routine,0
TXN_UPI_101262,USR_4119,2025-01-05 21:16:00,1351.71,P2P_Transfer,DEV_IN_OP12_029,OnePlus 12,Bengaluru,12.9716,77.5946,1113.19,1.0,238.511,1.21,1,1,31.3667,0.0,0.0,0,0,0.0,0.0,0,0,normal_routine,0
TXN_UPI_102611,USR_4149,2025-01-05 21:43:00,164.1,Food_Dining,DEV_IN_SAMS23_059,Samsung Galaxy S23,Hyderabad,17.385,78.4867,280.0,250.0,-0.464,0.59,1,1,24.0,0.0,0.0,0,0,0.0,0.0,0,0,normal_routine,0
TXN_UPI_103062,USR_4159,2025-01-05 21:46:00,34087.24,Food_Dining,DEV_IN_NEW_069,Samsung Galaxy S24,Delhi,28.6139,77.209,390.38,1.0,33696.861,87.32,0,1,0.01,0.0,0.0,0,1,0.0,0.0,0,0,benign_new_device,0
TXN_UPI_100320,USR_4098,2025-01-05 21:47:00,1306.86,P2P_Transfer,DEV_IN_IPH15_008,iPhone 15,Hyderabad,17.385,78.4867,12950.04,19279.61,-0.604,0.1,1,1,0.01,0.0,0.0,0,1,0.0,0.0,0,0,normal_routine,0
TXN_UPI_100048,USR_4092,2025-01-06 00:17:00,16516.68,Travel_Ticketing,DEV_IN_OP12_002,OnePlus 12,Mumbai,19.076,72.8777,973.1,344.2,45.159,16.97,1,1,6.1,1654.84,271.29,0,2,0.0,0.0,0,0,benign_travel,0
TXN_UPI_102884,USR_4155,2025-01-06 00:27:00,16045.88,Travel_Ticketing,DEV_IN_SAMS23_065,Samsung Galaxy S23,Jaipur,26.9124,75.7873,336.25,66.93,234.727,47.72,1,1,51.9167,1095.15,21.09,0,2,0.0,0.0,0,0,benign_travel,0
TXN_UPI_101621,USR_4127,2025-01-06 03:35:00,107.2,Gaming_Crypto,DEV_BOTNET_36,Automated Script Bot,Mumbai,19.076,72.8777,700.0,250.0,-2.371,0.15,0,1,24.0,0.0,0.0,1,10,1.5,0.17,0,1,credential_stuffing_burst,1
TXN_UPI_100002,USR_4091,2025-01-06 08:37:00,1790.19,Utility_Bills,DEV_IN_IPH15_001,iPhone 15,Bengaluru,12.9716,77.5946,264.42,1.0,1525.765,6.77,1,1,61.35,0.0,0.0,0,0,0.0,0.0,0,0,normal_routine,0
TXN_UPI_102209,USR_4140,2025-01-06 08:45:00,909.87,P2P_Transfer,DEV_IN_XRN13_050,Xiaomi Redmi Note 13,Chennai,13.0827,80.2707,18338.33,25105.2,-0.694,0.05,1,1,0.01,0.0,0.0,0,3,0.0,0.0,0,0,normal_routine,0
TXN_UPI_101802,USR_4131,2025-01-06 09:10:00,450.15,P2P_Transfer,DEV_IN_OP12_041,OnePlus 12,Bengaluru,12.9716,77.5946,1281.35,1.0,-831.2,0.35,1,1,0.01,0.0,0.0,0,1,0.0,0.0,0,0,normal_routine,0
TXN_UPI_103468,USR_4168,2025-01-06 09:16:00,761.84,Groceries_Daily,DEV_IN_XRN13_078,Xiaomi Redmi Note 13,Pune,18.5204,73.8567,203.21,59.16,9.443,3.75,1,1,60.7,0.0,0.0,0,2,0.0,0.0,0,0,normal_routine,0
TXN_UPI_103335,USR_4165,2025-01-06 09:28:00,383.91,Groceries_Daily,DEV_IN_IPH15_075,iPhone 15,Bengaluru,12.9716,77.5946,1475.28,1709.54,-0.638,0.26,1,1,0.01,0.0,0.0,0,1,0.0,0.0,0,0,normal_routine,0
TXN_UPI_101398,USR_4122,2025-01-06 11:25:00,221.87,Groceries_Daily,DEV_IN_XRN13_032,Xiaomi Redmi Note 13,Delhi,28.6139,77.209,22580.14,21346.61,-1.047,0.01,1,1,64.9667,0.0,0.0,0,2,0.0,0.0,0,0,normal_routine,0
TXN_UPI_100138,USR_4094,2025-01-06 11:41:00,1292.31,Utility_Bills,DEV_IN_SAMS23_004,Samsung Galaxy S23,Bengaluru,12.9716,77.5946,641.21,230.62,2.823,2.02,1,1,85.9,0.0,0.0,0,2,0.0,0.0,0,0,normal_routine,0
TXN_UPI_100139,USR_4094,2025-01-06 11:52:00,23048.87,P2P_Transfer,DEV_CLONE_03,Virtual Android,Lagos,6.5244,3.3792,858.24,360.09,61.626,26.86,0,0,0.1833,8140.55,44403.02,0,3,3.0,4.99,1,1,impossible_travel_jump,1
TXN_UPI_102164,USR_4139,2025-01-06 11:59:00,229.26,Food_Dining,DEV_IN_OP12_049,OnePlus 12,Pune,18.5204,73.8567,614.17,287.33,-1.34,0.37,1,1,0.01,0.0,0.0,0,1,0.0,0.0,0,0,normal_routine,0
TXN_UPI_101130,USR_4116,2025-01-06 13:11:00,392.63,Food_Dining,DEV_IN_OP12_026,OnePlus 12,Hyderabad,17.385,78.4867,7539.99,12542.7,-0.57,0.05,1,1,0.01,0.0,0.0,0,1,0.0,0.0,0,0,normal_routine,0
TXN_UPI_101354,USR_4121,2025-01-06 13:28:00,715.17,P2P_Transfer,DEV_IN_OP12_031,OnePlus 12,Kolkata,22.5726,88.3639,540.95,262.0,0.665,1.32,1,1,65.15,0.0,0.0,0,3,0.0,0.0,0,0,normal_routine,0
TXN_UPI_101442,USR_4123,2025-01-06 13:32:00,935.57,Utility_Bills,DEV_IN_OP12_033,OnePlus 12,Chennai,13.0827,80.2707,204.28,1.0,731.288,4.58,1,1,0.01,0.0,0.0,0,1,0.0,0.0,0,0,normal_routine,0
TXN_UPI_102436,USR_4145,2025-01-06 13:46:00,81415.08,Electronics_Gadgets,DEV_IN_SAMS23_055,Samsung Galaxy S23,Mumbai,19.076,72.8777,13481.26,17566.83,3.867,6.04,1,1,0.01,0.0,0.0,0,3,0.0,0.0,0,0,benign_festive_spend,0
TXN_UPI_102658,USR_4150,2025-01-06 13:52:00,20287.41,Groceries_Daily,DEV_IN_NEW_060,Samsung Galaxy S24,Mumbai,19.076,72.8777,1090.97,823.7,23.305,18.6,0,1,43.45,0.0,0.0,0,2,0.0,0.0,0,0,benign_new_device,0
TXN_UPI_103422,USR_4167,2025-01-06 13:54:00,277.43,Groceries_Daily,DEV_IN_XRN13_077,Xiaomi Redmi Note 13,Hyderabad,17.385,78.4867,963.18,1.0,-685.749,0.29,1,1,67.7667,0.0,0.0,0,0,0.0,0.0,0,0,normal_routine,0
TXN_UPI_101848,USR_4132,2025-01-06 15:48:00,6982.36,Travel_Ticketing,DEV_IN_OP12_042,OnePlus 12,Goa,15.2993,74.124,873.07,192.47,31.741,8.0,1,1,0.01,520.05,52004.67,0,2,0.0,0.0,1,0,benign_travel,0
TXN_UPI_100681,USR_4106,2025-01-06 18:02:00,2018.87,Utility_Bills,DEV_IN_OP12_016,OnePlus 12,Pune,18.5204,73.8567,525.72,626.38,2.384,3.84,1,1,0.01,0.0,0.0,0,2,0.0,0.0,0,0,normal_routine,0
TXN_UPI_102026,USR_4136,2025-01-06 18:06:00,24439.08,Food_Dining,DEV_IN_SAMS23_046,Samsung Galaxy S23,Pune,18.5204,73.8567,280.0,250.0,96.636,87.28,1,1,24.0,0.0,0.0,0,0,0.0,0.0,0,0,benign_festive_spend,0
TXN_UPI_102479,USR_4146,2025-01-06 18:17:00,926.61,P2P_Transfer,DEV_IN_SAMS23_056,Samsung Galaxy S23,Hyderabad,17.385,78.4867,27619.14,38663.25,-0.69,0.03,1,1,21.2,0.0,0.0,0,2,0.0,0.0,0,0,normal_routine,0
TXN_UPI_102973,USR_4157,2025-01-06 18:40:00,1696.97,Utility_Bills,DEV_IN_SAMS23_067,Samsung Galaxy S23,Jaipur,26.9124,75.7873,644.3,453.36,2.322,2.63,1,1,0.01,0.0,0.0,0,1,0.0,0.0,0,0,normal_routine,0
TXN_UPI_101984,USR_4135,2025-01-06 18:46:00,149.82,Food_Dining,DEV_IN_OP12_045,OnePlus 12,Bengaluru,12.9716,77.5946,613.06,231.25,-2.003,0.24,1,1,0.01,0.0,0.0,0,1,0.0,0.0,0,0,normal_routine,0
TXN_UPI_100992,USR_4113,2025-01-06 19:03:00,707.79,Groceries_Daily,DEV_IN_OP12_023,OnePlus 12,Delhi,28.6139,77.209,672.89,1.0,34.894,1.05,1,1,120.5667,0.0,0.0,0,0,0.0,0.0,0,0,normal_routine,0
TXN_UPI_100545,USR_4103,2025-01-06 19:04:00,263.31,Food_Dining,DEV_IN_SAMS23_013,Samsung Galaxy S23,Hyderabad,17.385,78.4867,900.79,560.52,-1.137,0.29,1,1,0.01,0.0,0.0,0,1,0.0,0.0,0,0,normal_routine,0
TXN_UPI_102208,USR_4140,2025-01-06 19:04:00,821.63,Utility_Bills,DEV_IN_XRN13_050,Xiaomi Redmi Note 13,Chennai,13.0827,80.2707,27096.68,26744.73,-0.982,0.03,1,1,71.3833,0.0,0.0,0,2,0.0,0.0,0,0,normal_routine,0
TXN_UPI_100316,USR_4098,2025-01-06 19:05:00,326.65,Food_Dining,DEV_IN_IPH15_008,iPhone 15,Hyderabad,17.385,78.4867,280.0,250.0,0.187,1.17,1,1,24.0,0.0,0.0,0,0,0.0,0.0,0,0,normal_routine,0
TXN_UPI_103424,USR_4167,2025-01-06 19:40:00,35331.54,Electronics_Gadgets,DEV_IN_XRN13_077,Xiaomi Redmi Note 13,Hyderabad,17.385,78.4867,2227.25,2289.73,14.458,15.86,1,1,42.2833,0.0,0.0,0,0,0.0,0.0,0,0,benign_festive_spend,0
TXN_UPI_102975,USR_4157,2025-01-06 19:52:00,581.98,Groceries_Daily,DEV_IN_SAMS23_067,Samsung Galaxy S23,Jaipur,26.9124,75.7873,872.22,576.91,-0.503,0.67,1,1,0.01,0.0,0.0,0,1,0.0,0.0,0,0,normal_routine,0
TXN_UPI_102254,USR_4141,2025-01-06 19:57:00,658.6,Groceries_Daily,DEV_IN_OP12_051,OnePlus 12,Hyderabad,17.385,78.4867,471.35,180.12,1.04,1.4,1,1,58.7,0.0,0.0,0,3,0.0,0.0,0,0,normal_routine,0
TXN_UPI_102435,USR_4145,2025-01-06 20:17:00,302.21,Groceries_Daily,DEV_IN_SAMS23_055,Samsung Galaxy S23,Mumbai,19.076,72.8777,16776.02,18206.18,-0.905,0.02,1,1,24.05,0.0,0.0,0,2,0.0,0.0,0,0,normal_routine,0
TXN_UPI_100005,USR_4091,2025-01-06 20:18:00,201.6,Food_Dining,DEV_IN_IPH15_001,iPhone 15,Bengaluru,12.9716,77.5946,647.56,663.34,-0.672,0.31,1,1,54.3333,0.0,0.0,0,2,0.0,0.0,0,0,normal_routine,0
TXN_UPI_103378,USR_4166,2025-01-06 20:21:00,1833.54,Utility_Bills,DEV_IN_SAMS23_076,Samsung Galaxy S23,Bengaluru,12.9716,77.5946,4387.34,3323.22,-0.768,0.42,1,1,66.6167,454.99,6.83,0,2,0.0,0.0,0,0,normal_routine,0
TXN_UPI_103153,USR_4161,2025-01-06 20:27:00,207.59,Food_Dining,DEV_IN_OP12_071,OnePlus 12,Kolkata,22.5726,88.3639,568.75,463.41,-0.779,0.36,1,1,0.01,0.0,0.0,0,2,0.0,0.0,0,0,normal_routine,0
TXN_UPI_103376,USR_4166,2025-01-06 20:27:00,1064.13,P2P_Transfer,DEV_IN_SAMS23_076,Samsung Galaxy S23,Bengaluru,12.9716,77.5946,900.0,250.0,0.657,1.18,1,1,24.0,0.0,0.0,0,0,0.0,0.0,0,0,normal_routine,0
TXN_UPI_100093,USR_4093,2025-01-06 20:29:00,355.91,P2P_Transfer,DEV_IN_IPH15_003,iPhone 15,Mumbai,19.076,72.8777,720.72,226.43,-1.611,0.49,1,1,0.01,0.0,0.0,0,2,0.0,0.0,0,0,normal_routine,0
TXN_UPI_102612,USR_4149,2025-01-06 20:36:00,17328.4,Jewelry_Luxury,DEV_IN_SAMS23_059,Samsung Galaxy S23,Hyderabad,17.385,78.4867,164.1,1.0,17164.293,105.59,1,1,22.8833,0.0,0.0,0,0,0.0,0.0,0,0,benign_festive_spend,0
TXN_UPI_103152,USR_4161,2025-01-06 20:37:00,1032.16,Utility_Bills,DEV_IN_OP12_071,OnePlus 12,Kolkata,22.5726,88.3639,105.34,1.0,926.827,9.8,1,1,0.01,0.0,0.0,0,1,0.0,0.0,0,0,normal_routine,0
TXN_UPI_101400,USR_4122,2025-01-06 20:40:00,725.42,P2P_Transfer,DEV_IN_XRN13_032,Xiaomi Redmi Note 13,Delhi,28.6139,77.209,11444.71,18757.41,-0.571,0.06,1,1,31.0667,0.0,0.0,0,4,0.0,0.0,0,0,normal_routine,0
TXN_UPI_102526,USR_4147,2025-01-06 20:40:00,740.85,P2P_Transfer,DEV_IN_XRN13_057,Xiaomi Redmi Note 13,Pune,18.5204,73.8567,26507.52,31461.79,-0.819,0.03,1,1,0.01,0.0,0.0,0,1,0.0,0.0,0,0,normal_routine,0
TXN_UPI_101847,USR_4132,2025-01-06 20:50:00,1065.54,P2P_Transfer,DEV_IN_OP12_042,OnePlus 12,Hyderabad,17.385,78.4867,680.6,1.0,384.942,1.57,1,1,0.01,0.0,0.0,0,1,0.0,0.0,0,0,normal_routine,0
TXN_UPI_100861,USR_4110,2025-01-06 21:08:00,618.26,Food_Dining,DEV_IN_OP12_020,OnePlus 12,Jaipur,26.9124,75.7873,764.18,591.37,-0.247,0.81,1,1,0.01,0.0,0.0,0,2,0.0,0.0,0,0,normal_routine,0
TXN_UPI_100771,USR_4108,2025-01-06 21:31:00,8475.15,Food_Dining,DEV_IN_NEW_018,iPhone 16 Pro,Delhi,28.6139,77.209,16283.65,19386.24,-0.403,0.52,0,1,0.01,0.0,0.0,0,3,0.0,0.0,0,0,benign_new_device,0
TXN_UPI_100092,USR_4093,2025-01-06 21:46:00,494.3,Groceries_Daily,DEV_IN_IPH15_003,iPhone 15,Mumbai,19.076,72.8777,947.15,1.0,-452.851,0.52,1,1,0.01,0.0,0.0,0,1,0.0,0.0,0,0,normal_routine,0
TXN_UPI_101531,USR_4125,2025-01-06 22:04:00,14422.19,Travel_Ticketing,DEV_IN_OP12_035,OnePlus 12,Mumbai,19.076,72.8777,3200.0,250.0,44.889,4.51,1,1,24.0,0.0,0.0,0,0,0.0,0.0,0,0,benign_travel,0
TXN_UPI_101084,USR_4115,2025-01-07 01:00:00,14770.04,Travel_Ticketing,DEV_IN_XRN13_025,Xiaomi Redmi Note 13,Mumbai,19.076,72.8777,781.14,347.39,40.269,18.91,1,1,0.01,845.32,84531.84,1,1,0.0,0.0,1,0,benign_travel,0
TXN_UPI_100725,USR_4107,2025-01-07 01:36:00,9202.36,Travel_Ticketing,DEV_IN_OP12_017,OnePlus 12,Delhi,28.6139,77.209,24309.7,24005.07,-0.629,0.38,1,1,0.01,1755.8,175579.74,1,1,0.0,0.0,1,0,benign_travel,0
TXN_UPI_102613,USR_4149,2025-01-07 02:30:00,16472.79,Travel_Ticketing,DEV_IN_SAMS23_059,Samsung Galaxy S23,Goa,15.2993,74.124,8746.25,8582.15,0.9,1.88,1,1,5.9,520.05,88.14,1,0,0.0,0.0,0,0,benign_travel,0
TXN_UPI_100186,USR_4095,2025-01-07 03:17:00,3854.18,Utility_Bills,DEV_IN_IPH15_005,iPhone 15,Kolkata,22.5726,88.3639,37080.63,32112.1,-1.035,0.1,1,1,0.01,0.0,0.0,1,1,0.0,0.0,0,0,emergency_nocturnal_legit,0
TXN_UPI_102841,USR_4154,2025-01-07 08:07:00,809.38,P2P_Transfer,DEV_IN_IPH15_064,iPhone 15,Chennai,13.0827,80.2707,11148.96,15278.41,-0.677,0.07,1,1,0.01,1755.8,175579.74,0,1,0.0,0.0,1,0,normal_routine,0
TXN_UPI_102476,USR_4146,2025-01-07 08:10:00,82297.12,Electronics_Gadgets,DEV_IN_SAMS23_056,Samsung Galaxy S23,Hyderabad,17.385,78.4867,9500.0,250.0,291.188,8.66,1,1,24.0,0.0,0.0,0,0,0.0,0.0,0,0,benign_festive_spend,0
TXN_UPI_102570,USR_4148,2025-01-07 08:40:00,198.64,Food_Dining,DEV_IN_XRN13_058,Xiaomi Redmi Note 13,Pune,18.5204,73.8567,12113.02,19528.94,-0.61,0.02,1,1,0.01,0.0,0.0,0,1,0.0,0.0,0,0,normal_routine,0
TXN_UPI_102251,USR_4141,2025-01-07 09:00:00,724.83,P2P_Transfer,DEV_IN_OP12_051,OnePlus 12,Hyderabad,17.385,78.4867,900.0,250.0,-0.701,0.81,1,1,24.0,0.0,0.0,0,0,0.0,0.0,0,0,normal_routine,0
TXN_UPI_100589,USR_4104,2025-01-07 09:03:00,1369.17,Utility_Bills,DEV_IN_OP12_014,OnePlus 12,Mumbai,19.076,72.8777,5756.2,6908.28,-0.635,0.24,1,1,0.01,0.0,0.0,0,1,0.0,0.0,0,0,normal_routine,0
TXN_UPI_100770,USR_4108,2025-01-07 09:04:00,2041.29,P2P_Transfer,DEV_IN_IPH15_018,iPhone 15,Delhi,28.6139,77.209,19844.24,20159.21,-0.883,0.1,1,1,0.01,0.0,0.0,0,2,0.0,0.0,0,0,normal_routine,0
TXN_UPI_103108,USR_4160,2025-01-07 09:15:00,12323.94,Electronics_Gadgets,DEV_IN_NEW_070,Samsung Galaxy S24,Chennai,13.0827,80.2707,7720.18,7108.65,0.648,1.6,0,1,114.8833,1033.1,8.99,0,2,0.0,0.0,0,0,benign_new_device,0
TXN_UPI_101216,USR_4118,2025-01-07 09:36:00,297.7,Groceries_Daily,DEV_IN_IPH15_028,iPhone 15,Hyderabad,17.385,78.4867,340.0,250.0,-0.169,0.88,1,1,24.0,0.0,0.0,0,0,0.0,0.0,0,0,normal_routine,0
TXN_UPI_100682,USR_4106,2025-01-07 09:52:00,353.43,P2P_Transfer,DEV_IN_OP12_016,OnePlus 12,Pune,18.5204,73.8567,774.58,797.88,-0.528,0.46,1,1,15.8333,0.0,0.0,0,3,0.0,0.0,0,0,normal_routine,0
TXN_UPI_101942,USR_4134,2025-01-07 11:14:00,292.89,Groceries_Daily,DEV_IN_OP12_044,OnePlus 12,Chennai,13.0827,80.2707,10506.4,15127.27,-0.675,0.03,1,1,0.01,1607.1,160709.92,0,2,0.0,0.0,1,0,normal_routine,0
TXN_UPI_102614,USR_4149,2025-01-07 11:17:00,338.85,Food_Dining,DEV_IN_SAMS23_059,Samsung Galaxy S23,Hyderabad,17.385,78.4867,11321.76,7897.39,-1.391,0.03,1,1,8.7833,520.05,59.21,0,0,0.0,0.0,0,0,normal_routine,0
TXN_UPI_102887,USR_4155,2025-01-07 11:26:00,462.42,P2P_Transfer,DEV_IN_SAMS23_065,Samsung Galaxy S23,Hyderabad,17.385,78.4867,2985.21,5841.26,-0.432,0.15,1,1,0.01,0.0,0.0,0,2,0.0,0.0,0,0,normal_routine,0
TXN_UPI_100361,USR_4099,2025-01-07 11:34:00,421.02,Food_Dining,DEV_IN_XRN13_009,Xiaomi Redmi Note 13,Mumbai,19.076,72.8777,280.0,250.0,0.564,1.5,1,1,24.0,0.0,0.0,0,0,0.0,0.0,0,0,normal_routine,0
TXN_UPI_102838,USR_4154,2025-01-07 11:47:00,39527.04,Food_Dining,DEV_IN_IPH15_064,iPhone 15,Chennai,13.0827,80.2707,365.47,44.22,885.629,108.15,1,1,117.85,0.0,0.0,0,2,0.0,0.0,0,0,benign_festive_spend,0
TXN_UPI_103242,USR_4163,2025-01-07 11:49:00,472.71,Groceries_Daily,DEV_IN_XRN13_073,Xiaomi Redmi Note 13,Chennai,13.0827,80.2707,746.19,1.0,-273.481,0.63,1,1,135.4833,0.0,0.0,0,0,0.0,0.0,0,0,normal_routine,0
TXN_UPI_100276,USR_4097,2025-01-07 11:51:00,510.55,P2P_Transfer,DEV_IN_XRN13_007,Xiaomi Redmi Note 13,Delhi,28.6139,77.209,2696.28,4695.43,-0.466,0.19,1,1,0.01,0.0,0.0,0,4,0.0,0.0,0,0,normal_routine,0
TXN_UPI_102302,USR_4142,2025-01-07 13:34:00,297.86,Groceries_Daily,DEV_IN_IPH15_052,iPhone 15,Hyderabad,17.385,78.4867,698.37,445.75,-0.899,0.43,1,1,0.01,0.0,0.0,0,3,0.0,0.0,0,0,normal_routine,0
TXN_UPI_103512,USR_4169,2025-01-07 13:39:00,1354.34,Utility_Bills,DEV_IN_IPH15_079,iPhone 15,Kolkata,22.5726,88.3639,986.82,1.0,367.523,1.37,1,1,64.7833,0.0,0.0,0,0,0.0,0.0,0,0,normal_routine,0
TXN_UPI_101627,USR_4127,2025-01-07 13:41:00,408.94,Groceries_Daily,DEV_IN_XRN13_037,Xiaomi Redmi Note 13,Mumbai,19.076,72.8777,9049.6,18881.82,-0.458,0.05,1,1,0.01,0.0,0.0,0,4,0.0,0.0,0,0,normal_routine,0
TXN_UPI_103291,USR_4164,2025-01-07 13:41:00,605.04,Utility_Bills,DEV_IN_IPH15_074,iPhone 15,Delhi,28.6139,77.209,3505.9,5765.32,-0.503,0.17,1,1,0.01,0.0,0.0,0,1,0.0,0.0,0,0,normal_routine,0
TXN_UPI_102301,USR_4142,2025-01-07 13:53:00,237.59,Groceries_Daily,DEV_IN_IPH15_052,iPhone 15,Hyderabad,17.385,78.4867,790.53,432.98,-1.277,0.3,1,1,0.01,0.0,0.0,0,2,0.0,0.0,0,0,normal_routine,0
TXN_UPI_100769,USR_4108,2025-01-07 13:59:00,50905.83,Electronics_Gadgets,DEV_IN_IPH15_018,iPhone 15,Delhi,28.6139,77.209,9490.38,10632.44,3.895,5.36,1,1,0.01,0.0,0.0,0,1,0.0,0.0,0,0,benign_festive_spend,0
TXN_UPI_102791,USR_4153,2025-01-07 14:25:00,19313.5,Gaming_Crypto,DEV_CLONE_62,Virtual Android,Lagos,6.5244,3.3792,700.0,250.0,74.454,27.59,0,0,24.0,0.0,0.0,0,0,1.0,5.03,0,1,impossible_travel_jump,1
TXN_UPI_102795,USR_4153,2025-01-07 18:13:00,2562.36,Utility_Bills,DEV_IN_XRN13_063,Xiaomi Redmi Note 13,Mumbai,19.076,72.8777,21137.0,22236.5,-0.835,0.12,1,1,0.01,1148.09,114809.49,0,1,0.0,0.0,1,0,normal_routine,0
TXN_UPI_103020,USR_4158,2025-01-07 18:33:00,124.21,Food_Dining,DEV_IN_SAMS23_068,Samsung Galaxy S23,Jaipur,26.9124,75.7873,1096.16,356.91,-2.723,0.11,1,1,0.01,0.0,0.0,0,1,0.0,0.0,0,0,normal_routine,0
TXN_UPI_102432,USR_4145,2025-01-07 18:36:00,45155.47,Electronics_Gadgets,DEV_IN_SAMS23_055,Samsung Galaxy S23,Mumbai,19.076,72.8777,1455.07,1.0,43700.396,31.03,1,1,77.2,0.0,0.0,0,0,0.0,0.0,0,0,benign_festive_spend,0
TXN_UPI_101041,USR_4114,2025-01-07 18:59:00,188.56,Food_Dining,DEV_IN_SAMS23_024,Samsung Galaxy S23,Delhi,28.6139,77.209,1144.57,509.19,-1.878,0.16,1,1,0.01,0.0,0.0,0,2,0.0,0.0,0,0,normal_routine,0
TXN_UPI_102298,USR_4142,2025-01-07 19:02:00,298.95,Food_Dining,DEV_IN_IPH15_052,iPhone 15,Hyderabad,17.385,78.4867,670.21,425.15,-0.873,0.45,1,1,0.01,0.0,0.0,0,1,0.0,0.0,0,0,normal_routine,0
TXN_UPI_101846,USR_4132,2025-01-07 19:03:00,680.6,P2P_Transfer,DEV_IN_OP12_042,OnePlus 12,Hyderabad,17.385,78.4867,900.0,250.0,-0.878,0.76,1,1,24.0,0.0,0.0,0,0,0.0,0.0,0,0,normal_routine,0
TXN_UPI_100230,USR_4096,2025-01-07 19:43:00,257.69,P2P_Transfer,DEV_IN_SAMS23_006,Samsung Galaxy S23,Jaipur,26.9124,75.7873,1042.64,475.51,-1.651,0.25,1,1,0.01,0.0,0.0,0,1,0.0,0.0,0,0,normal_routine,0
TXN_UPI_102297,USR_4142,2025-01-07 19:52:00,245.06,Food_Dining,DEV_IN_IPH15_052,iPhone 15,Hyderabad,17.385,78.4867,1095.35,1.0,-850.293,0.22,1,1,120.1333,0.0,0.0,0,0,0.0,0.0,0,0,normal_routine,0
TXN_UPI_103427,USR_4167,2025-01-07 20:15:00,1107.69,P2P_Transfer,DEV_IN_XRN13_077,Xiaomi Redmi Note 13,Hyderabad,17.385,78.4867,7381.31,12614.16,-0.497,0.15,1,1,0.01,0.0,0.0,0,2,0.0,0.0,0,0,normal_routine,0
TXN_UPI_101171,USR_4117,2025-01-07 20:36:00,185.27,Food_Dining,DEV_IN_SAMS23_027,Samsung Galaxy S23,Kolkata,22.5726,88.3639,280.0,250.0,-0.379,0.66,1,1,24.0,0.0,0.0,0,0,0.0,0.0,0,0,normal_routine,0
TXN_UPI_101801,USR_4131,2025-01-07 20:38:00,1281.35,P2P_Transfer,DEV_IN_OP12_041,OnePlus 12,Bengaluru,12.9716,77.5946,900.0,250.0,1.525,1.42,1,1,24.0,0.0,0.0,0,0,0.0,0.0,0,0,normal_routine,0
TXN_UPI_100856,USR_4110,2025-01-07 20:51:00,1926.55,P2P_Transfer,DEV_BURNER_19,Xiaomi Redmi 9A,Jaipur,26.9124,75.7873,900.0,250.0,4.106,2.14,0,1,24.0,0.0,0.0,0,0,0.0,0.0,0,1,stealth_micro_fraud,1
TXN_UPI_101666,USR_4128,2025-01-07 20:56:00,326.79,Groceries_Daily,DEV_IN_SAMS23_038,Samsung Galaxy S23,Bengaluru,12.9716,77.5946,340.0,250.0,-0.053,0.96,1,1,24.0,0.0,0.0,0,0,0.0,0.0,0,0,normal_routine,0
TXN_UPI_100587,USR_4104,2025-01-07 21:01:00,1179.81,Utility_Bills,DEV_IN_OP12_014,OnePlus 12,Mumbai,19.076,72.8777,15519.62,1.0,-14339.815,0.08,1,1,0.01,440.32,44031.54,0,1,0.0,0.0,1,0,normal_routine,0
TXN_UPI_101356,USR_4121,2025-01-07 21:01:00,607.96,Utility_Bills,DEV_IN_OP12_031,OnePlus 12,Kolkata,22.5726,88.3639,639.56,240.55,-0.131,0.95,1,1,0.01,0.0,0.0,0,5,0.0,0.0,0,0,normal_routine,0
TXN_UPI_102257,USR_4141,2025-01-07 21:15:00,172.17,Groceries_Daily,DEV_IN_OP12_051,OnePlus 12,Hyderabad,17.385,78.4867,621.61,248.89,-1.806,0.28,1,1,0.01,0.0,0.0,0,1,0.0,0.0,0,0,normal_routine,0
TXN_UPI_103332,USR_4165,2025-01-07 21:19:00,537.03,Food_Dining,DEV_IN_IPH15_075,iPhone 15,Bengaluru,12.9716,77.5946,452.64,1.0,84.387,1.19,1,1,0.01,0.0,0.0,0,1,0.0,0.0,0,0,normal_routine,0
TXN_UPI_102075,USR_4137,2025-01-07 21:24:00,16774.96,Food_Dining,DEV_IN_OP12_047,OnePlus 12,Hyderabad,17.385,78.4867,33438.3,34458.17,-0.484,0.5,1,1,0.01,0.0,0.0,0,1,0.0,0.0,0,0,benign_festive_spend,0
TXN_UPI_101443,USR_4123,2025-01-07 21:30:00,288.23,Food_Dining,DEV_IN_OP12_033,OnePlus 12,Chennai,13.0827,80.2707,569.93,365.64,-0.77,0.51,1,1,31.9667,0.0,0.0,0,2,0.0,0.0,0,0,normal_routine,0
TXN_UPI_102930,USR_4156,2025-01-07 21:32:00,984.46,P2P_Transfer,DEV_IN_SAMS23_066,Samsung Galaxy S23,Jaipur,26.9124,75.7873,3937.59,5697.79,-0.518,0.25,1,1,0.01,0.0,0.0,0,1,0.0,0.0,0,0,normal_routine,0
TXN_UPI_101897,USR_4133,2025-01-07 21:41:00,188.11,Food_Dining,DEV_IN_IPH15_043,iPhone 15,Delhi,28.6139,77.209,5253.98,10964.01,-0.462,0.04,1,1,0.01,0.0,0.0,0,1,0.0,0.0,0,0,normal_routine,0
TXN_UPI_102388,USR_4144,2025-01-08 01:45:00,3544.19,P2P_Transfer,DEV_IN_OP12_054,OnePlus 12,Jaipur,26.9124,75.7873,591.04,230.73,12.799,6.0,1,1,125.9167,0.0,0.0,1,0,0.0,0.0,0,0,emergency_nocturnal_legit,0
TXN_UPI_100997,USR_4113,2025-01-08 02:06:00,631.32,P2P_Transfer,DEV_IN_OP12_023,OnePlus 12,Delhi,28.6139,77.209,3215.51,6194.1,-0.417,0.2,1,1,0.01,1148.09,114809.49,1,2,0.0,0.0,1,0,emergency_nocturnal_legit,0
TXN_UPI_103109,USR_4160,2025-01-08 03:53:00,3927.58,Travel_Ticketing,DEV_IN_OP12_070,OnePlus 12,Goa,15.2993,74.124,9254.77,6196.65,-0.86,0.42,1,1,18.6333,706.92,37.94,1,3,0.0,0.0,0,0,benign_travel,0
TXN_UPI_102072,USR_4137,2025-01-08 08:00:00,1141.81,P2P_Transfer,DEV_IN_OP12_047,OnePlus 12,Hyderabad,17.385,78.4867,2978.45,1.0,-1836.647,0.38,1,1,84.3167,0.0,0.0,0,0,0.0,0.0,0,0,normal_routine,0
TXN_UPI_103556,USR_4170,2025-01-08 08:16:00,35170.3,Food_Dining,DEV_IN_IPH15_080,iPhone 15,Chennai,13.0827,80.2707,280.0,250.0,139.561,125.61,1,1,24.0,0.0,0.0,0,0,0.0,0.0,0,0,benign_festive_spend,0
TXN_UPI_103336,USR_4165,2025-01-08 08:18:00,75411.77,Jewelry_Luxury,DEV_IN_IPH15_075,iPhone 15,Bengaluru,12.9716,77.5946,1257.01,1590.15,46.634,59.99,1,1,46.8333,0.0,0.0,0,2,0.0,0.0,0,0,benign_festive_spend,0
TXN_UPI_103288,USR_4164,2025-01-08 08:20:00,552.35,Groceries_Daily,DEV_IN_IPH15_074,iPhone 15,Delhi,28.6139,77.209,7696.32,7333.74,-0.974,0.07,1,1,71.2833,0.0,0.0,0,2,0.0,0.0,0,0,normal_routine,0
TXN_UPI_103331,USR_4165,2025-01-08 08:29:00,452.64,P2P_Transfer,DEV_IN_IPH15_075,iPhone 15,Bengaluru,12.9716,77.5946,900.0,250.0,-1.789,0.5,1,1,24.0,0.0,0.0,0,0,0.0,0.0,0,0,normal_routine,0
TXN_UPI_103383,USR_4166,2025-01-08 09:17:00,16913.27,Food_Dining,DEV_IN_NEW_076,Samsung Galaxy S24,Bengaluru,12.9716,77.5946,8004.02,15134.21,0.589,2.11,0,1,0.01,0.0,0.0,0,3,0.0,0.0,0,0,benign_new_device,0
TXN_UPI_100094,USR_4093,2025-01-08 09:22:00,1091.16,Utility_Bills,DEV_IN_IPH15_003,iPhone 15,Mumbai,19.076,72.8777,599.12,252.49,1.949,1.82,1,1,36.8833,0.0,0.0,0,3,0.0,0.0,0,0,normal_routine,0
TXN_UPI_102797,USR_4153,2025-01-08 09:29:00,1601.68,Utility_Bills,DEV_IN_XRN13_063,Xiaomi Redmi Note 13,Mumbai,19.076,72.8777,15597.21,19806.42,-0.707,0.1,1,1,0.01,0.0,0.0,0,1,0.0,0.0,0,0,normal_routine,0
TXN_UPI_103106,USR_4160,2025-01-08 09:39:00,611.53,Food_Dining,DEV_IN_OP12_070,OnePlus 12,Chennai,13.0827,80.2707,280.0,250.0,1.326,2.18,1,1,24.0,0.0,0.0,0,0,0.0,0.0,0,0,normal_routine,0
TXN_UPI_100136,USR_4094,2025-01-08 09:41:00,871.83,Utility_Bills,DEV_IN_SAMS23_004,Samsung Galaxy S23,Bengaluru,12.9716,77.5946,1100.0,250.0,-0.913,0.79,1,1,24.0,0.0,0.0,0,0,0.0,0.0,0,0,normal_routine,0
TXN_UPI_102433,USR_4145,2025-01-08 09:50:00,20258.56,Jewelry_Luxury,DEV_IN_SAMS23_055,Samsung Galaxy S23,Mumbai,19.076,72.8777,23305.27,21850.2,-0.139,0.87,1,1,15.2333,0.0,0.0,0,0,0.0,0.0,0,0,benign_festive_spend,0
TXN_UPI_101576,USR_4126,2025-01-08 09:59:00,28936.62,Groceries_Daily,DEV_IN_NEW_036,Samsung Galaxy S24,Chennai,13.0827,80.2707,340.0,250.0,114.386,85.11,0,1,24.0,0.0,0.0,0,0,0.0,0.0,0,0,benign_new_device,0
TXN_UPI_100636,USR_4105,2025-01-08 11:21:00,1092.33,Utility_Bills,DEV_IN_SAMS23_015,Samsung Galaxy S23,Mumbai,19.076,72.8777,2136.35,2362.58,-0.442,0.51,1,1,0.01,0.0,0.0,0,1,0.0,0.0,0,0,normal_routine,0
TXN_UPI_100680,USR_4106,2025-01-08 11:25:00,1777.58,Utility_Bills,DEV_IN_OP12_016,OnePlus 12,Pune,18.5204,73.8567,212.75,26.44,59.194,8.36,1,1,0.01,0.0,0.0,0,1,0.0,0.0,0,0,normal_routine,0
TXN_UPI_100772,USR_4108,2025-01-08 11:28:00,1525.33,Utility_Bills,DEV_IN_IPH15_018,iPhone 15,Delhi,28.6139,77.209,14982.23,17934.8,-0.75,0.1,1,1,37.95,0.0,0.0,0,4,0.0,0.0,0,0,normal_routine,0
TXN_UPI_103470,USR_4168,2025-01-08 11:35:00,241.16,Food_Dining,DEV_IN_XRN13_078,Xiaomi Redmi Note 13,Pune,18.5204,73.8567,541.28,350.63,-0.856,0.45,1,1,73.7667,0.0,0.0,0,4,0.0,0.0,0,0,normal_routine,0
TXN_UPI_101625,USR_4127,2025-01-08 11:38:00,1349.79,P2P_Transfer,DEV_IN_XRN13_037,Xiaomi Redmi Note 13,Mumbai,19.076,72.8777,421.66,259.87,3.571,3.2,1,1,65.2667,0.0,0.0,0,2,0.0,0.0,0,0,normal_routine,0
TXN_UPI_100994,USR_4113,2025-01-08 11:43:00,121.75,Food_Dining,DEV_IN_OP12_023,OnePlus 12,Delhi,28.6139,77.209,554.06,193.26,-2.237,0.22,1,1,118.1167,0.0,0.0,0,0,0.0,0.0,0,0,normal_routine,0
TXN_UPI_101711,USR_4129,2025-01-08 13:21:00,1141.91,P2P_Transfer,DEV_IN_SAMS23_039,Samsung Galaxy S23,Bengaluru,12.9716,77.5946,900.0,250.0,0.968,1.27,1,1,24.0,0.0,0.0,0,0,0.0,0.0,0,0,normal_routine,0
TXN_UPI_100411,USR_4100,2025-01-08 13:29:00,1085.93,P2P_Transfer,DEV_IN_OP12_010,OnePlus 12,Pune,18.5204,73.8567,10801.77,20482.83,-0.474,0.1,1,1,0.01,0.0,0.0,0,1,0.0,0.0,0,0,normal_routine,0
TXN_UPI_103558,USR_4170,2025-01-08 13:30:00,348.09,Food_Dining,DEV_IN_IPH15_080,iPhone 15,Chennai,13.0827,80.2707,17823.35,17346.95,-1.007,0.02,1,1,0.01,0.0,0.0,0,1,0.0,0.0,0,0,normal_routine,0
TXN_UPI_100142,USR_4094,2025-01-08 13:36:00,249.56,Groceries_Daily,DEV_IN_SAMS23_004,Samsung Galaxy S23,Bengaluru,12.9716,77.5946,4616.53,8256.68,-0.529,0.05,1,1,0.01,0.0,0.0,0,1,0.0,0.0,0,0,normal_routine,0
TXN_UPI_102483,USR_4146,2025-01-08 13:42:00,1458.59,P2P_Transfer,DEV_IN_SAMS23_056,Samsung Galaxy S23,Hyderabad,17.385,78.4867,26802.4,31907.68,-0.794,0.05,1,1,0.01,0.0,0.0,0,2,0.0,0.0,0,0,normal_routine,0
TXN_UPI_101175,USR_4117,2025-01-08 13:57:00,3220.49,Food_Dining,DEV_IN_NEW_027,Samsung Galaxy S24,Kolkata,22.5726,88.3639,627.31,459.28,5.646,5.13,0,1,0.01,0.0,0.0,0,1,0.0,0.0,0,0,benign_new_device,0
TXN_UPI_102702,USR_4151,2025-01-08 18:11:00,194.06,P2P_Transfer,DEV_BURNER_60,Xiaomi Redmi 9A,Bengaluru,12.9716,77.5946,559.26,1.0,-365.195,0.35,0,1,0.01,0.0,0.0,0,1,0.0,0.0,0,1,stealth_micro_fraud,1
TXN_UPI_100676,USR_4106,2025-01-08 18:19:00,248.65,Food_Dining,DEV_IN_OP12_016,OnePlus 12,Pune,18.5204,73.8567,280.0,250.0,-0.125,0.89,1,1,24.0,0.0,0.0,0,0,0.0,0.0,0,0,normal_routine,0
TXN_UPI_101891,USR_4133,2025-01-08 18:29:00,329.33,Groceries_Daily,DEV_IN_IPH15_043,iPhone 15,Delhi,28.6139,77.209,340.0,250.0,-0.043,0.97,1,1,24.0,0.0,0.0,0,0,0.0,0.0,0,0,normal_routine,0
TXN_UPI_103202,USR_4162,2025-01-08 18:36:00,475.11,P2P_Transfer,DEV_IN_XRN13_072,Xiaomi Redmi Note 13,Bengaluru,12.9716,77.5946,10899.34,13985.0,-0.745,0.04,1,1,0.01,0.0,0.0,0,1,0.0,0.0,0,0,normal_routine,0
TXN_UPI_102166,USR_4139,2025-01-08 18:58:00,360.16,Food_Dining,DEV_IN_OP12_049,OnePlus 12,Pune,18.5204,73.8567,540.45,271.63,-0.664,0.67,1,1,0.01,0.0,0.0,0,1,0.0,0.0,0,0,normal_routine,0
TXN_UPI_103428,USR_4167,2025-01-08 19:03:00,1134.31,P2P_Transfer,DEV_IN_XRN13_077,Xiaomi Redmi Note 13,Hyderabad,17.385,78.4867,6485.08,11882.99,-0.45,0.17,1,1,22.8,0.0,0.0,0,3,0.0,0.0,0,0,normal_routine,0
TXN_UPI_103286,USR_4164,2025-01-08 19:05:00,362.58,Groceries_Daily,DEV_IN_IPH15_074,iPhone 15,Delhi,28.6139,77.209,340.0,250.0,0.09,1.07,1,1,24.0,0.0,0.0,0,0,0.0,0.0,0,0,normal_routine,0
TXN_UPI_101537,USR_4125,2025-01-08 19:07:00,1592.58,Utility_Bills,DEV_IN_OP12_035,OnePlus 12,Pune,18.5204,73.8567,3016.27,5117.9,-0.278,0.53,1,1,0.01,0.0,0.0,0,3,0.0,0.0,0,0,normal_routine,0
TXN_UPI_102708,USR_4151,2025-01-08 19:12:00,718.82,Utility_Bills,DEV_IN_SAMS23_061,Samsung Galaxy S23,Bengaluru,12.9716,77.5946,6630.22,10900.81,-0.542,0.11,1,1,0.01,1561.54,156153.6,0,2,0.0,0.0,1,0,normal_routine,0
TXN_UPI_103560,USR_4170,2025-01-08 19:24:00,190.13,Groceries_Daily,DEV_IN_IPH15_080,iPhone 15,Chennai,13.0827,80.2707,9110.27,15045.84,-0.593,0.02,1,1,77.4333,0.0,0.0,0,3,0.0,0.0,0,0,normal_routine,0
TXN_UPI_101937,USR_4134,2025-01-08 19:30:00,225.39,Groceries_Daily,DEV_IN_OP12_044,OnePlus 12,Chennai,13.0827,80.2707,2634.31,1.0,-2408.918,0.09,1,1,117.85,0.0,0.0,0,0,0.0,0.0,0,0,normal_routine,0
TXN_UPI_101131,USR_4116,2025-01-08 19:32:00,1648.62,P2P_Transfer,DEV_IN_OP12_026,OnePlus 12,Hyderabad,17.385,78.4867,6110.52,11577.09,-0.385,0.27,1,1,54.35,0.0,0.0,0,2,0.0,0.0,0,0,normal_routine,0
TXN_UPI_103337,USR_4165,2025-01-08 19:37:00,422.8,Groceries_Daily,DEV_IN_IPH15_075,iPhone 15,Bengaluru,12.9716,77.5946,13616.14,27673.95,-0.477,0.03,1,1,11.3167,0.0,0.0,0,3,0.0,0.0,0,0,normal_routine,0
TXN_UPI_100274,USR_4097,2025-01-08 19:51:00,606.47,Utility_Bills,DEV_IN_XRN13_007,Xiaomi Redmi Note 13,Delhi,28.6139,77.209,4154.26,5605.77,-0.633,0.15,1,1,0.01,0.0,0.0,0,2,0.0,0.0,0,0,normal_routine,0
TXN_UPI_101579,USR_4126,2025-01-08 19:51:00,851.43,P2P_Transfer,DEV_IN_OP12_036,OnePlus 12,Chennai,13.0827,80.2707,10552.8,13001.09,-0.746,0.08,1,1,0.01,0.0,0.0,0,2,0.0,0.0,0,0,normal_routine,0
TXN_UPI_100946,USR_4112,2025-01-08 19:52:00,238.2,Food_Dining,DEV_IN_SAMS23_022,Samsung Galaxy S23,Hyderabad,17.385,78.4867,280.0,250.0,-0.167,0.85,1,1,24.0,0.0,0.0,0,0,0.0,0.0,0,0,normal_routine,0
TXN_UPI_102656,USR_4150,2025-01-08 19:52:00,1914.67,P2P_Transfer,DEV_IN_SAMS23_060,Samsung Galaxy S23,Mumbai,19.076,72.8777,900.0,250.0,4.059,2.13,1,1,24.0,0.0,0.0,0,0,0.0,0.0,0,0,normal_routine,0
TXN_UPI_102886,USR_4155,2025-01-08 19:53:00,402.22,Groceries_Daily,DEV_IN_SAMS23_065,Samsung Galaxy S23,Hyderabad,17.385,78.4867,3501.81,6272.42,-0.494,0.11,1,1,0.01,0.0,0.0,0,1,0.0,0.0,0,0,normal_routine,0
TXN_UPI_102212,USR_4140,2025-01-08 19:59:00,496.34,Utility_Bills,DEV_IN_XRN13_050,Xiaomi Redmi Note 13,Chennai,13.0827,80.2707,10637.14,19468.78,-0.521,0.05,1,1,0.01,1033.1,103309.85,0,2,0.0,0.0,1,0,normal_routine,0
TXN_UPI_100458,USR_4101,2025-01-08 20:06:00,251.26,Food_Dining,DEV_IN_IPH15_011,iPhone 15,Mumbai,19.076,72.8777,15893.62,18057.33,-0.866,0.02,1,1,0.01,0.0,0.0,0,3,0.0,0.0,0,0,normal_routine,0
TXN_UPI_100046,USR_4092,2025-01-08 20:11:00,628.9,Groceries_Daily,DEV_IN_OP12_002,OnePlus 12,Kolkata,22.5726,88.3639,340.0,250.0,1.156,1.85,1,1,24.0,0.0,0.0,0,0,0.0,0.0,0,0,normal_routine,0
TXN_UPI_102793,USR_4153,2025-01-08 20:12:00,306.12,Food_Dining,DEV_IN_XRN13_063,Xiaomi Redmi Note 13,Mumbai,19.076,72.8777,38557.64,19244.14,-1.988,0.01,1,1,114.35,0.0,0.0,0,0,0.0,0.0,0,0,normal_routine,0
TXN_UPI_101851,USR_4132,2025-01-08 20:14:00,252.81,Groceries_Daily,DEV_IN_OP12_042,OnePlus 12,Hyderabad,17.385,78.4867,2098.46,2448.46,-0.754,0.12,1,1,0.01,0.0,0.0,0,1,0.0,0.0,0,0,normal_routine,0
TXN_UPI_100317,USR_4098,2025-01-08 20:16:00,244.77,Groceries_Daily,DEV_IN_IPH15_008,iPhone 15,Hyderabad,17.385,78.4867,326.65,1.0,-81.88,0.75,1,1,49.1833,0.0,0.0,0,0,0.0,0.0,0,0,normal_routine,0
TXN_UPI_100275,USR_4097,2025-01-08 20:24:00,412.16,Food_Dining,DEV_IN_XRN13_007,Xiaomi Redmi Note 13,Delhi,28.6139,77.209,3267.31,5092.0,-0.561,0.13,1,1,0.55,0.0,0.0,0,3,0.0,0.0,0,0,normal_routine,0
TXN_UPI_102933,USR_4156,2025-01-08 20:31:00,1057.86,Utility_Bills,DEV_IN_SAMS23_066,Samsung Galaxy S23,Jaipur,26.9124,75.7873,2606.84,4577.75,-0.338,0.41,1,1,0.01,0.0,0.0,0,1,0.0,0.0,0,0,normal_routine,0
TXN_UPI_102567,USR_4148,2025-01-08 20:38:00,1170.45,Utility_Bills,DEV_IN_XRN13_058,Xiaomi Redmi Note 13,Pune,18.5204,73.8567,38.46,1.0,1131.988,30.43,1,1,0.01,0.0,0.0,0,1,0.0,0.0,0,0,normal_routine,0
TXN_UPI_102347,USR_4143,2025-01-08 20:42:00,232.39,Food_Dining,DEV_IN_XRN13_053,Xiaomi Redmi Note 13,Pune,18.5204,73.8567,639.44,292.37,-1.392,0.36,1,1,0.01,0.0,0.0,0,3,0.0,0.0,0,0,normal_routine,0
TXN_UPI_102750,USR_4152,2025-01-08 20:44:00,1803.74,Utility_Bills,DEV_IN_OP12_062,OnePlus 12,Bengaluru,12.9716,77.5946,762.93,458.16,2.272,2.36,1,1,0.01,0.0,0.0,0,1,0.0,0.0,0,0,normal_routine,0
TXN_UPI_100227,USR_4096,2025-01-08 20:58:00,336.92,Groceries_Daily,DEV_IN_SAMS23_006,Samsung Galaxy S23,Jaipur,26.9124,75.7873,1659.67,1.0,-1322.759,0.2,1,1,107.85,0.0,0.0,0,0,0.0,0.0,0,0,normal_routine,0
TXN_UPI_101716,USR_4129,2025-01-08 20:59:00,616.97,Utility_Bills,DEV_IN_SAMS23_039,Samsung Galaxy S23,Bengaluru,12.9716,77.5946,2772.24,4178.21,-0.516,0.22,1,1,0.01,0.0,0.0,0,4,0.0,0.0,0,0,normal_routine,0
TXN_UPI_102438,USR_4145,2025-01-08 21:03:00,341.89,Groceries_Daily,DEV_IN_SAMS23_055,Samsung Galaxy S23,Mumbai,19.076,72.8777,21283.39,29054.76,-0.721,0.02,1,1,0.01,0.0,0.0,0,1,0.0,0.0,0,0,normal_routine,0
TXN_UPI_101355,USR_4121,2025-01-08 21:07:00,859.79,Utility_Bills,DEV_IN_OP12_031,OnePlus 12,Kolkata,22.5726,88.3639,584.51,239.11,1.151,1.47,1,1,55.65,0.0,0.0,0,4,0.0,0.0,0,0,normal_routine,0
TXN_UPI_100140,USR_4094,2025-01-08 21:08:00,1711.6,Utility_Bills,DEV_IN_SAMS23_004,Samsung Galaxy S23,Bengaluru,12.9716,77.5946,6405.9,9613.88,-0.488,0.27,1,1,57.2667,8140.55,142.15,0,0,0.0,0.0,0,0,normal_routine,0
TXN_UPI_100860,USR_4110,2025-01-08 21:08:00,602.18,Utility_Bills,DEV_IN_OP12_020,OnePlus 12,Jaipur,26.9124,75.7873,804.68,654.94,-0.309,0.75,1,1,0.01,0.0,0.0,0,1,0.0,0.0,0,0,normal_routine,0
TXN_UPI_102121,USR_4138,2025-01-08 21:15:00,929.72,P2P_Transfer,DEV_IN_IPH15_048,iPhone 15,Delhi,28.6139,77.209,1985.61,2673.22,-0.395,0.47,1,1,0.01,0.0,0.0,0,1,0.0,0.0,0,0,normal_routine,0
TXN_UPI_102618,USR_4149,2025-01-08 21:34:00,191.2,Food_Dining,DEV_IN_SAMS23_059,Samsung Galaxy S23,Hyderabad,17.385,78.4867,5289.94,7356.19,-0.693,0.04,1,1,0.01,0.0,0.0,0,2,0.0,0.0,0,0,normal_routine,0
TXN_UPI_100727,USR_4107,2025-01-08 21:35:00,800.91,Utility_Bills,DEV_IN_OP12_017,OnePlus 12,Chennai,13.0827,80.2707,17872.76,21746.73,-0.785,0.04,1,1,0.01,0.0,0.0,0,3,0.0,0.0,0,0,normal_routine,0
TXN_UPI_102390,USR_4144,2025-01-08 21:54:00,349.24,P2P_Transfer,DEV_IN_OP12_054,OnePlus 12,Jaipur,26.9124,75.7873,1219.5,1363.88,-0.638,0.29,1,1,0.01,0.0,0.0,0,1,0.0,0.0,0,0,normal_routine,0
TXN_UPI_102162,USR_4139,2025-01-08 21:58:00,228.45,Groceries_Daily,DEV_IN_OP12_049,OnePlus 12,Pune,18.5204,73.8567,696.33,1.0,-467.88,0.33,1,1,99.5667,0.0,0.0,0,0,0.0,0.0,0,0,normal_routine,0
TXN_UPI_100586,USR_4104,2025-01-09 02:28:00,15519.62,Travel_Ticketing,DEV_IN_OP12_014,OnePlus 12,Goa,15.2993,74.124,3200.0,250.0,49.278,4.85,1,1,24.0,0.0,0.0,1,0,0.0,0.0,0,0,benign_travel,0
TXN_UPI_101267,USR_4119,2025-01-09 03:51:00,192.96,Gaming_Crypto,DEV_BOTNET_28,Automated Script Bot,Bengaluru,12.9716,77.5946,14033.73,16589.42,-0.834,0.01,0,1,0.01,1561.54,156153.6,1,8,3.5,0.11,1,1,credential_stuffing_burst,1
TXN_UPI_102300,USR_4142,2025-01-09 08:00:00,1020.28,Utility_Bills,DEV_IN_IPH15_052,iPhone 15,Hyderabad,17.385,78.4867,733.09,466.74,0.615,1.39,1,1,0.01,0.0,0.0,0,1,0.0,0.0,0,0,normal_routine,0
TXN_UPI_102391,USR_4144,2025-01-09 08:02:00,51001.61,Food_Dining,DEV_IN_OP12_054,OnePlus 12,Jaipur,26.9124,75.7873,1045.45,1268.59,39.379,48.78,1,1,10.1333,0.0,0.0,0,2,0.0,0.0,0,0,benign_festive_spend,0
TXN_UPI_102299,USR_4142,2025-01-09 08:09:00,1292.99,Utility_Bills,DEV_IN_IPH15_052,iPhone 15,Hyderabad,17.385,78.4867,546.45,388.75,1.92,2.37,1,1,37.1167,0.0,0.0,0,0,0.0,0.0,0,0,normal_routine,0
TXN_UPI_102929,USR_4156,2025-01-09 08:23:00,918.62,Utility_Bills,DEV_IN_SAMS23_066,Samsung Galaxy S23,Jaipur,26.9124,75.7873,4943.91,6263.84,-0.643,0.19,1,1,109.0167,0.0,0.0,0,0,0.0,0.0,0,0,normal_routine,0
TXN_UPI_100679,USR_4106,2025-01-09 08:28:00,185.71,Groceries_Daily,DEV_IN_OP12_016,OnePlus 12,Pune,18.5204,73.8567,221.76,24.63,-1.463,0.84,1,1,84.8833,0.0,0.0,0,0,0.0,0.0,0,0,normal_routine,0
TXN_UPI_101849,USR_4132,2025-01-09 08:36:00,675.73,Utility_Bills,DEV_IN_OP12_042,OnePlus 12,Hyderabad,17.385,78.4867,2909.5,2884.23,-0.774,0.23,1,1,64.8,520.05,8.03,0,0,0.0,0.0,0,0,normal_routine,0
TXN_UPI_101308,USR_4120,2025-01-09 08:59:00,387.69,Groceries_Daily,DEV_IN_OP12_030,OnePlus 12,Kolkata,22.5726,88.3639,917.9,573.08,-0.925,0.42,1,1,155.6667,0.0,0.0,0,2,0.0,0.0,0,0,normal_routine,0
TXN_UPI_102747,USR_4152,2025-01-09 09:24:00,278.66,Groceries_Daily,DEV_IN_OP12_062,OnePlus 12,Bengaluru,12.9716,77.5946,1485.14,1.0,-1206.484,0.19,1,1,0.01,0.0,0.0,0,1,0.0,0.0,0,0,normal_routine,0
TXN_UPI_103426,USR_4167,2025-01-09 09:29:00,1347.8,P2P_Transfer,DEV_IN_XRN13_077,Xiaomi Redmi Note 13,Hyderabad,17.385,78.4867,8588.01,13498.28,-0.536,0.16,1,1,0.01,0.0,0.0,0,1,0.0,0.0,0,0,normal_routine,0
TXN_UPI_100637,USR_4105,2025-01-09 09:30:00,799.28,Groceries_Daily,DEV_IN_SAMS23_015,Samsung Galaxy S23,Mumbai,19.076,72.8777,1962.34,2191.54,-0.531,0.41,1,1,22.15,0.0,0.0,0,2,0.0,0.0,0,0,normal_routine,0
TXN_UPI_103018,USR_4158,2025-01-09 09:41:00,625.62,Utility_Bills,DEV_IN_SAMS23_068,Samsung Galaxy S23,Jaipur,26.9124,75.7873,1351.88,278.99,-2.603,0.46,1,1,0.01,0.0,0.0,0,1,0.0,0.0,0,0,normal_routine,0
TXN_UPI_101808,USR_4131,2025-01-09 11:25:00,1495.27,P2P_Transfer,DEV_IN_OP12_041,OnePlus 12,Bengaluru,12.9716,77.5946,680.05,378.03,2.156,2.2,1,1,0.01,0.0,0.0,0,4,0.0,0.0,0,0,normal_routine,0
TXN_UPI_103245,USR_4163,2025-01-09 11:37:00,110.18,Groceries_Daily,DEV_IN_XRN13_073,Xiaomi Redmi Note 13,Chennai,13.0827,80.2707,518.28,185.26,-2.203,0.21,1,1,0.01,0.0,0.0,0,2,0.0,0.0,0,0,normal_routine,0
TXN_UPI_103562,USR_4170,2025-01-09 11:38:00,341.29,Food_Dining,DEV_IN_IPH15_080,iPhone 15,Chennai,13.0827,80.2707,6139.24,12983.54,-0.447,0.06,1,1,0.01,0.0,0.0,0,1,0.0,0.0,0,0,normal_routine,0
TXN_UPI_101985,USR_4135,2025-01-09 11:40:00,224.33,Food_Dining,DEV_IN_OP12_045,OnePlus 12,Bengaluru,12.9716,77.5946,497.25,283.45,-0.963,0.45,1,1,64.9,0.0,0.0,0,2,0.0,0.0,0,0,normal_routine,0
TXN_UPI_102794,USR_4153,2025-01-09 11:46:00,7126.6,Travel_Ticketing,DEV_IN_XRN13_063,Xiaomi Redmi Note 13,Delhi,28.6139,77.209,25807.13,23917.4,-0.781,0.28,1,1,15.5667,1148.09,73.75,0,0,0.0,0.0,0,0,benign_travel,0
TXN_UPI_101806,USR_4131,2025-01-09 11:50:00,269.12,Food_Dining,DEV_IN_OP12_041,OnePlus 12,Bengaluru,12.9716,77.5946,650.95,321.77,-1.187,0.41,1,1,0.01,0.0,0.0,0,2,0.0,0.0,0,0,normal_routine,0
TXN_UPI_102393,USR_4144,2025-01-09 11:56:00,1663.14,Utility_Bills,DEV_IN_OP12_054,OnePlus 12,Jaipur,26.9124,75.7873,8348.52,17450.66,-0.383,0.2,1,1,0.01,0.0,0.0,0,1,0.0,0.0,0,0,normal_routine,0
TXN_UPI_103198,USR_4162,2025-01-09 11:56:00,409.11,Food_Dining,DEV_IN_XRN13_072,Xiaomi Redmi Note 13,Bengaluru,12.9716,77.5946,16921.8,15799.69,-1.045,0.02,1,1,96.25,8140.55,84.58,0,0,0.0,0.0,0,0,normal_routine,0
TXN_UPI_103199,USR_4162,2025-01-09 12:23:00,28470.34,Electronics_Gadgets,DEV_CLONE_71,Virtual Android,Lagos,6.5244,3.3792,11417.57,15066.95,1.132,2.49,0,0,0.45,8140.55,18090.12,0,1,3.0,1.87,1,0,impossible_travel_jump,1
TXN_UPI_100634,USR_4105,2025-01-09 13:01:00,6539.28,Travel_Ticketing,DEV_IN_SAMS23_015,Samsung Galaxy S23,Goa,15.2993,74.124,1291.7,981.43,5.347,5.06,1,1,0.01,440.32,44031.54,0,2,0.0,0.0,1,0,benign_travel,0
TXN_UPI_100182,USR_4095,2025-01-09 13:03:00,49374.19,Food_Dining,DEV_IN_IPH15_005,iPhone 15,Kolkata,22.5726,88.3639,53251.98,1.0,-3877.784,0.93,1,1,95.45,0.0,0.0,0,0,0.0,0.0,0,0,benign_festive_spend,0
TXN_UPI_103204,USR_4162,2025-01-09 13:06:00,342.93,Food_Dining,DEV_IN_XRN13_072,Xiaomi Redmi Note 13,Bengaluru,12.9716,77.5946,18736.82,27698.98,-0.664,0.02,1,1,0.01,0.0,0.0,0,1,0.0,0.0,0,0,normal_routine,0
TXN_UPI_100407,USR_4100,2025-01-09 13:14:00,454.97,Food_Dining,DEV_IN_OP12_010,OnePlus 12,Pune,18.5204,73.8567,51765.72,1.0,-51310.746,0.01,1,1,185.9333,0.0,0.0,0,0,0.0,0.0,0,0,normal_routine,0
TXN_UPI_102521,USR_4147,2025-01-09 13:20:00,68956.6,Food_Dining,DEV_IN_XRN13_057,Xiaomi Redmi Note 13,Pune,18.5204,73.8567,280.0,250.0,274.706,246.27,1,1,24.0,0.0,0.0,0,0,0.0,0.0,0,0,benign_festive_spend,0
TXN_UPI_103065,USR_4159,2025-01-09 13:24:00,858.64,P2P_Transfer,DEV_IN_XRN13_069,Xiaomi Redmi Note 13,Delhi,28.6139,77.209,8858.44,14566.31,-0.549,0.1,1,1,0.01,0.0,0.0,0,4,0.0,0.0,0,0,normal_routine,0
TXN_UPI_102836,USR_4154,2025-01-09 13:26:00,321.25,Food_Dining,DEV_IN_IPH15_064,iPhone 15,Chennai,13.0827,80.2707,280.0,250.0,0.165,1.15,1,1,24.0,0.0,0.0,0,0,0.0,0.0,0,0,normal_routine,0
TXN_UPI_100409,USR_4100,2025-01-09 13:37:00,898.02,P2P_Transfer,DEV_IN_OP12_010,OnePlus 12,Pune,18.5204,73.8567,17518.28,24216.65,-0.686,0.05,1,1,139.5,0.0,0.0,0,2,0.0,0.0,0,0,normal_routine,0
TXN_UPI_100767,USR_4108,2025-01-09 13:40:00,24518.8,Electronics_Gadgets,DEV_IN_IPH15_018,iPhone 15,Delhi,28.6139,77.209,2403.83,1.0,22114.97,10.2,1,1,99.8333,0.0,0.0,0,0,0.0,0.0,0,0,benign_festive_spend,0
TXN_UPI_103068,USR_4159,2025-01-09 13:47:00,60400.18,Electronics_Gadgets,DEV_IN_XRN13_069,Xiaomi Redmi Note 13,Delhi,28.6139,77.209,5423.46,11704.25,4.697,11.14,1,1,0.01,0.0,0.0,0,1,0.0,0.0,0,0,benign_festive_spend,0
TXN_UPI_100229,USR_4096,2025-01-09 13:48:00,982.8,P2P_Transfer,DEV_IN_SAMS23_006,Samsung Galaxy S23,Jaipur,26.9124,75.7873,1062.59,547.61,-0.146,0.92,1,1,136.7167,0.0,0.0,0,0,0.0,0.0,0,0,normal_routine,0
TXN_UPI_101044,USR_4114,2025-01-09 13:50:00,1281.99,P2P_Transfer,DEV_IN_SAMS23_024,Samsung Galaxy S23,Delhi,28.6139,77.209,911.91,527.75,0.701,1.41,1,1,0.01,0.0,0.0,0,2,0.0,0.0,0,0,normal_routine,0
TXN_UPI_101083,USR_4115,2025-01-09 13:57:00,769.85,Utility_Bills,DEV_IN_XRN13_025,Xiaomi Redmi Note 13,Bengaluru,12.9716,77.5946,786.78,425.35,-0.04,0.98,1,1,137.1167,0.0,0.0,0,0,0.0,0.0,0,0,normal_routine,0
TXN_UPI_102707,USR_4151,2025-01-09 14:58:00,11760.09,Travel_Ticketing,DEV_IN_SAMS23_061,Samsung Galaxy S23,Jaipur,26.9124,75.7873,5775.25,11554.89,0.518,2.04,1,1,0.01,1561.54,156153.6,0,1,0.0,0.0,1,0,benign_travel,0
TXN_UPI_101306,USR_4120,2025-01-09 18:00:00,344.82,Groceries_Daily,DEV_IN_OP12_030,OnePlus 12,Kolkata,22.5726,88.3639,340.0,250.0,0.019,1.01,1,1,24.0,0.0,0.0,0,0,0.0,0.0,0,0,normal_routine,0
TXN_UPI_103289,USR_4164,2025-01-09 18:25:00,623.53,P2P_Transfer,DEV_IN_IPH15_074,iPhone 15,Delhi,28.6139,77.209,5314.99,6870.02,-0.683,0.12,1,1,34.0833,0.0,0.0,0,0,0.0,0.0,0,0,normal_routine,0
TXN_UPI_100322,USR_4098,2025-01-09 18:29:00,641.67,P2P_Transfer,DEV_IN_IPH15_008,iPhone 15,Hyderabad,17.385,78.4867,9515.75,16492.11,-0.538,0.07,1,1,0.01,0.0,0.0,0,1,0.0,0.0,0,0,normal_routine,0
TXN_UPI_103379,USR_4166,2025-01-09 18:39:00,274.9,Food_Dining,DEV_IN_SAMS23_076,Samsung Galaxy S23,Bengaluru,12.9716,77.5946,3536.07,2968.47,-1.099,0.08,1,1,70.3,0.0,0.0,0,0,0.0,0.0,0,0,normal_routine,0
TXN_UPI_101444,USR_4123,2025-01-09 18:43:00,672.67,P2P_Transfer,DEV_IN_OP12_033,OnePlus 12,Chennai,13.0827,80.2707,476.03,326.75,0.602,1.41,1,1,45.2167,0.0,0.0,0,3,0.0,0.0,0,0,normal_routine,0
TXN_UPI_101490,USR_4124,2025-01-09 18:44:00,11875.04,Food_Dining,DEV_IN_NEW_034,iPhone 16 Pro,Kolkata,22.5726,88.3639,20680.5,24382.26,-0.361,0.57,0,1,96.7333,0.0,0.0,0,3,0.0,0.0,0,0,benign_new_device,0
TXN_UPI_101441,USR_4123,2025-01-09 19:01:00,204.28,Food_Dining,DEV_IN_OP12_033,OnePlus 12,Chennai,13.0827,80.2707,280.0,250.0,-0.303,0.73,1,1,24.0,0.0,0.0,0,0,0.0,0.0,0,0,normal_routine,0
TXN_UPI_102746,USR_4152,2025-01-09 19:01:00,1485.14,Utility_Bills,DEV_IN_OP12_062,OnePlus 12,Bengaluru,12.9716,77.5946,1100.0,250.0,1.541,1.35,1,1,24.0,0.0,0.0,0,0,0.0,0.0,0,0,normal_routine,0
TXN_UPI_100728,USR_4107,2025-01-09 19:02:00,902.88,P2P_Transfer,DEV_IN_OP12_017,OnePlus 12,Chennai,13.0827,80.2707,15433.92,21001.14,-0.692,0.06,1,1,21.45,0.0,0.0,0,4,0.0,0.0,0,0,normal_routine,0
TXN_UPI_101626,USR_4127,2025-01-09 19:02:00,51261.16,Food_Dining,DEV_IN_XRN13_037,Xiaomi Redmi Note 13,Mumbai,19.076,72.8777,607.28,438.01,115.644,84.41,1,1,31.4,0.0,0.0,0,3,0.0,0.0,0,0,benign_festive_spend,0
TXN_UPI_101491,USR_4124,2025-01-09 19:07:00,1971.33,Utility_Bills,DEV_IN_IPH15_034,iPhone 15,Kolkata,22.5726,88.3639,18919.41,22090.76,-0.767,0.1,1,1,0.3833,0.0,0.0,0,4,0.0,0.0,0,0,normal_routine,0
TXN_UPI_100500,USR_4102,2025-01-09 19:31:00,220.54,Groceries_Daily,DEV_IN_SAMS23_012,Samsung Galaxy S23,Hyderabad,17.385,78.4867,1690.43,1770.73,-0.83,0.13,1,1,0.01,0.0,0.0,0,1,0.0,0.0,0,0,normal_routine,0
TXN_UPI_102972,USR_4157,2025-01-09 19:33:00,190.94,Food_Dining,DEV_IN_SAMS23_067,Samsung Galaxy S23,Jaipur,26.9124,75.7873,1097.66,1.0,-906.727,0.17,1,1,192.15,0.0,0.0,0,0,0.0,0.0,0,0,normal_routine,0
TXN_UPI_101037,USR_4114,2025-01-09 19:36:00,1277.69,Utility_Bills,DEV_IN_SAMS23_024,Samsung Galaxy S23,Delhi,28.6139,77.209,1650.3,1.0,-372.606,0.77,1,1,0.01,0.0,0.0,0,1,0.0,0.0,0,0,normal_routine,0
TXN_UPI_101719,USR_4129,2025-01-09 19:38:00,1166.54,Utility_Bills,DEV_IN_SAMS23_039,Samsung Galaxy S23,Bengaluru,12.9716,77.5946,2610.46,3466.23,-0.417,0.45,1,1,0.01,0.0,0.0,0,2,0.0,0.0,0,0,normal_routine,0
TXN_UPI_103244,USR_4163,2025-01-09 19:42:00,244.58,Groceries_Daily,DEV_IN_XRN13_073,Xiaomi Redmi Note 13,Chennai,13.0827,80.2707,609.52,111.65,-3.269,0.4,1,1,0.01,0.0,0.0,0,1,0.0,0.0,0,0,normal_routine,0
TXN_UPI_100862,USR_4110,2025-01-09 19:53:00,478.83,Food_Dining,DEV_IN_OP12_020,OnePlus 12,Jaipur,26.9124,75.7873,739.86,542.57,-0.481,0.65,1,1,70.75,0.0,0.0,0,3,0.0,0.0,0,0,normal_routine,0
TXN_UPI_100278,USR_4097,2025-01-09 19:55:00,506.71,P2P_Transfer,DEV_IN_XRN13_007,Xiaomi Redmi Note 13,Delhi,28.6139,77.209,8664.03,16027.63,-0.509,0.06,1,1,0.01,0.0,0.0,0,1,0.0,0.0,0,0,normal_routine,0
TXN_UPI_103064,USR_4159,2025-01-09 20:01:00,323.15,Food_Dining,DEV_IN_XRN13_069,Xiaomi Redmi Note 13,Delhi,28.6139,77.209,11703.54,15827.98,-0.719,0.03,1,1,120.3833,0.0,0.0,0,3,0.0,0.0,0,0,normal_routine,0
TXN_UPI_100054,USR_4092,2025-01-09 20:06:00,246.47,Food_Dining,DEV_IN_OP12_002,OnePlus 12,Kolkata,22.5726,88.3639,7958.8,10161.12,-0.759,0.03,1,1,0.01,0.0,0.0,0,1,0.0,0.0,0,0,normal_routine,0
TXN_UPI_101352,USR_4121,2025-01-09 20:15:00,202.8,Groceries_Daily,DEV_IN_OP12_031,OnePlus 12,Kolkata,22.5726,88.3639,841.2,1.0,-638.398,0.24,1,1,0.01,0.0,0.0,0,1,0.0,0.0,0,0,normal_routine,0
TXN_UPI_102931,USR_4156,2025-01-09 20:15:00,390.18,Food_Dining,DEV_IN_SAMS23_066,Samsung Galaxy S23,Jaipur,26.9124,75.7873,3346.96,5231.37,-0.565,0.12,1,1,46.7167,0.0,0.0,0,0,0.0,0.0,0,0,normal_routine,0
TXN_UPI_101759,USR_4130,2025-01-09 20:16:00,307.51,Food_Dining,DEV_IN_SAMS23_040,Samsung Galaxy S23,Pune,18.5204,73.8567,26279.96,36825.34,-0.705,0.01,1,1,95.7,0.0,0.0,0,3,0.0,0.0,0,0,normal_routine,0
TXN_UPI_102206,USR_4140,2025-01-09 20:16:00,53841.41,Electronics_Gadgets,DEV_IN_XRN13_050,Xiaomi Redmi Note 13,Chennai,13.0827,80.2707,9500.0,250.0,177.366,5.67,1,1,24.0,0.0,0.0,0,0,0.0,0.0,0,0,benign_festive_spend,0
TXN_UPI_103017,USR_4158,2025-01-09 20:18:00,1630.87,P2P_Transfer,DEV_IN_SAMS23_068,Samsung Galaxy S23,Jaipur,26.9124,75.7873,1072.89,1.0,557.973,1.52,1,1,132.0333,0.0,0.0,0,0,0.0,0.0,0,0,normal_routine,0
TXN_UPI_101043,USR_4114,2025-01-09 20:23:00,548.5,P2P_Transfer,DEV_IN_SAMS23_024,Samsung Galaxy S23,Delhi,28.6139,77.209,963.83,544.75,-0.762,0.57,1,1,0.01,0.0,0.0,0,1,0.0,0.0,0,0,normal_routine,0
TXN_UPI_103466,USR_4168,2025-01-09 20:34:00,262.37,Groceries_Daily,DEV_IN_XRN13_078,Xiaomi Redmi Note 13,Pune,18.5204,73.8567,340.0,250.0,-0.311,0.77,1,1,24.0,0.0,0.0,0,0,0.0,0.0,0,0,normal_routine,0
TXN_UPI_102701,USR_4151,2025-01-09 20:35:00,559.26,P2P_Transfer,DEV_IN_SAMS23_061,Samsung Galaxy S23,Bengaluru,12.9716,77.5946,900.0,250.0,-1.363,0.62,1,1,24.0,0.0,0.0,0,0,0.0,0.0,0,0,normal_routine,0
TXN_UPI_102076,USR_4137,2025-01-09 20:36:00,285.7,Groceries_Daily,DEV_IN_OP12_047,OnePlus 12,Hyderabad,17.385,78.4867,30105.63,31532.83,-0.946,0.01,1,1,47.2,0.0,0.0,0,2,0.0,0.0,0,0,normal_routine,0
TXN_UPI_103158,USR_4161,2025-01-09 20:38:00,275.12,Groceries_Daily,DEV_IN_OP12_071,OnePlus 12,Kolkata,22.5726,88.3639,1371.81,1434.3,-0.765,0.2,1,1,0.01,0.0,0.0,0,2,0.0,0.0,0,0,normal_routine,0
TXN_UPI_100091,USR_4093,2025-01-09 20:48:00,947.15,P2P_Transfer,DEV_IN_IPH15_003,iPhone 15,Mumbai,19.076,72.8777,900.0,250.0,0.189,1.05,1,1,24.0,0.0,0.0,0,0,0.0,0.0,0,0,normal_routine,0
TXN_UPI_101667,USR_4128,2025-01-09 20:52:00,1103.46,Food_Dining,DEV_IN_SAMS23_038,Samsung Galaxy S23,Bengaluru,12.9716,77.5946,326.79,1.0,776.673,3.38,1,1,47.9333,0.0,0.0,0,0,0.0,0.0,0,0,normal_routine,0
TXN_UPI_100905,USR_4111,2025-01-09 20:53:00,219.03,Groceries_Daily,DEV_IN_SAMS23_021,Samsung Galaxy S23,Hyderabad,17.385,78.4867,9623.98,15780.78,-0.596,0.02,1,1,129.8167,0.0,0.0,0,0,0.0,0.0,0,0,normal_routine,0
TXN_UPI_102978,USR_4157,2025-01-09 20:58:00,901.29,Groceries_Daily,DEV_IN_SAMS23_067,Samsung Galaxy S23,Jaipur,26.9124,75.7873,674.16,510.08,0.445,1.34,1,1,0.01,0.0,0.0,0,2,0.0,0.0,0,0,normal_routine,0
TXN_UPI_103557,USR_4170,2025-01-09 21:03:00,476.4,P2P_Transfer,DEV_IN_IPH15_080,iPhone 15,Chennai,13.0827,80.2707,35170.3,1.0,-34693.902,0.01,1,1,36.7833,0.0,0.0,0,0,0.0,0.0,0,0,normal_routine,0
TXN_UPI_100496,USR_4102,2025-01-09 21:22:00,1654.72,Utility_Bills,DEV_IN_SAMS23_012,Samsung Galaxy S23,Hyderabad,17.385,78.4867,1100.0,250.0,2.219,1.5,1,1,24.0,0.0,0.0,0,0,0.0,0.0,0,0,normal_routine,0
TXN_UPI_102117,USR_4138,2025-01-09 21:27:00,1278.87,Utility_Bills,DEV_IN_IPH15_048,iPhone 15,Delhi,28.6139,77.209,7282.63,1.0,-6003.768,0.18,1,1,115.5667,235.29,2.04,0,0,0.0,0.0,0,0,normal_routine,0
TXN_UPI_103518,USR_4169,2025-01-09 21:27:00,423.96,Food_Dining,DEV_IN_IPH15_079,iPhone 15,Kolkata,22.5726,88.3639,7405.49,16409.15,-0.425,0.06,1,1,0.01,0.0,0.0,0,1,0.0,0.0,0,0,normal_routine,0
TXN_UPI_101578,USR_4126,2025-01-09 21:33:00,1623.01,P2P_Transfer,DEV_IN_OP12_036,OnePlus 12,Chennai,13.0827,80.2707,15017.69,13918.93,-0.962,0.11,1,1,0.01,0.0,0.0,0,1,0.0,0.0,0,0,normal_routine,0
TXN_UPI_100232,USR_4096,2025-01-09 21:42:00,171.21,Food_Dining,DEV_IN_SAMS23_006,Samsung Galaxy S23,Jaipur,26.9124,75.7873,784.49,532.97,-1.151,0.22,1,1,0.01,0.0,0.0,0,1,0.0,0.0,0,0,normal_routine,0
TXN_UPI_102031,USR_4136,2025-01-09 21:43:00,682.85,P2P_Transfer,DEV_IN_SAMS23_046,Samsung Galaxy S23,Pune,18.5204,73.8567,5227.65,9606.06,-0.473,0.13,1,1,0.01,0.0,0.0,0,4,0.0,0.0,0,0,normal_routine,0
TXN_UPI_101173,USR_4117,2025-01-09 21:55:00,1386.74,Utility_Bills,DEV_IN_SAMS23_027,Samsung Galaxy S23,Kolkata,22.5726,88.3639,275.41,90.14,12.33,5.04,1,1,109.4833,0.0,0.0,0,0,0.0,0.0,0,0,normal_routine,0
TXN_UPI_103061,USR_4159,2025-01-09 21:56:00,390.38,Groceries_Daily,DEV_IN_XRN13_069,Xiaomi Redmi Note 13,Delhi,28.6139,77.209,340.0,250.0,0.202,1.15,1,1,24.0,0.0,0.0,0,0,0.0,0.0,0,0,normal_routine,0
TXN_UPI_103157,USR_4161,2025-01-09 21:58:00,1016.93,P2P_Transfer,DEV_IN_OP12_071,OnePlus 12,Kolkata,22.5726,88.3639,1430.95,1541.3,-0.269,0.71,1,1,0.01,0.0,0.0,0,1,0.0,0.0,0,0,normal_routine,0
TXN_UPI_102124,USR_4138,2025-01-09 22:14:00,8902.77,Travel_Ticketing,DEV_IN_IPH15_048,iPhone 15,Goa,15.2993,74.124,3766.2,6178.14,0.831,2.36,1,1,0.01,1514.09,151408.97,0,1,0.0,0.0,1,0,benign_travel,0
TXN_UPI_103516,USR_4169,2025-01-09 23:08:00,131.47,Gaming_Crypto,DEV_BOTNET_78,Automated Script Bot,Kolkata,22.5726,88.3639,10216.41,18689.19,-0.54,0.01,0,1,0.01,0.0,0.0,0,11,0.0,0.0,0,1,credential_stuffing_burst,1
TXN_UPI_101218,USR_4118,2025-01-10 01:16:00,72688.56,P2P_Transfer,DEV_ROGUE_EMU_27,Linux Cloud Emulator,Hyderabad,17.385,78.4867,447.66,149.96,481.719,162.37,0,1,0.01,0.0,0.0,1,1,1.5,6.12,0,1,hostile_account_takeover,1
TXN_UPI_102663,USR_4150,2025-01-10 01:27:00,37.87,Gaming_Crypto,DEV_BOTNET_59,Automated Script Bot,Mumbai,19.076,72.8777,10235.24,16423.79,-0.621,0.0,0,1,0.01,0.0,0.0,1,8,1.5,0.11,0,1,credential_stuffing_burst,1
TXN_UPI_102211,USR_4140,2025-01-10 01:29:00,7218.4,Travel_Ticketing,DEV_IN_XRN13_050,Xiaomi Redmi Note 13,Mumbai,19.076,72.8777,11320.88,21261.11,-0.193,0.64,1,1,0.01,1033.1,103309.85,1,1,0.0,0.0,1,0,benign_travel,0
TXN_UPI_102566,USR_4148,2025-01-10 01:36:00,38.46,Gaming_Crypto,DEV_BOTNET_57,Automated Script Bot,Pune,18.5204,73.8567,700.0,250.0,-2.646,0.05,0,1,24.0,0.0,0.0,1,10,1.5,0.11,0,1,credential_stuffing_burst,1
TXN_UPI_101720,USR_4129,2025-01-10 01:43:00,45322.31,P2P_Transfer,DEV_ROGUE_EMU_38,Linux Cloud Emulator,Bengaluru,12.9716,77.5946,2450.03,3299.35,12.994,18.5,0,1,6.0833,0.0,0.0,1,3,1.5,3.56,0,1,hostile_account_takeover,1
TXN_UPI_102796,USR_4153,2025-01-10 01:49:00,6472.92,P2P_Transfer,DEV_IN_XRN13_063,Xiaomi Redmi Note 13,Mumbai,19.076,72.8777,17422.07,21231.4,-0.516,0.37,1,1,55.6,0.0,0.0,1,0,0.0,0.0,0,0,emergency_nocturnal_legit,0
TXN_UPI_101756,USR_4130,2025-01-10 02:05:00,78358.75,P2P_Transfer,DEV_ROGUE_EMU_39,Linux Cloud Emulator,Pune,18.5204,73.8567,900.0,250.0,309.835,87.07,0,1,24.0,0.0,0.0,1,0,1.5,5.37,0,1,hostile_account_takeover,1
TXN_UPI_101629,USR_4127,2025-01-10 02:15:00,91252.91,P2P_Transfer,DEV_ROGUE_EMU_36,Linux Cloud Emulator,Mumbai,19.076,72.8777,6938.7,16756.18,5.032,13.15,0,1,0.01,0.0,0.0,1,1,1.5,3.18,0,1,hostile_account_takeover,1
TXN_UPI_102888,USR_4155,2025-01-10 02:46:00,5471.7,Travel_Ticketing,DEV_IN_SAMS23_065,Samsung Galaxy S23,Jaipur,26.9124,75.7873,2624.81,5479.54,0.52,2.08,1,1,63.3333,1095.15,17.29,1,3,0.0,0.0,0,0,benign_travel,0
TXN_UPI_101176,USR_4117,2025-01-10 03:21:00,1586.88,Utility_Bills,DEV_IN_SAMS23_027,Samsung Galaxy S23,Kolkata,22.5726,88.3639,1145.94,1115.65,0.395,1.38,1,1,37.4,0.0,0.0,1,2,0.0,0.0,0,0,emergency_nocturnal_legit,0
TXN_UPI_100633,USR_4105,2025-01-10 08:08:00,940.31,P2P_Transfer,DEV_IN_SAMS23_015,Samsung Galaxy S23,Mumbai,19.076,72.8777,1467.39,1162.84,-0.453,0.64,1,1,0.01,0.0,0.0,0,1,0.0,0.0,0,0,normal_routine,0
TXN_UPI_102210,USR_4140,2025-01-10 08:10:00,679.55,Gaming_Crypto,DEV_BURNER_49,Itel A50 Burner,Chennai,13.0827,80.2707,13981.22,23014.27,-0.578,0.05,0,1,95.4167,0.0,0.0,0,0,0.0,0.0,0,1,stealth_micro_fraud,1
TXN_UPI_101715,USR_4129,2025-01-10 08:22:00,571.24,P2P_Transfer,DEV_IN_SAMS23_039,Samsung Galaxy S23,Bengaluru,12.9716,77.5946,3322.49,4506.43,-0.611,0.17,1,1,0.01,0.0,0.0,0,3,0.0,0.0,0,0,normal_routine,0
TXN_UPI_101895,USR_4133,2025-01-10 08:33:00,29768.9,Jewelry_Luxury,DEV_IN_IPH15_043,iPhone 15,Delhi,28.6139,77.209,349.05,140.52,209.37,85.29,1,1,142.8667,0.0,0.0,0,2,0.0,0.0,0,0,benign_festive_spend,0
TXN_UPI_100097,USR_4093,2025-01-10 09:01:00,980.83,Utility_Bills,DEV_IN_IPH15_003,iPhone 15,Mumbai,19.076,72.8777,569.53,336.57,1.222,1.72,1,1,0.01,0.0,0.0,0,1,0.0,0.0,0,0,normal_routine,0
TXN_UPI_102345,USR_4143,2025-01-10 09:02:00,422.47,Food_Dining,DEV_IN_XRN13_053,Xiaomi Redmi Note 13,Pune,18.5204,73.8567,611.66,297.94,-0.635,0.69,1,1,0.01,0.0,0.0,0,1,0.0,0.0,0,0,normal_routine,0
TXN_UPI_102119,USR_4138,2025-01-10 09:11:00,324.24,Food_Dining,DEV_IN_IPH15_048,iPhone 15,Delhi,28.6139,77.209,3110.28,2957.63,-0.942,0.1,1,1,157.95,0.0,0.0,0,0,0.0,0.0,0,0,normal_routine,0
TXN_UPI_102523,USR_4147,2025-01-10 09:12:00,478.01,Groceries_Daily,DEV_IN_XRN13_057,Xiaomi Redmi Note 13,Pune,18.5204,73.8567,64911.46,4045.14,-15.929,0.01,1,1,119.5833,0.0,0.0,0,0,0.0,0.0,0,0,normal_routine,0
TXN_UPI_101358,USR_4121,2025-01-10 09:16:00,56048.99,Electronics_Gadgets,DEV_IN_OP12_031,OnePlus 12,Kolkata,22.5726,88.3639,579.77,243.5,227.803,96.68,1,1,0.01,0.0,0.0,0,1,0.0,0.0,0,0,benign_festive_spend,0
TXN_UPI_100008,USR_4091,2025-01-10 09:19:00,374.46,Food_Dining,DEV_IN_IPH15_001,iPhone 15,Bengaluru,12.9716,77.5946,519.23,527.93,-0.274,0.72,1,1,0.01,0.0,0.0,0,1,0.0,0.0,0,0,normal_routine,0
TXN_UPI_100768,USR_4108,2025-01-10 09:22:00,1548.5,Gaming_Crypto,DEV_BURNER_17,Realme C11,Delhi,28.6139,77.209,13461.32,11057.49,-1.077,0.12,0,1,19.7,0.0,0.0,0,0,0.0,0.0,0,1,stealth_micro_fraud,1
TXN_UPI_102389,USR_4144,2025-01-10 09:32:00,151.74,Gaming_Crypto,DEV_BURNER_53,Realme C11,Jaipur,26.9124,75.7873,1575.42,1404.82,-1.013,0.1,0,1,55.7833,0.0,0.0,0,0,0.0,0.0,0,1,stealth_micro_fraud,1
TXN_UPI_101036,USR_4114,2025-01-10 09:37:00,1650.3,P2P_Transfer,DEV_BURNER_23,Itel A50 Burner,Delhi,28.6139,77.209,900.0,250.0,3.001,1.83,0,1,24.0,0.0,0.0,0,0,0.0,0.0,0,1,stealth_micro_fraud,1
TXN_UPI_100055,USR_4092,2025-01-10 09:47:00,604.22,P2P_Transfer,DEV_IN_OP12_002,OnePlus 12,Kolkata,22.5726,88.3639,7101.87,9881.85,-0.658,0.09,1,1,13.6833,0.0,0.0,0,2,0.0,0.0,0,0,normal_routine,0
TXN_UPI_100050,USR_4092,2025-01-10 11:18:00,312.41,Food_Dining,DEV_IN_OP12_002,OnePlus 12,Kolkata,22.5726,88.3639,4818.78,6758.49,-0.667,0.06,1,1,0.01,0.0,0.0,0,1,0.0,0.0,0,0,normal_routine,0
TXN_UPI_102710,USR_4151,2025-01-10 11:39:00,678.57,P2P_Transfer,DEV_IN_SAMS23_061,Samsung Galaxy S23,Bengaluru,12.9716,77.5946,5266.97,9946.72,-0.461,0.13,1,1,0.01,0.0,0.0,0,4,0.0,0.0,0,0,normal_routine,0
TXN_UPI_100632,USR_4105,2025-01-10 11:51:00,304.55,Groceries_Daily,DEV_IN_SAMS23_015,Samsung Galaxy S23,Mumbai,19.076,72.8777,2630.23,1.0,-2325.688,0.12,1,1,169.9833,0.0,0.0,0,0,0.0,0.0,0,0,normal_routine,0
TXN_UPI_101179,USR_4117,2025-01-10 13:01:00,414.8,Groceries_Daily,DEV_IN_SAMS23_027,Samsung Galaxy S23,Kolkata,22.5726,88.3639,1102.73,922.43,-0.746,0.38,1,1,0.01,0.0,0.0,0,1,0.0,0.0,0,0,normal_routine,0
TXN_UPI_101899,USR_4133,2025-01-10 13:13:00,3936.36,Travel_Ticketing,DEV_IN_IPH15_043,iPhone 15,Goa,15.2993,74.124,4035.31,9727.37,-0.01,0.98,1,1,0.01,1514.09,151408.97,0,3,0.0,0.0,1,0,benign_travel,0
TXN_UPI_102259,USR_4141,2025-01-10 13:19:00,418.86,Groceries_Daily,DEV_IN_OP12_051,OnePlus 12,Hyderabad,17.385,78.4867,1252.61,1857.78,-0.449,0.33,1,1,0.01,621.46,62146.29,0,1,0.0,0.0,1,0,normal_routine,0
TXN_UPI_103382,USR_4166,2025-01-10 13:23:00,44581.68,Electronics_Gadgets,DEV_IN_SAMS23_076,Samsung Galaxy S23,Bengaluru,12.9716,77.5946,1907.74,2658.2,16.054,23.37,1,1,0.01,0.0,0.0,0,2,0.0,0.0,0,0,benign_festive_spend,0
TXN_UPI_102753,USR_4152,2025-01-10 13:33:00,3186.02,Utility_Bills,DEV_IN_OP12_062,OnePlus 12,Bengaluru,12.9716,77.5946,825.72,548.81,4.301,3.86,1,1,0.01,0.0,0.0,0,2,0.0,0.0,0,0,normal_routine,0
TXN_UPI_102529,USR_4147,2025-01-10 13:46:00,537.98,P2P_Transfer,DEV_IN_XRN13_057,Xiaomi Redmi Note 13,Pune,18.5204,73.8567,16945.32,27767.96,-0.591,0.03,1,1,0.01,0.0,0.0,0,1,0.0,0.0,0,0,normal_routine,0
TXN_UPI_101854,USR_4132,2025-01-10 13:48:00,132.03,Food_Dining,DEV_IN_OP12_042,OnePlus 12,Hyderabad,17.385,78.4867,1514.94,2082.34,-0.664,0.09,1,1,0.01,0.0,0.0,0,1,0.0,0.0,0,0,normal_routine,0
TXN_UPI_100947,USR_4112,2025-01-10 18:13:00,476.39,Groceries_Daily,DEV_IN_SAMS23_022,Samsung Galaxy S23,Hyderabad,17.385,78.4867,238.2,1.0,238.19,2.0,1,1,46.35,0.0,0.0,0,0,0.0,0.0,0,0,normal_routine,0
TXN_UPI_101581,USR_4126,2025-01-10 18:26:00,1366.94,P2P_Transfer,DEV_IN_OP12_036,OnePlus 12,Chennai,13.0827,80.2707,6714.77,11113.83,-0.481,0.2,1,1,0.01,0.0,0.0,0,1,0.0,0.0,0,0,normal_routine,0
TXN_UPI_100726,USR_4107,2025-01-10 18:37:00,795.39,P2P_Transfer,DEV_IN_OP12_017,OnePlus 12,Chennai,13.0827,80.2707,21288.23,22304.97,-0.919,0.04,1,1,89.0167,1755.8,19.72,0,2,0.0,0.0,0,0,normal_routine,0
TXN_UPI_100231,USR_4096,2025-01-10 18:38:00,278.69,Food_Dining,DEV_IN_SAMS23_006,Samsung Galaxy S23,Jaipur,26.9124,75.7873,885.65,528.65,-1.148,0.31,1,1,70.9167,0.0,0.0,0,0,0.0,0.0,0,0,normal_routine,0
TXN_UPI_102477,USR_4146,2025-01-10 18:46:00,190.54,Groceries_Daily,DEV_IN_SAMS23_056,Samsung Galaxy S23,Hyderabad,17.385,78.4867,82297.12,1.0,-82106.58,0.0,1,1,82.6,0.0,0.0,0,0,0.0,0.0,0,0,normal_routine,0
TXN_UPI_100948,USR_4112,2025-01-10 18:51:00,1605.43,P2P_Transfer,DEV_IN_SAMS23_022,Samsung Galaxy S23,Hyderabad,17.385,78.4867,357.29,119.1,10.48,4.49,1,1,0.6333,0.0,0.0,0,1,0.0,0.0,0,0,normal_routine,0
TXN_UPI_101714,USR_4129,2025-01-10 18:51:00,166.79,Groceries_Daily,DEV_IN_SAMS23_039,Samsung Galaxy S23,Bengaluru,12.9716,77.5946,4374.4,4759.33,-0.884,0.04,1,1,122.3833,1561.54,12.76,0,2,0.0,0.0,0,0,normal_routine,0
TXN_UPI_103563,USR_4170,2025-01-10 18:52:00,681.65,Food_Dining,DEV_IN_IPH15_080,iPhone 15,Chennai,13.0827,80.2707,5310.96,12190.44,-0.38,0.13,1,1,31.2333,0.0,0.0,0,2,0.0,0.0,0,0,normal_routine,0
TXN_UPI_100591,USR_4104,2025-01-10 18:58:00,1314.66,Utility_Bills,DEV_IN_OP12_014,OnePlus 12,Mumbai,19.076,72.8777,3790.99,5876.94,-0.421,0.35,1,1,0.01,0.0,0.0,0,1,0.0,0.0,0,0,normal_routine,0
TXN_UPI_101712,USR_4129,2025-01-10 18:59:00,877.89,P2P_Transfer,DEV_IN_SAMS23_039,Samsung Galaxy S23,Bengaluru,12.9716,77.5946,1141.91,1.0,-264.019,0.77,1,1,53.6333,0.0,0.0,0,0,0.0,0.0,0,0,normal_routine,0
TXN_UPI_100369,USR_4099,2025-01-10 19:00:00,448.03,Groceries_Daily,DEV_IN_XRN13_009,Xiaomi Redmi Note 13,Mumbai,19.076,72.8777,906.96,744.13,-0.617,0.49,1,1,0.01,0.0,0.0,0,1,0.0,0.0,0,0,normal_routine,0
TXN_UPI_103381,USR_4166,2025-01-10 19:04:00,442.73,Groceries_Daily,DEV_IN_SAMS23_076,Samsung Galaxy S23,Bengaluru,12.9716,77.5946,2200.75,2822.08,-0.623,0.2,1,1,0.01,0.0,0.0,0,1,0.0,0.0,0,0,normal_routine,0
TXN_UPI_101040,USR_4114,2025-01-10 19:08:00,209.57,Groceries_Daily,DEV_IN_SAMS23_024,Samsung Galaxy S23,Delhi,28.6139,77.209,1378.32,225.6,-5.181,0.15,1,1,0.01,0.0,0.0,0,1,0.0,0.0,0,0,normal_routine,0
TXN_UPI_103115,USR_4160,2025-01-10 19:08:00,635.3,P2P_Transfer,DEV_IN_OP12_070,OnePlus 12,Chennai,13.0827,80.2707,8016.56,11299.98,-0.653,0.08,1,1,0.01,0.0,0.0,0,1,0.0,0.0,0,0,normal_routine,0
TXN_UPI_101351,USR_4121,2025-01-10 19:09:00,841.2,Utility_Bills,DEV_IN_OP12_031,OnePlus 12,Kolkata,22.5726,88.3639,1100.0,250.0,-1.035,0.76,1,1,24.0,0.0,0.0,0,0,0.0,0.0,0,0,normal_routine,0
TXN_UPI_103475,USR_4168,2025-01-10 19:14:00,444.36,Food_Dining,DEV_IN_XRN13_078,Xiaomi Redmi Note 13,Pune,18.5204,73.8567,1181.33,1767.51,-0.417,0.38,1,1,0.01,0.0,0.0,0,4,0.0,0.0,0,0,normal_routine,0
TXN_UPI_101403,USR_4122,2025-01-10 19:16:00,362.33,Groceries_Daily,DEV_IN_XRN13_032,Xiaomi Redmi Note 13,Delhi,28.6139,77.209,9094.38,15261.25,-0.572,0.04,1,1,0.01,0.0,0.0,0,2,0.0,0.0,0,0,normal_routine,0
TXN_UPI_101893,USR_4133,2025-01-10 19:17:00,257.49,Food_Dining,DEV_IN_IPH15_043,iPhone 15,Delhi,28.6139,77.209,456.46,127.13,-1.565,0.56,1,1,129.6833,0.0,0.0,0,0,0.0,0.0,0,0,normal_routine,0
TXN_UPI_100363,USR_4099,2025-01-10 19:25:00,278.65,Food_Dining,DEV_IN_XRN13_009,Xiaomi Redmi Note 13,Mumbai,19.076,72.8777,1244.99,823.97,-1.173,0.22,1,1,0.01,0.0,0.0,0,1,0.0,0.0,0,0,normal_routine,0
TXN_UPI_102034,USR_4136,2025-01-10 19:26:00,1551.26,P2P_Transfer,DEV_IN_SAMS23_046,Samsung Galaxy S23,Pune,18.5204,73.8567,3460.52,7930.26,-0.241,0.45,1,1,0.01,0.0,0.0,0,2,0.0,0.0,0,0,normal_routine,0
TXN_UPI_103474,USR_4168,2025-01-10 19:28:00,1364.25,Utility_Bills,DEV_IN_XRN13_078,Xiaomi Redmi Note 13,Pune,18.5204,73.8567,1158.47,1873.47,0.11,1.18,1,1,0.01,0.0,0.0,0,3,0.0,0.0,0,0,normal_routine,0
TXN_UPI_100863,USR_4110,2025-01-10 19:30:00,338.85,Food_Dining,DEV_IN_OP12_020,OnePlus 12,Jaipur,26.9124,75.7873,702.57,510.56,-0.712,0.48,1,1,23.6167,0.0,0.0,0,4,0.0,0.0,0,0,normal_routine,0
TXN_UPI_100722,USR_4107,2025-01-10 19:31:00,2097.45,Utility_Bills,DEV_IN_OP12_017,OnePlus 12,Chennai,13.0827,80.2707,56310.99,1.0,-54213.545,0.04,1,1,125.0167,8429.29,67.43,0,0,0.0,0.0,0,0,normal_routine,0
TXN_UPI_101045,USR_4114,2025-01-10 19:32:00,63449.12,Electronics_Gadgets,DEV_IN_SAMS23_024,Samsung Galaxy S23,Delhi,28.6139,77.209,953.03,510.98,122.306,66.58,1,1,29.7,0.0,0.0,0,3,0.0,0.0,0,0,benign_festive_spend,0
TXN_UPI_101396,USR_4122,2025-01-10 19:36:00,43926.75,Food_Dining,DEV_IN_XRN13_032,Xiaomi Redmi Note 13,Delhi,28.6139,77.209,280.0,250.0,174.587,156.88,1,1,24.0,0.0,0.0,0,0,0.0,0.0,0,0,benign_festive_spend,0
TXN_UPI_102705,USR_4151,2025-01-10 19:42:00,1390.58,Utility_Bills,DEV_IN_SAMS23_061,Samsung Galaxy S23,Bengaluru,12.9716,77.5946,8229.73,13493.05,-0.507,0.17,1,1,119.3833,0.0,0.0,0,0,0.0,0.0,0,0,normal_routine,0
TXN_UPI_102303,USR_4142,2025-01-10 19:44:00,1192.33,P2P_Transfer,DEV_IN_IPH15_052,iPhone 15,Hyderabad,17.385,78.4867,641.16,435.83,1.265,1.86,1,1,78.1667,0.0,0.0,0,0,0.0,0.0,0,0,normal_routine,0
TXN_UPI_100723,USR_4107,2025-01-10 19:46:00,38645.28,Electronics_Gadgets,DEV_CLONE_16,Virtual Android,Lagos,6.5244,3.3792,29204.22,27106.77,0.348,1.32,0,0,0.25,8429.29,33717.16,0,1,3.0,1.26,1,0,impossible_travel_jump,1
TXN_UPI_103565,USR_4170,2025-01-10 19:56:00,155.6,Groceries_Daily,DEV_IN_IPH15_080,iPhone 15,Chennai,13.0827,80.2707,4271.84,10925.32,-0.377,0.04,1,1,0.01,0.0,0.0,0,1,0.0,0.0,0,0,normal_routine,0
TXN_UPI_100362,USR_4099,2025-01-10 20:00:00,2068.96,P2P_Transfer,DEV_IN_XRN13_009,Xiaomi Redmi Note 13,Mumbai,19.076,72.8777,421.02,1.0,1647.937,4.91,1,1,80.4333,0.0,0.0,0,0,0.0,0.0,0,0,normal_routine,0
TXN_UPI_100954,USR_4112,2025-01-10 20:09:00,299.14,Food_Dining,DEV_IN_SAMS23_022,Samsung Galaxy S23,Hyderabad,17.385,78.4867,788.85,532.05,-0.92,0.38,1,1,0.01,0.0,0.0,0,2,0.0,0.0,0,0,normal_routine,0
TXN_UPI_101805,USR_4131,2025-01-10 20:09:00,516.55,Food_Dining,DEV_IN_OP12_041,OnePlus 12,Bengaluru,12.9716,77.5946,684.56,351.82,-0.478,0.75,1,1,0.01,0.0,0.0,0,1,0.0,0.0,0,0,normal_routine,0
TXN_UPI_101852,USR_4132,2025-01-10 20:12:00,843.22,P2P_Transfer,DEV_IN_OP12_042,OnePlus 12,Hyderabad,17.385,78.4867,1790.85,2338.57,-0.405,0.47,1,1,47.9667,0.0,0.0,0,2,0.0,0.0,0,0,normal_routine,0
TXN_UPI_101134,USR_4116,2025-01-10 20:20:00,83360.19,Electronics_Gadgets,DEV_IN_OP12_026,OnePlus 12,Hyderabad,17.385,78.4867,4085.48,9527.23,8.321,20.4,1,1,0.01,0.0,0.0,0,5,0.0,0.0,0,0,benign_festive_spend,0
TXN_UPI_103520,USR_4169,2025-01-10 20:30:00,360.84,Groceries_Daily,DEV_IN_IPH15_079,iPhone 15,Kolkata,22.5726,88.3639,7195.53,14753.89,-0.463,0.05,1,1,0.01,1357.77,135777.42,0,3,0.0,0.0,1,0,normal_routine,0
TXN_UPI_101447,USR_4123,2025-01-10 20:49:00,575.8,Groceries_Daily,DEV_IN_OP12_033,OnePlus 12,Chennai,13.0827,80.2707,420.08,283.42,0.549,1.37,1,1,0.01,0.0,0.0,0,2,0.0,0.0,0,0,normal_routine,0
TXN_UPI_100949,USR_4112,2025-01-10 21:04:00,907.9,Utility_Bills,DEV_IN_SAMS23_022,Samsung Galaxy S23,Hyderabad,17.385,78.4867,773.34,596.36,0.226,1.17,1,1,2.2167,0.0,0.0,0,0,0.0,0.0,0,0,normal_routine,0
TXN_UPI_103290,USR_4164,2025-01-10 21:06:00,960.98,P2P_Transfer,DEV_IN_IPH15_074,iPhone 15,Delhi,28.6139,77.209,4142.13,6286.87,-0.506,0.23,1,1,26.6833,0.0,0.0,0,0,0.0,0.0,0,0,normal_routine,0
TXN_UPI_103472,USR_4168,2025-01-10 21:14:00,6064.19,Electronics_Gadgets,DEV_IN_NEW_078,Samsung Galaxy S24,Pune,18.5204,73.8567,463.19,309.2,18.115,13.09,0,1,0.01,0.0,0.0,0,1,0.0,0.0,0,0,benign_new_device,0
TXN_UPI_101983,USR_4135,2025-01-10 21:16:00,321.63,Food_Dining,DEV_IN_OP12_045,OnePlus 12,Bengaluru,12.9716,77.5946,758.78,128.51,-3.402,0.42,1,1,120.3333,0.0,0.0,0,0,0.0,0.0,0,0,normal_routine,0
TXN_UPI_101263,USR_4119,2025-01-10 21:17:00,16134.7,Food_Dining,DEV_IN_NEW_029,Samsung Galaxy S24,Bengaluru,12.9716,77.5946,1232.45,119.26,124.961,13.09,0,1,120.0167,0.0,0.0,0,0,0.0,0.0,0,0,benign_new_device,0
TXN_UPI_102845,USR_4154,2025-01-10 21:18:00,1302.26,P2P_Transfer,DEV_IN_IPH15_064,iPhone 15,Chennai,13.0827,80.2707,7119.22,12359.48,-0.471,0.18,1,1,0.01,0.0,0.0,0,1,0.0,0.0,0,0,normal_routine,0
TXN_UPI_100273,USR_4097,2025-01-10 21:23:00,248.04,Food_Dining,DEV_IN_XRN13_007,Xiaomi Redmi Note 13,Delhi,28.6139,77.209,6107.36,5974.37,-0.981,0.04,1,1,0.01,1514.09,151408.97,0,1,0.0,0.0,1,0,normal_routine,0
TXN_UPI_100049,USR_4092,2025-01-10 21:27:00,812.26,Utility_Bills,DEV_IN_OP12_002,OnePlus 12,Kolkata,22.5726,88.3639,6154.29,7332.7,-0.729,0.13,1,1,117.1667,1654.84,14.12,0,0,0.0,0.0,0,0,normal_routine,0
TXN_UPI_101264,USR_4119,2025-01-10 21:34:00,47483.83,Gaming_Crypto,DEV_CLONE_28,Virtual Android,Lagos,6.5244,3.3792,6199.87,7025.66,5.876,7.66,0,0,0.2833,8140.55,28731.37,0,1,3.0,3.24,1,1,impossible_travel_jump,1
TXN_UPI_100908,USR_4111,2025-01-10 21:37:00,1000.2,P2P_Transfer,DEV_IN_SAMS23_021,Samsung Galaxy S23,Hyderabad,17.385,78.4867,5658.7,12777.88,-0.365,0.18,1,1,0.01,0.0,0.0,0,2,0.0,0.0,0,0,normal_routine,0
TXN_UPI_103151,USR_4161,2025-01-10 21:43:00,105.34,Food_Dining,DEV_IN_OP12_071,OnePlus 12,Kolkata,22.5726,88.3639,280.0,250.0,-0.699,0.38,1,1,24.0,0.0,0.0,0,0,0.0,0.0,0,0,normal_routine,0
TXN_UPI_103111,USR_4160,2025-01-10 21:44:00,36542.56,Electronics_Gadgets,DEV_IN_OP12_070,OnePlus 12,Chennai,13.0827,80.2707,6401.48,6046.13,4.985,5.71,1,1,0.01,0.0,0.0,0,1,0.0,0.0,0,0,benign_festive_spend,0
TXN_UPI_102215,USR_4140,2025-01-10 23:36:00,9967.59,Travel_Ticketing,DEV_IN_XRN13_050,Xiaomi Redmi Note 13,Mumbai,19.076,72.8777,7183.59,16629.84,0.167,1.39,1,1,0.01,1033.1,103309.85,0,1,0.0,0.0,1,0,benign_travel,0
TXN_UPI_100996,USR_4113,2025-01-11 01:12:00,17058.36,Travel_Ticketing,DEV_IN_OP12_023,OnePlus 12,Mumbai,19.076,72.8777,446.94,224.61,73.958,38.17,1,1,0.01,1148.09,114809.49,1,1,0.0,0.0,1,0,benign_travel,0
TXN_UPI_100272,USR_4097,2025-01-11 01:22:00,12081.73,Travel_Ticketing,DEV_IN_XRN13_007,Xiaomi Redmi Note 13,Goa,15.2993,74.124,132.99,1.0,11948.738,90.85,1,1,208.15,1514.09,7.27,1,0,0.0,0.0,0,0,benign_travel,0
TXN_UPI_100009,USR_4091,2025-01-11 01:42:00,96787.51,P2P_Transfer,DEV_ROGUE_EMU_00,Linux Cloud Emulator,Bengaluru,12.9716,77.5946,501.14,496.15,194.067,193.14,0,1,16.3833,0.0,0.0,1,2,1.5,6.32,0,1,hostile_account_takeover,1
TXN_UPI_101671,USR_4128,2025-01-11 02:20:00,7381.6,Travel_Ticketing,DEV_IN_SAMS23_038,Samsung Galaxy S23,Mumbai,19.076,72.8777,690.06,430.78,15.533,10.7,1,1,0.01,845.32,84531.84,1,1,0.0,0.0,1,0,benign_travel,0
TXN_UPI_100592,USR_4104,2025-01-11 03:17:00,167.69,Gaming_Crypto,DEV_BOTNET_13,Automated Script Bot,Mumbai,19.076,72.8777,3378.27,5443.68,-0.59,0.05,0,1,8.3167,0.0,0.0,1,12,1.5,0.11,0,1,credential_stuffing_burst,1
TXN_UPI_101177,USR_4117,2025-01-11 03:17:00,970.19,Utility_Bills,DEV_IN_SAMS23_027,Samsung Galaxy S23,Kolkata,22.5726,88.3639,1219.43,1031.62,-0.242,0.8,1,1,23.9333,0.0,0.0,1,3,0.0,0.0,0,0,emergency_nocturnal_legit,0
TXN_UPI_102073,USR_4137,2025-01-11 03:54:00,84933.84,P2P_Transfer,DEV_ROGUE_EMU_46,Linux Cloud Emulator,Hyderabad,17.385,78.4867,2060.13,918.32,90.245,41.23,0,1,67.9,0.0,0.0,1,0,1.5,4.49,0,1,hostile_account_takeover,1
TXN_UPI_100414,USR_4100,2025-01-11 04:41:00,572.12,P2P_Transfer,DEV_IN_OP12_010,OnePlus 12,Pune,18.5204,73.8567,6929.56,16949.23,-0.375,0.08,1,1,0.01,0.0,0.0,1,2,0.0,0.0,0,0,emergency_nocturnal_legit,0
TXN_UPI_103022,USR_4158,2025-01-11 04:42:00,3361.01,Food_Dining,DEV_IN_SAMS23_068,Samsung Galaxy S23,Jaipur,26.9124,75.7873,841.94,478.3,5.267,3.99,1,1,0.01,0.0,0.0,1,1,0.0,0.0,0,0,emergency_nocturnal_legit,0
TXN_UPI_102889,USR_4155,2025-01-11 08:37:00,747.38,Groceries_Daily,DEV_IN_SAMS23_065,Samsung Galaxy S23,Hyderabad,17.385,78.4867,2980.67,5211.4,-0.429,0.25,1,1,29.85,1095.15,36.69,0,4,0.0,0.0,0,0,normal_routine,0
TXN_UPI_103026,USR_4158,2025-01-11 08:38:00,964.58,P2P_Transfer,DEV_IN_SAMS23_068,Samsung Galaxy S23,Jaipur,26.9124,75.7873,4958.9,11758.62,-0.34,0.19,1,1,0.01,0.0,0.0,0,1,0.0,0.0,0,0,normal_routine,0
TXN_UPI_100729,USR_4107,2025-01-11 08:44:00,196.58,Food_Dining,DEV_IN_OP12_017,OnePlus 12,Chennai,13.0827,80.2707,13617.54,20224.03,-0.664,0.01,1,1,37.7,0.0,0.0,0,5,0.0,0.0,0,0,normal_routine,0
TXN_UPI_102934,USR_4156,2025-01-11 08:47:00,1799.69,Utility_Bills,DEV_IN_SAMS23_066,Samsung Galaxy S23,Jaipur,26.9124,75.7873,2413.22,4312.63,-0.142,0.75,1,1,60.2667,0.0,0.0,0,2,0.0,0.0,0,0,normal_routine,0
TXN_UPI_102709,USR_4151,2025-01-11 08:48:00,272.34,Food_Dining,DEV_IN_SAMS23_061,Samsung Galaxy S23,Bengaluru,12.9716,77.5946,5891.3,10382.5,-0.541,0.05,1,1,61.6,0.0,0.0,0,3,0.0,0.0,0,0,normal_routine,0
TXN_UPI_101446,USR_4123,2025-01-11 09:08:00,203.3,Food_Dining,DEV_IN_OP12_033,OnePlus 12,Chennai,13.0827,80.2707,463.44,291.74,-0.892,0.44,1,1,0.01,0.0,0.0,0,1,0.0,0.0,0,0,normal_routine,0
TXN_UPI_101265,USR_4119,2025-01-11 09:13:00,379.93,Groceries_Daily,DEV_IN_OP12_029,OnePlus 12,Bengaluru,12.9716,77.5946,16520.86,18883.55,-0.855,0.02,1,1,11.65,8140.55,698.76,0,0,0.0,0.0,0,0,normal_routine,0
TXN_UPI_103246,USR_4163,2025-01-11 09:21:00,204.65,Groceries_Daily,DEV_IN_XRN13_073,Xiaomi Redmi Note 13,Chennai,13.0827,80.2707,436.66,232.6,-0.997,0.47,1,1,45.7333,0.0,0.0,0,3,0.0,0.0,0,0,normal_routine,0
TXN_UPI_101541,USR_4125,2025-01-11 09:25:00,272.1,Food_Dining,DEV_IN_OP12_035,OnePlus 12,Pune,18.5204,73.8567,9356.92,21705.9,-0.419,0.03,1,1,0.01,0.0,0.0,0,3,0.0,0.0,0,0,normal_routine,0
TXN_UPI_101765,USR_4130,2025-01-11 09:25:00,457.37,P2P_Transfer,DEV_IN_SAMS23_040,Samsung Galaxy S23,Pune,18.5204,73.8567,14313.94,26323.49,-0.526,0.03,1,1,0.01,1172.99,117299.5,0,2,0.0,0.0,1,0,normal_routine,0
TXN_UPI_100724,USR_4107,2025-01-11 09:28:00,185.08,Food_Dining,DEV_IN_OP12_017,OnePlus 12,Chennai,13.0827,80.2707,32351.24,22575.63,-1.425,0.01,1,1,13.7,8429.29,615.28,0,0,0.0,0.0,0,0,normal_routine,0
TXN_UPI_100551,USR_4103,2025-01-11 09:41:00,625.56,Groceries_Daily,DEV_IN_SAMS23_013,Samsung Galaxy S23,Hyderabad,17.385,78.4867,2594.14,5064.36,-0.389,0.24,1,1,0.01,1255.39,125539.34,0,2,0.0,0.0,1,0,normal_routine,0
TXN_UPI_102351,USR_4143,2025-01-11 09:48:00,2253.49,P2P_Transfer,DEV_IN_XRN13_053,Xiaomi Redmi Note 13,Pune,18.5204,73.8567,731.38,388.82,3.915,3.08,1,1,0.01,0.0,0.0,0,2,0.0,0.0,0,0,normal_routine,0
TXN_UPI_101487,USR_4124,2025-01-11 09:51:00,60649.82,Jewelry_Luxury,DEV_IN_IPH15_034,iPhone 15,Kolkata,22.5726,88.3639,20198.27,1.0,40451.545,3.0,1,1,182.8167,0.0,0.0,0,0,0.0,0.0,0,0,benign_festive_spend,0
TXN_UPI_102800,USR_4153,2025-01-11 09:54:00,689.49,Utility_Bills,DEV_IN_XRN13_063,Xiaomi Redmi Note 13,Mumbai,19.076,72.8777,17300.7,22509.99,-0.738,0.04,1,1,0.01,0.0,0.0,0,1,0.0,0.0,0,0,normal_routine,0
TXN_UPI_101536,USR_4125,2025-01-11 09:58:00,263.23,Food_Dining,DEV_IN_OP12_035,OnePlus 12,Pune,18.5204,73.8567,3566.88,5441.73,-0.607,0.07,1,1,132.7333,0.0,0.0,0,2,0.0,0.0,0,0,normal_routine,0
TXN_UPI_100011,USR_4091,2025-01-11 11:05:00,317.97,Groceries_Daily,DEV_IN_IPH15_001,iPhone 15,Bengaluru,12.9716,77.5946,10119.5,28892.76,-0.339,0.03,1,1,0.01,0.0,0.0,0,1,0.0,0.0,0,0,normal_routine,0
TXN_UPI_102167,USR_4139,2025-01-11 11:10:00,284.72,Groceries_Daily,DEV_IN_OP12_049,OnePlus 12,Pune,18.5204,73.8567,510.4,256.91,-0.878,0.56,1,1,64.2,0.0,0.0,0,2,0.0,0.0,0,0,normal_routine,0
TXN_UPI_102666,USR_4150,2025-01-11 11:13:00,584.12,P2P_Transfer,DEV_IN_SAMS23_060,Samsung Galaxy S23,Mumbai,19.076,72.8777,11794.31,18300.03,-0.613,0.05,1,1,0.01,0.0,0.0,0,2,0.0,0.0,0,0,normal_routine,0
TXN_UPI_102213,USR_4140,2025-01-11 11:19:00,218.98,Food_Dining,DEV_IN_XRN13_050,Xiaomi Redmi Note 13,Chennai,13.0827,80.2707,9188.45,18370.57,-0.488,0.02,1,1,63.3333,0.0,0.0,0,0,0.0,0.0,0,0,normal_routine,0
TXN_UPI_103200,USR_4162,2025-01-11 11:34:00,1339.1,P2P_Transfer,DEV_IN_XRN13_072,Xiaomi Redmi Note 13,Bengaluru,12.9716,77.5946,15680.76,14992.81,-0.957,0.09,1,1,47.1833,8140.55,172.53,0,0,0.0,0.0,0,0,normal_routine,0
TXN_UPI_100588,USR_4104,2025-01-11 11:52:00,569.17,Utility_Bills,DEV_IN_OP12_014,OnePlus 12,Mumbai,19.076,72.8777,8349.72,7169.91,-1.085,0.07,1,1,86.85,0.0,0.0,0,0,0.0,0.0,0,0,normal_routine,0
TXN_UPI_103112,USR_4160,2025-01-11 13:02:00,1603.2,Utility_Bills,DEV_IN_OP12_070,OnePlus 12,Chennai,13.0827,80.2707,11424.99,12515.65,-0.785,0.14,1,1,15.3,0.0,0.0,0,2,0.0,0.0,0,0,normal_routine,0
TXN_UPI_102572,USR_4148,2025-01-11 13:20:00,894.71,Utility_Bills,DEV_IN_XRN13_058,Xiaomi Redmi Note 13,Pune,18.5204,73.8567,8140.44,16906.08,-0.429,0.11,1,1,0.01,0.0,0.0,0,1,0.0,0.0,0,0,normal_routine,0
TXN_UPI_100816,USR_4109,2025-01-11 13:23:00,667.95,Utility_Bills,DEV_IN_IPH15_019,iPhone 15,Pune,18.5204,73.8567,675.77,543.33,-0.014,0.99,1,1,0.01,0.0,0.0,0,1,0.0,0.0,0,0,normal_routine,0
TXN_UPI_102346,USR_4143,2025-01-11 13:23:00,967.51,P2P_Transfer,DEV_IN_XRN13_053,Xiaomi Redmi Note 13,Pune,18.5204,73.8567,573.82,277.02,1.421,1.69,1,1,28.35,0.0,0.0,0,2,0.0,0.0,0,0,normal_routine,0
TXN_UPI_103429,USR_4167,2025-01-11 13:25:00,41274.17,Electronics_Gadgets,DEV_IN_NEW_077,Samsung Galaxy S24,Hyderabad,17.385,78.4867,5816.23,11255.49,3.15,7.1,0,1,66.3667,0.0,0.0,0,4,0.0,0.0,0,0,benign_new_device,0
TXN_UPI_101310,USR_4120,2025-01-11 13:28:00,207.11,Food_Dining,DEV_IN_OP12_030,OnePlus 12,Kolkata,22.5726,88.3639,637.88,493.02,-0.874,0.32,1,1,0.01,0.0,0.0,0,1,0.0,0.0,0,0,normal_routine,0
TXN_UPI_101577,USR_4126,2025-01-11 13:31:00,1098.76,P2P_Transfer,DEV_IN_OP12_036,OnePlus 12,Chennai,13.0827,80.2707,28936.62,1.0,-27837.865,0.04,1,1,75.5333,0.0,0.0,0,0,0.0,0.0,0,0,normal_routine,0
TXN_UPI_103430,USR_4167,2025-01-11 13:47:00,62071.92,P2P_Transfer,DEV_CLONE_76,Virtual Android,Lagos,6.5244,3.3792,9756.0,15387.8,3.4,6.36,0,0,0.3667,8215.23,22405.17,0,5,3.0,2.99,1,1,impossible_travel_jump,1
TXN_UPI_100325,USR_4098,2025-01-11 13:54:00,14722.32,Travel_Ticketing,DEV_IN_IPH15_008,iPhone 15,Goa,15.2993,74.124,6624.94,14073.81,0.575,2.22,1,1,0.01,520.05,52004.67,0,2,0.0,0.0,1,0,benign_travel,0
TXN_UPI_102840,USR_4154,2025-01-11 14:11:00,15025.86,Travel_Ticketing,DEV_IN_IPH15_064,iPhone 15,Delhi,28.6139,77.209,10179.74,16943.74,0.286,1.48,1,1,161.4833,1755.8,10.87,0,0,0.0,0.0,0,0,benign_travel,0
TXN_UPI_100052,USR_4092,2025-01-11 15:42:00,14986.48,Travel_Ticketing,DEV_IN_OP12_002,OnePlus 12,Jaipur,26.9124,75.7873,8073.1,10931.78,0.632,1.86,1,1,0.01,1357.77,135777.42,0,1,0.0,0.0,1,0,benign_travel,0
TXN_UPI_102030,USR_4136,2025-01-11 18:36:00,364.65,Food_Dining,DEV_IN_SAMS23_046,Samsung Galaxy S23,Pune,18.5204,73.8567,6443.4,10390.16,-0.585,0.06,1,1,0.01,0.0,0.0,0,3,0.0,0.0,0,0,normal_routine,0
TXN_UPI_101584,USR_4126,2025-01-11 18:59:00,151.8,Food_Dining,DEV_IN_OP12_036,OnePlus 12,Chennai,13.0827,80.2707,14297.01,26109.62,-0.542,0.01,1,1,0.01,0.0,0.0,0,2,0.0,0.0,0,0,normal_routine,0
TXN_UPI_102524,USR_4147,2025-01-11 19:01:00,1195.96,Utility_Bills,DEV_IN_XRN13_057,Xiaomi Redmi Note 13,Pune,18.5204,73.8567,43433.64,30553.27,-1.382,0.03,1,1,33.8167,0.0,0.0,0,0,0.0,0.0,0,0,normal_routine,0
TXN_UPI_100410,USR_4100,2025-01-11 19:06:00,556.02,Groceries_Daily,DEV_IN_OP12_010,OnePlus 12,Pune,18.5204,73.8567,13363.21,22172.69,-0.578,0.04,1,1,53.4833,0.0,0.0,0,0,0.0,0.0,0,0,normal_routine,0
TXN_UPI_102974,USR_4157,2025-01-11 19:11:00,503.32,Food_Dining,DEV_IN_SAMS23_067,Samsung Galaxy S23,Jaipur,26.9124,75.7873,995.19,619.09,-0.795,0.51,1,1,120.5167,0.0,0.0,0,0,0.0,0.0,0,0,normal_routine,0
TXN_UPI_100814,USR_4109,2025-01-11 19:26:00,706.76,P2P_Transfer,DEV_IN_IPH15_019,iPhone 15,Pune,18.5204,73.8567,737.84,687.11,-0.045,0.96,1,1,149.8,0.0,0.0,0,0,0.0,0.0,0,0,normal_routine,0
TXN_UPI_103066,USR_4159,2025-01-11 19:31:00,622.02,Food_Dining,DEV_IN_XRN13_069,Xiaomi Redmi Note 13,Delhi,28.6139,77.209,7258.48,13415.72,-0.495,0.09,1,1,54.1167,0.0,0.0,0,0,0.0,0.0,0,0,normal_routine,0
TXN_UPI_102029,USR_4136,2025-01-11 19:36:00,446.21,Food_Dining,DEV_IN_SAMS23_046,Samsung Galaxy S23,Pune,18.5204,73.8567,8442.46,11311.74,-0.707,0.05,1,1,177.7667,0.0,0.0,0,2,0.0,0.0,0,0,normal_routine,0
TXN_UPI_100547,USR_4103,2025-01-11 19:41:00,1389.16,Utility_Bills,DEV_IN_SAMS23_013,Samsung Galaxy S23,Hyderabad,17.385,78.4867,834.18,531.2,1.045,1.67,1,1,0.01,0.0,0.0,0,3,0.0,0.0,0,0,normal_routine,0
TXN_UPI_100907,USR_4111,2025-01-11 19:46:00,439.18,Groceries_Daily,DEV_IN_SAMS23_021,Samsung Galaxy S23,Hyderabad,17.385,78.4867,6528.63,13608.42,-0.447,0.07,1,1,0.01,0.0,0.0,0,1,0.0,0.0,0,0,normal_routine,0
TXN_UPI_101585,USR_4126,2025-01-11 19:47:00,387.89,Groceries_Daily,DEV_IN_OP12_036,OnePlus 12,Chennai,13.0827,80.2707,12725.32,25014.55,-0.493,0.03,1,1,0.8,0.0,0.0,0,3,0.0,0.0,0,0,normal_routine,0
TXN_UPI_103386,USR_4166,2025-01-11 19:53:00,5389.82,Electronics_Gadgets,DEV_IN_NEW_076,Samsung Galaxy S24,Bengaluru,12.9716,77.5946,7352.34,13406.88,-0.146,0.73,0,1,0.01,0.0,0.0,0,1,0.0,0.0,0,0,benign_new_device,0
TXN_UPI_100183,USR_4095,2025-01-11 20:02:00,377.1,Groceries_Daily,DEV_IN_IPH15_005,iPhone 15,Kolkata,22.5726,88.3639,51313.08,1938.89,-26.271,0.01,1,1,54.9833,0.0,0.0,0,0,0.0,0.0,0,0,normal_routine,0
TXN_UPI_101809,USR_4131,2025-01-11 20:02:00,517.15,Groceries_Daily,DEV_IN_OP12_041,OnePlus 12,Bengaluru,12.9716,77.5946,781.95,444.67,-0.596,0.66,1,1,56.6167,0.0,0.0,0,5,0.0,0.0,0,0,normal_routine,0
TXN_UPI_101987,USR_4135,2025-01-11 20:06:00,423.83,Groceries_Daily,DEV_IN_OP12_045,OnePlus 12,Bengaluru,12.9716,77.5946,382.17,285.99,0.146,1.11,1,1,0.01,0.0,0.0,0,1,0.0,0.0,0,0,normal_routine,0
TXN_UPI_101803,USR_4131,2025-01-11 20:16:00,599.13,Groceries_Daily,DEV_IN_OP12_041,OnePlus 12,Bengaluru,12.9716,77.5946,865.75,415.6,-0.642,0.69,1,1,131.1,0.0,0.0,0,0,0.0,0.0,0,0,normal_routine,0
TXN_UPI_103243,USR_4163,2025-01-11 20:22:00,609.65,P2P_Transfer,DEV_IN_XRN13_073,Xiaomi Redmi Note 13,Chennai,13.0827,80.2707,609.45,136.74,0.001,1.0,1,1,104.55,0.0,0.0,0,0,0.0,0.0,0,0,normal_routine,0
TXN_UPI_101217,USR_4118,2025-01-11 20:29:00,597.63,Utility_Bills,DEV_IN_IPH15_028,iPhone 15,Hyderabad,17.385,78.4867,297.7,1.0,299.929,2.01,1,1,106.8833,0.0,0.0,0,0,0.0,0.0,0,0,normal_routine,0
TXN_UPI_103248,USR_4163,2025-01-11 20:36:00,39215.46,Food_Dining,DEV_IN_NEW_073,Samsung Galaxy S24,Chennai,13.0827,80.2707,400.88,212.38,182.762,97.82,0,1,0.01,0.0,0.0,0,1,0.0,0.0,0,0,benign_new_device,0
TXN_UPI_102932,USR_4156,2025-01-11 20:50:00,1122.9,Utility_Bills,DEV_IN_SAMS23_066,Samsung Galaxy S23,Jaipur,26.9124,75.7873,2854.17,4901.05,-0.353,0.39,1,1,48.5833,0.0,0.0,0,0,0.0,0.0,0,0,normal_routine,0
TXN_UPI_102027,USR_4136,2025-01-11 20:52:00,324.62,Food_Dining,DEV_IN_SAMS23_046,Samsung Galaxy S23,Pune,18.5204,73.8567,24439.08,1.0,-24114.463,0.01,1,1,122.7667,0.0,0.0,0,0,0.0,0.0,0,0,normal_routine,0
TXN_UPI_101989,USR_4135,2025-01-11 20:53:00,423.61,P2P_Transfer,DEV_IN_OP12_045,OnePlus 12,Bengaluru,12.9716,77.5946,7347.11,18413.43,-0.376,0.06,1,1,0.01,0.0,0.0,0,3,0.0,0.0,0,0,normal_routine,0
TXN_UPI_102348,USR_4143,2025-01-11 20:57:00,1510.61,Utility_Bills,DEV_IN_XRN13_053,Xiaomi Redmi Note 13,Pune,18.5204,73.8567,581.29,305.87,3.038,2.6,1,1,72.25,0.0,0.0,0,4,0.0,0.0,0,0,normal_routine,0
TXN_UPI_101127,USR_4116,2025-01-11 20:58:00,254.59,Food_Dining,DEV_IN_OP12_026,OnePlus 12,Hyderabad,17.385,78.4867,178.15,1.0,76.436,1.43,1,1,192.5,0.0,0.0,0,0,0.0,0.0,0,0,normal_routine,0
TXN_UPI_101402,USR_4122,2025-01-11 21:06:00,506.38,P2P_Transfer,DEV_IN_XRN13_032,Xiaomi Redmi Note 13,Delhi,28.6139,77.209,10525.72,16043.14,-0.625,0.05,1,1,0.01,1514.09,151408.97,0,1,0.0,0.0,1,0,normal_routine,0
TXN_UPI_103110,USR_4160,2025-01-11 21:14:00,315.51,Groceries_Daily,DEV_IN_OP12_070,OnePlus 12,Chennai,13.0827,80.2707,7922.97,5841.23,-1.302,0.04,1,1,89.35,706.92,7.91,0,0,0.0,0.0,0,0,normal_routine,0
TXN_UPI_102170,USR_4139,2025-01-11 21:16:00,522.95,Utility_Bills,DEV_IN_OP12_049,OnePlus 12,Pune,18.5204,73.8567,488.45,228.84,0.151,1.07,1,1,0.01,0.0,0.0,0,2,0.0,0.0,0,0,normal_routine,0
TXN_UPI_100364,USR_4099,2025-01-11 21:21:00,294.62,Groceries_Daily,DEV_IN_XRN13_009,Xiaomi Redmi Note 13,Mumbai,19.076,72.8777,922.88,812.48,-0.773,0.32,1,1,25.9333,0.0,0.0,0,0,0.0,0.0,0,0,normal_routine,0
TXN_UPI_101309,USR_4120,2025-01-11 21:27:00,328.02,Groceries_Daily,DEV_IN_OP12_030,OnePlus 12,Kolkata,22.5726,88.3639,741.16,530.49,-0.779,0.44,1,1,60.4667,0.0,0.0,0,0,0.0,0.0,0,0,normal_routine,0
TXN_UPI_103340,USR_4165,2025-01-11 21:29:00,233.21,Groceries_Daily,DEV_IN_IPH15_075,iPhone 15,Bengaluru,12.9716,77.5946,11113.57,23295.2,-0.467,0.02,1,1,0.01,0.0,0.0,0,2,0.0,0.0,0,0,normal_routine,0
TXN_UPI_101174,USR_4117,2025-01-11 21:31:00,571.66,P2P_Transfer,DEV_IN_SAMS23_027,Samsung Galaxy S23,Kolkata,22.5726,88.3639,645.85,529.03,-0.14,0.89,1,1,47.6,0.0,0.0,0,0,0.0,0.0,0,0,normal_routine,0
TXN_UPI_101850,USR_4132,2025-01-11 21:34:00,1088.07,Utility_Bills,DEV_IN_OP12_042,OnePlus 12,Hyderabad,17.385,78.4867,2351.06,2678.56,-0.472,0.46,1,1,60.9667,0.0,0.0,0,0,0.0,0.0,0,0,normal_routine,0
TXN_UPI_102882,USR_4155,2025-01-11 21:36:00,244.29,Groceries_Daily,DEV_IN_SAMS23_065,Samsung Galaxy S23,Hyderabad,17.385,78.4867,401.62,1.0,-157.332,0.61,1,1,217.95,0.0,0.0,0,0,0.0,0.0,0,0,normal_routine,0
TXN_UPI_103476,USR_4168,2025-01-11 21:38:00,1400.78,P2P_Transfer,DEV_IN_XRN13_078,Xiaomi Redmi Note 13,Pune,18.5204,73.8567,1107.64,1691.32,0.173,1.26,1,1,26.4,0.0,0.0,0,5,0.0,0.0,0,0,normal_routine,0
TXN_UPI_103160,USR_4161,2025-01-11 21:47:00,773.68,P2P_Transfer,DEV_IN_OP12_071,OnePlus 12,Kolkata,22.5726,88.3639,1136.94,1339.21,-0.271,0.68,1,1,0.01,0.0,0.0,0,4,0.0,0.0,0,0,normal_routine,0
TXN_UPI_101898,USR_4133,2025-01-11 21:48:00,570.47,P2P_Transfer,DEV_IN_IPH15_043,iPhone 15,Delhi,28.6139,77.209,4530.29,10304.32,-0.384,0.13,1,1,96.1167,0.0,0.0,0,2,0.0,0.0,0,0,normal_routine,0
TXN_UPI_101401,USR_4122,2025-01-11 22:06:00,16650.05,Travel_Ticketing,DEV_IN_XRN13_032,Xiaomi Redmi Note 13,Goa,15.2993,74.124,9300.85,17316.38,0.424,1.79,1,1,121.4333,1514.09,12.47,0,0,0.0,0.0,0,0,benign_travel,0
TXN_UPI_101132,USR_4116,2025-01-12 00:01:00,213.14,Gaming_Crypto,DEV_BOTNET_25,Automated Script Bot,Hyderabad,17.385,78.4867,5366.87,10698.41,-0.482,0.04,0,1,76.4833,0.0,0.0,0,13,0.0,0.0,0,1,credential_stuffing_burst,1
TXN_UPI_103334,USR_4165,2025-01-12 01:42:00,4435.81,Utility_Bills,DEV_IN_IPH15_075,iPhone 15,Bengaluru,12.9716,77.5946,488.44,35.62,110.824,9.08,1,1,156.0667,0.0,0.0,1,0,0.0,0.0,0,0,emergency_nocturnal_legit,0
TXN_UPI_100188,USR_4095,2025-01-12 08:06:00,1034.87,Utility_Bills,DEV_IN_IPH15_005,iPhone 15,Kolkata,22.5726,88.3639,29383.18,29932.86,-0.947,0.04,1,1,0.01,0.0,0.0,0,1,0.0,0.0,0,0,normal_routine,0
TXN_UPI_101269,USR_4119,2025-01-12 08:11:00,411.11,P2P_Transfer,DEV_IN_OP12_029,OnePlus 12,Bengaluru,12.9716,77.5946,10577.37,15564.25,-0.653,0.04,1,1,0.01,0.0,0.0,0,1,0.0,0.0,0,0,normal_routine,0
TXN_UPI_100100,USR_4093,2025-01-12 08:34:00,951.04,P2P_Transfer,DEV_IN_IPH15_003,iPhone 15,Mumbai,19.076,72.8777,596.28,323.24,1.098,1.59,1,1,0.01,0.0,0.0,0,2,0.0,0.0,0,0,normal_routine,0
TXN_UPI_102350,USR_4143,2025-01-12 08:42:00,1033.21,Utility_Bills,DEV_IN_XRN13_053,Xiaomi Redmi Note 13,Pune,18.5204,73.8567,697.84,395.89,0.847,1.48,1,1,0.01,0.0,0.0,0,1,0.0,0.0,0,0,normal_routine,0
TXN_UPI_103425,USR_4167,2025-01-12 08:52:00,926.76,Utility_Bills,DEV_IN_XRN13_077,Xiaomi Redmi Note 13,Hyderabad,17.385,78.4867,10503.32,14471.09,-0.662,0.09,1,1,133.2,0.0,0.0,0,0,0.0,0.0,0,0,normal_routine,0
TXN_UPI_103024,USR_4158,2025-01-12 08:54:00,750.41,P2P_Transfer,DEV_IN_SAMS23_068,Samsung Galaxy S23,Jaipur,26.9124,75.7873,1087.68,970.9,-0.347,0.69,1,1,0.01,0.0,0.0,0,1,0.0,0.0,0,0,normal_routine,0
TXN_UPI_102660,USR_4150,2025-01-12 08:56:00,1139.71,Groceries_Daily,DEV_IN_SAMS23_060,Samsung Galaxy S23,Mumbai,19.076,72.8777,5827.25,8369.5,-0.56,0.2,1,1,0.01,0.0,0.0,0,1,0.0,0.0,0,0,normal_routine,0
TXN_UPI_101129,USR_4116,2025-01-12 09:01:00,29263.84,Food_Dining,DEV_IN_OP12_026,OnePlus 12,Hyderabad,17.385,78.4867,298.71,120.56,240.264,97.97,1,1,180.75,0.0,0.0,0,0,0.0,0.0,0,0,benign_festive_spend,0
TXN_UPI_100095,USR_4093,2025-01-12 09:05:00,381.31,Groceries_Daily,DEV_IN_IPH15_003,iPhone 15,Mumbai,19.076,72.8777,722.13,305.3,-1.116,0.53,1,1,95.7167,0.0,0.0,0,0,0.0,0.0,0,0,normal_routine,0
TXN_UPI_101224,USR_4118,2025-01-12 09:16:00,732.62,P2P_Transfer,DEV_IN_IPH15_028,iPhone 15,Hyderabad,17.385,78.4867,10830.17,23613.73,-0.428,0.07,1,1,0.01,0.0,0.0,0,3,0.0,0.0,0,0,normal_routine,0
TXN_UPI_101227,USR_4118,2025-01-12 09:16:00,1276.86,Utility_Bills,DEV_IN_IPH15_028,iPhone 15,Hyderabad,17.385,78.4867,8032.17,20650.19,-0.327,0.16,1,1,0.01,0.0,0.0,0,1,0.0,0.0,0,0,normal_routine,0
TXN_UPI_100185,USR_4095,2025-01-12 09:19:00,198.71,Food_Dining,DEV_IN_IPH15_005,iPhone 15,Kolkata,22.5726,88.3639,46301.11,29392.13,-1.569,0.0,1,1,182.2,0.0,0.0,0,0,0.0,0.0,0,0,normal_routine,0
TXN_UPI_101133,USR_4116,2025-01-12 09:26:00,269.44,Food_Dining,DEV_IN_OP12_026,OnePlus 12,Hyderabad,17.385,78.4867,4630.62,10067.64,-0.433,0.06,1,1,9.4167,0.0,0.0,0,4,0.0,0.0,0,0,normal_routine,0
TXN_UPI_102712,USR_4151,2025-01-12 09:44:00,932.8,Utility_Bills,DEV_IN_SAMS23_061,Samsung Galaxy S23,Bengaluru,12.9716,77.5946,11472.84,22953.33,-0.459,0.08,1,1,0.01,0.0,0.0,0,1,0.0,0.0,0,0,normal_routine,0
TXN_UPI_101807,USR_4131,2025-01-12 09:49:00,1236.44,P2P_Transfer,DEV_IN_OP12_041,OnePlus 12,Bengaluru,12.9716,77.5946,587.32,326.39,1.989,2.11,1,1,69.9833,0.0,0.0,0,3,0.0,0.0,0,0,normal_routine,0
TXN_UPI_100280,USR_4097,2025-01-12 09:59:00,790.97,P2P_Transfer,DEV_IN_XRN13_007,Xiaomi Redmi Note 13,Delhi,28.6139,77.209,6998.1,14477.92,-0.429,0.11,1,1,0.01,0.0,0.0,0,3,0.0,0.0,0,0,normal_routine,0
TXN_UPI_100327,USR_4098,2025-01-12 11:17:00,726.21,P2P_Transfer,DEV_IN_IPH15_008,iPhone 15,Hyderabad,17.385,78.4867,6775.79,13105.91,-0.462,0.11,1,1,0.01,0.0,0.0,0,4,0.0,0.0,0,0,normal_routine,0
TXN_UPI_100775,USR_4108,2025-01-12 11:21:00,1279.1,Utility_Bills,DEV_IN_IPH15_018,iPhone 15,Delhi,28.6139,77.209,23723.32,25537.02,-0.879,0.05,1,1,0.01,0.0,0.0,0,1,0.0,0.0,0,0,normal_routine,0
TXN_UPI_101583,USR_4126,2025-01-12 11:24:00,79018.12,Electronics_Gadgets,DEV_IN_OP12_036,OnePlus 12,Chennai,13.0827,80.2707,5051.14,9757.57,7.58,15.64,1,1,0.01,0.0,0.0,0,1,0.0,0.0,0,0,benign_festive_spend,0
TXN_UPI_100859,USR_4110,2025-01-12 11:26:00,272.88,Groceries_Daily,DEV_IN_OP12_020,OnePlus 12,Jaipur,26.9124,75.7873,981.95,668.0,-1.061,0.28,1,1,205.45,0.0,0.0,0,0,0.0,0.0,0,0,normal_routine,0
TXN_UPI_100417,USR_4100,2025-01-12 11:32:00,1583.15,Utility_Bills,DEV_IN_OP12_010,OnePlus 12,Pune,18.5204,73.8567,5164.53,14739.17,-0.243,0.31,1,1,0.01,0.0,0.0,0,1,0.0,0.0,0,0,normal_routine,0
TXN_UPI_100319,USR_4098,2025-01-12 11:36:00,46172.44,Electronics_Gadgets,DEV_IN_NEW_008,iPhone 16 Pro,Hyderabad,17.385,78.4867,1875.9,2249.12,19.695,24.61,0,1,204.8167,520.05,2.54,0,0,0.0,0.0,0,0,benign_new_device,0
TXN_UPI_102936,USR_4156,2025-01-12 11:39:00,590.94,P2P_Transfer,DEV_IN_SAMS23_066,Samsung Galaxy S23,Jaipur,26.9124,75.7873,2157.46,3902.46,-0.401,0.27,1,1,0.01,0.0,0.0,0,1,0.0,0.0,0,0,normal_routine,0
TXN_UPI_100456,USR_4101,2025-01-12 13:03:00,268.05,Food_Dining,DEV_IN_IPH15_011,iPhone 15,Mumbai,19.076,72.8777,15122.16,18197.55,-0.816,0.02,1,1,0.01,0.0,0.0,0,1,0.0,0.0,0,0,normal_routine,0
TXN_UPI_103116,USR_4160,2025-01-12 13:11:00,338.11,Food_Dining,DEV_IN_OP12_070,OnePlus 12,Chennai,13.0827,80.2707,7278.44,10946.42,-0.634,0.05,1,1,42.05,0.0,0.0,0,2,0.0,0.0,0,0,normal_routine,0
TXN_UPI_102078,USR_4137,2025-01-12 13:13:00,209.41,Food_Dining,DEV_IN_OP12_047,OnePlus 12,Hyderabad,17.385,78.4867,21675.3,29798.2,-0.72,0.01,1,1,0.01,0.0,0.0,0,1,0.0,0.0,0,0,normal_routine,0
TXN_UPI_101675,USR_4128,2025-01-12 13:15:00,682.17,Utility_Bills,DEV_IN_SAMS23_038,Samsung Galaxy S23,Bengaluru,12.9716,77.5946,8590.58,20349.84,-0.389,0.08,1,1,0.01,0.0,0.0,0,2,0.0,0.0,0,0,normal_routine,0
TXN_UPI_100324,USR_4098,2025-01-12 13:16:00,607.15,Utility_Bills,DEV_IN_IPH15_008,iPhone 15,Hyderabad,17.385,78.4867,7377.16,14755.96,-0.459,0.08,1,1,0.01,0.0,0.0,0,1,0.0,0.0,0,0,normal_routine,0
TXN_UPI_101316,USR_4120,2025-01-12 13:39:00,364.46,Food_Dining,DEV_IN_OP12_030,OnePlus 12,Kolkata,22.5726,88.3639,6456.84,17436.35,-0.349,0.06,1,1,0.01,0.0,0.0,0,1,0.0,0.0,0,0,normal_routine,0
TXN_UPI_100366,USR_4099,2025-01-12 13:45:00,1044.92,Utility_Bills,DEV_IN_XRN13_009,Xiaomi Redmi Note 13,Mumbai,19.076,72.8777,784.13,675.74,0.386,1.33,1,1,0.01,0.0,0.0,0,1,0.0,0.0,0,0,normal_routine,0
TXN_UPI_101317,USR_4120,2025-01-12 13:49:00,30350.36,Gaming_Crypto,DEV_CLONE_29,Virtual Android,Lagos,6.5244,3.3792,5902.99,16716.91,1.462,5.14,0,0,0.1667,9216.67,55300.02,0,2,3.0,2.72,1,1,impossible_travel_jump,1
TXN_UPI_102261,USR_4141,2025-01-12 13:50:00,1219.75,Utility_Bills,DEV_IN_OP12_051,OnePlus 12,Hyderabad,17.385,78.4867,1083.9,1695.56,0.08,1.13,1,1,0.01,0.0,0.0,0,1,0.0,0.0,0,0,normal_routine,0
TXN_UPI_101542,USR_4125,2025-01-12 13:54:00,328.84,Food_Dining,DEV_IN_OP12_035,OnePlus 12,Pune,18.5204,73.8567,8531.03,20859.91,-0.393,0.04,1,1,28.4833,0.0,0.0,0,4,0.0,0.0,0,0,normal_routine,0
TXN_UPI_101000,USR_4113,2025-01-12 18:06:00,400.21,Groceries_Daily,DEV_IN_OP12_023,OnePlus 12,Delhi,28.6139,77.209,2390.24,5192.15,-0.383,0.17,1,1,0.01,0.0,0.0,0,2,0.0,0.0,0,0,normal_routine,0
TXN_UPI_102035,USR_4136,2025-01-12 18:15:00,1224.05,Utility_Bills,DEV_IN_SAMS23_046,Samsung Galaxy S23,Pune,18.5204,73.8567,3248.38,7500.76,-0.27,0.38,1,1,46.8167,0.0,0.0,0,3,0.0,0.0,0,0,normal_routine,0
TXN_UPI_100003,USR_4091,2025-01-12 18:17:00,169.69,Groceries_Daily,DEV_IN_IPH15_001,iPhone 15,Bengaluru,12.9716,77.5946,1027.31,762.88,-1.124,0.17,1,1,153.6667,0.0,0.0,0,0,0.0,0.0,0,0,normal_routine,0
TXN_UPI_102344,USR_4143,2025-01-12 18:30:00,315.59,Food_Dining,DEV_IN_XRN13_053,Xiaomi Redmi Note 13,Pune,18.5204,73.8567,710.35,281.78,-1.401,0.44,1,1,177.2333,0.0,0.0,0,0,0.0,0.0,0,0,normal_routine,0
TXN_UPI_101222,USR_4118,2025-01-12 18:38:00,240.05,P2P_Transfer,DEV_BURNER_27,Realme C11,Hyderabad,17.385,78.4867,14367.89,26332.79,-0.537,0.02,0,1,0.01,0.0,0.0,0,1,0.0,0.0,0,1,stealth_micro_fraud,1
TXN_UPI_100057,USR_4092,2025-01-12 18:39:00,309.64,Food_Dining,DEV_IN_OP12_002,OnePlus 12,Kolkata,22.5726,88.3639,5916.95,9285.18,-0.604,0.05,1,1,0.01,0.0,0.0,0,1,0.0,0.0,0,0,normal_routine,0
TXN_UPI_100864,USR_4110,2025-01-12 18:45:00,219.69,Food_Dining,DEV_IN_OP12_020,OnePlus 12,Jaipur,26.9124,75.7873,657.11,492.5,-0.888,0.33,1,1,47.25,0.0,0.0,0,0,0.0,0.0,0,0,normal_routine,0
TXN_UPI_101901,USR_4133,2025-01-12 18:49:00,177.04,Food_Dining,DEV_IN_IPH15_043,iPhone 15,Delhi,28.6139,77.209,3677.58,8762.43,-0.399,0.05,1,1,0.01,0.0,0.0,0,1,0.0,0.0,0,0,normal_routine,0
TXN_UPI_103339,USR_4165,2025-01-12 18:51:00,960.9,Utility_Bills,DEV_IN_IPH15_075,iPhone 15,Bengaluru,12.9716,77.5946,12382.66,24413.2,-0.468,0.08,1,1,0.01,0.0,0.0,0,1,0.0,0.0,0,0,normal_routine,0
TXN_UPI_101220,USR_4118,2025-01-12 18:55:00,10607.4,Travel_Ticketing,DEV_IN_IPH15_028,iPhone 15,Delhi,28.6139,77.209,18524.13,31272.04,-0.253,0.57,1,1,197.5167,1255.39,6.36,0,0,0.0,0.0,0,0,benign_travel,0
TXN_UPI_103071,USR_4159,2025-01-12 19:13:00,880.69,P2P_Transfer,DEV_IN_XRN13_069,Xiaomi Redmi Note 13,Delhi,28.6139,77.209,9937.84,19560.39,-0.463,0.09,1,1,0.01,0.0,0.0,0,2,0.0,0.0,0,0,normal_routine,0
TXN_UPI_100546,USR_4103,2025-01-12 19:32:00,1138.6,Utility_Bills,DEV_IN_SAMS23_013,Samsung Galaxy S23,Hyderabad,17.385,78.4867,773.29,562.46,0.649,1.47,1,1,144.4667,0.0,0.0,0,2,0.0,0.0,0,0,normal_routine,0
TXN_UPI_103072,USR_4159,2025-01-12 19:33:00,1250.52,Utility_Bills,DEV_IN_XRN13_069,Xiaomi Redmi Note 13,Delhi,28.6139,77.209,9114.46,18830.98,-0.418,0.14,1,1,0.3333,0.0,0.0,0,3,0.0,0.0,0,0,normal_routine,0
TXN_UPI_100006,USR_4091,2025-01-12 19:37:00,471.48,Groceries_Daily,DEV_IN_IPH15_001,iPhone 15,Bengaluru,12.9716,77.5946,558.37,619.54,-0.14,0.84,1,1,143.3167,0.0,0.0,0,0,0.0,0.0,0,0,normal_routine,0
TXN_UPI_102163,USR_4139,2025-01-12 19:41:00,917.73,P2P_Transfer,DEV_IN_OP12_049,OnePlus 12,Pune,18.5204,73.8567,462.39,233.94,1.946,1.98,1,1,93.7167,0.0,0.0,0,0,0.0,0.0,0,0,normal_routine,0
TXN_UPI_102437,USR_4145,2025-01-12 19:45:00,162.36,Food_Dining,DEV_IN_SAMS23_055,Samsung Galaxy S23,Mumbai,19.076,72.8777,24803.56,29968.89,-0.822,0.01,1,1,149.9833,0.0,0.0,0,0,0.0,0.0,0,0,normal_routine,0
TXN_UPI_103073,USR_4159,2025-01-12 19:50:00,42257.6,Gaming_Crypto,DEV_CLONE_68,Virtual Android,Lagos,6.5244,3.3792,8459.13,18159.83,1.861,5.0,0,0,0.2833,8084.29,28532.81,0,4,3.0,2.69,1,1,impossible_travel_jump,1
TXN_UPI_101761,USR_4130,2025-01-12 19:51:00,411.48,Food_Dining,DEV_IN_SAMS23_040,Samsung Galaxy S23,Pune,18.5204,73.8567,24600.49,31741.66,-0.762,0.02,1,1,0.01,0.0,0.0,0,1,0.0,0.0,0,0,normal_routine,0
TXN_UPI_100189,USR_4095,2025-01-12 19:53:00,272.34,Food_Dining,DEV_IN_IPH15_005,iPhone 15,Kolkata,22.5726,88.3639,25839.64,29527.54,-0.866,0.01,1,1,11.7833,0.0,0.0,0,2,0.0,0.0,0,0,normal_routine,0
TXN_UPI_102255,USR_4141,2025-01-12 19:57:00,583.9,Utility_Bills,DEV_IN_OP12_051,OnePlus 12,Hyderabad,17.385,78.4867,518.16,175.8,0.374,1.13,1,1,144.0,0.0,0.0,0,0,0.0,0.0,0,0,normal_routine,0
TXN_UPI_102573,USR_4148,2025-01-12 19:58:00,1213.53,Utility_Bills,DEV_IN_XRN13_058,Xiaomi Redmi Note 13,Pune,18.5204,73.8567,7105.34,15856.02,-0.372,0.17,1,1,30.6333,0.0,0.0,0,2,0.0,0.0,0,0,normal_routine,0
TXN_UPI_100906,USR_4111,2025-01-12 19:59:00,456.8,P2P_Transfer,DEV_IN_SAMS23_021,Samsung Galaxy S23,Hyderabad,17.385,78.4867,7742.99,14607.5,-0.499,0.06,1,1,71.1,0.0,0.0,0,0,0.0,0.0,0,0,normal_routine,0
TXN_UPI_103294,USR_4164,2025-01-12 20:13:00,441.44,Food_Dining,DEV_IN_IPH15_074,iPhone 15,Delhi,28.6139,77.209,10725.39,21663.86,-0.475,0.04,1,1,0.01,0.0,0.0,0,2,0.0,0.0,0,0,normal_routine,0
TXN_UPI_101445,USR_4123,2025-01-12 20:14:00,216.43,Food_Dining,DEV_IN_OP12_033,OnePlus 12,Chennai,13.0827,80.2707,525.19,295.51,-1.045,0.41,1,1,73.5167,0.0,0.0,0,0,0.0,0.0,0,0,normal_routine,0
TXN_UPI_101534,USR_4125,2025-01-12 20:14:00,1355.55,Utility_Bills,DEV_IN_OP12_035,OnePlus 12,Pune,18.5204,73.8567,5095.67,6595.96,-0.567,0.27,1,1,198.9667,0.0,0.0,0,0,0.0,0.0,0,0,normal_routine,0
TXN_UPI_100101,USR_4093,2025-01-12 20:17:00,1385.35,P2P_Transfer,DEV_IN_IPH15_003,iPhone 15,Mumbai,19.076,72.8777,631.75,324.59,2.322,2.19,1,1,11.7167,0.0,0.0,0,3,0.0,0.0,0,0,normal_routine,0
TXN_UPI_100953,USR_4112,2025-01-12 20:21:00,1677.15,Utility_Bills,DEV_IN_SAMS23_022,Samsung Galaxy S23,Hyderabad,17.385,78.4867,661.95,441.23,2.301,2.53,1,1,0.01,0.0,0.0,0,1,0.0,0.0,0,0,normal_routine,0
TXN_UPI_102752,USR_4152,2025-01-12 20:24:00,335.29,Groceries_Daily,DEV_IN_OP12_062,OnePlus 12,Bengaluru,12.9716,77.5946,907.46,551.93,-1.037,0.37,1,1,0.01,0.0,0.0,0,1,0.0,0.0,0,0,normal_routine,0
TXN_UPI_101623,USR_4127,2025-01-12 20:28:00,238.55,Food_Dining,DEV_IN_XRN13_037,Xiaomi Redmi Note 13,Mumbai,19.076,72.8777,430.56,323.36,-0.594,0.55,1,1,217.3,0.0,0.0,0,0,0.0,0.0,0,0,normal_routine,0
TXN_UPI_101631,USR_4127,2025-01-12 20:28:00,249.21,Groceries_Daily,DEV_IN_XRN13_037,Xiaomi Redmi Note 13,Mumbai,19.076,72.8777,14719.86,29651.07,-0.488,0.02,1,1,0.01,0.0,0.0,0,1,0.0,0.0,0,0,normal_routine,0
TXN_UPI_102847,USR_4154,2025-01-12 20:38:00,340.43,Groceries_Daily,DEV_IN_IPH15_064,iPhone 15,Chennai,13.0827,80.2707,6058.56,11403.74,-0.501,0.06,1,1,0.01,0.0,0.0,0,1,0.0,0.0,0,0,normal_routine,0
TXN_UPI_102798,USR_4153,2025-01-12 20:50:00,58604.47,Food_Dining,DEV_IN_XRN13_063,Xiaomi Redmi Note 13,Mumbai,19.076,72.8777,13597.85,18979.91,2.371,4.31,1,1,107.35,0.0,0.0,0,0,0.0,0.0,0,0,benign_festive_spend,0
TXN_UPI_102306,USR_4142,2025-01-12 20:59:00,30818.75,Electronics_Gadgets,DEV_IN_IPH15_052,iPhone 15,Hyderabad,17.385,78.4867,1153.5,1528.64,19.406,26.72,1,1,0.01,0.0,0.0,0,2,0.0,0.0,0,0,benign_festive_spend,0
TXN_UPI_102980,USR_4157,2025-01-12 21:00:00,426.72,Groceries_Daily,DEV_IN_SAMS23_067,Samsung Galaxy S23,Jaipur,26.9124,75.7873,772.88,496.94,-0.697,0.55,1,1,0.01,0.0,0.0,0,1,0.0,0.0,0,0,normal_routine,0
TXN_UPI_102532,USR_4147,2025-01-12 21:18:00,938.91,Utility_Bills,DEV_IN_XRN13_057,Xiaomi Redmi Note 13,Pune,18.5204,73.8567,12518.68,24760.57,-0.468,0.08,1,1,0.01,0.0,0.0,0,2,0.0,0.0,0,0,normal_routine,0
TXN_UPI_100454,USR_4101,2025-01-12 21:20:00,36458.12,Electronics_Gadgets,DEV_IN_NEW_011,iPhone 16 Pro,Mumbai,19.076,72.8777,12975.15,17933.62,1.309,2.81,0,1,240.8333,7620.35,31.64,0,0,0.0,0.0,0,0,benign_new_device,0
TXN_UPI_100820,USR_4109,2025-01-12 21:30:00,492.26,Food_Dining,DEV_IN_IPH15_019,iPhone 15,Pune,18.5204,73.8567,5855.78,14893.6,-0.36,0.08,1,1,0.01,0.0,0.0,0,1,0.0,0.0,0,0,normal_routine,0
TXN_UPI_103251,USR_4163,2025-01-12 21:31:00,761.18,Utility_Bills,DEV_IN_XRN13_073,Xiaomi Redmi Note 13,Chennai,13.0827,80.2707,8452.52,16140.17,-0.477,0.09,1,1,0.01,0.0,0.0,0,2,0.0,0.0,0,0,normal_routine,0
TXN_UPI_102620,USR_4149,2025-01-12 21:35:00,266.17,Groceries_Daily,DEV_IN_SAMS23_059,Samsung Galaxy S23,Hyderabad,17.385,78.4867,10170.07,16975.15,-0.583,0.03,1,1,0.01,0.0,0.0,0,4,0.0,0.0,0,0,normal_routine,0
TXN_UPI_102120,USR_4138,2025-01-12 21:39:00,272.96,Groceries_Daily,DEV_IN_IPH15_048,iPhone 15,Delhi,28.6139,77.209,2413.77,2831.26,-0.756,0.11,1,1,60.4667,0.0,0.0,0,0,0.0,0.0,0,0,normal_routine,0
TXN_UPI_101674,USR_4128,2025-01-12 21:53:00,343.45,Food_Dining,DEV_IN_SAMS23_038,Samsung Galaxy S23,Bengaluru,12.9716,77.5946,9621.47,21361.55,-0.434,0.04,1,1,0.01,0.0,0.0,0,1,0.0,0.0,0,0,normal_routine,0
TXN_UPI_103519,USR_4169,2025-01-13 00:29:00,12497.38,Travel_Ticketing,DEV_IN_IPH15_079,iPhone 15,Jaipur,26.9124,75.7873,6532.8,15522.05,0.384,1.91,1,1,75.0333,1357.77,18.1,0,2,0.0,0.0,0,0,benign_travel,0
TXN_UPI_101266,USR_4119,2025-01-13 00:40:00,17738.98,Travel_Ticketing,DEV_IN_OP12_029,OnePlus 12,Jaipur,26.9124,75.7873,13292.67,18081.91,0.246,1.33,1,1,39.45,1561.54,39.58,0,0,0.0,0.0,0,0,benign_travel,0
TXN_UPI_102983,USR_4157,2025-01-13 02:05:00,1105.23,Utility_Bills,DEV_IN_SAMS23_067,Samsung Galaxy S23,Jaipur,26.9124,75.7873,1498.97,2737.82,-0.144,0.74,1,1,0.01,7937.78,793778.08,1,4,0.0,0.0,1,0,emergency_nocturnal_legit,0
TXN_UPI_102843,USR_4154,2025-01-13 04:27:00,6393.59,Utility_Bills,DEV_IN_IPH15_064,iPhone 15,Chennai,13.0827,80.2707,8198.39,13729.54,-0.131,0.78,1,1,0.01,0.0,0.0,1,1,0.0,0.0,0,0,emergency_nocturnal_legit,0
TXN_UPI_103070,USR_4159,2025-01-13 08:07:00,803.13,P2P_Transfer,DEV_IN_XRN13_069,Xiaomi Redmi Note 13,Delhi,28.6139,77.209,10952.81,20367.12,-0.498,0.07,1,1,0.01,0.0,0.0,0,1,0.0,0.0,0,0,normal_routine,0
TXN_UPI_101223,USR_4118,2025-01-13 08:27:00,194.02,Food_Dining,DEV_IN_IPH15_028,iPhone 15,Hyderabad,17.385,78.4867,12349.62,24875.63,-0.489,0.02,1,1,13.8167,0.0,0.0,0,2,0.0,0.0,0,0,normal_routine,0
TXN_UPI_102074,USR_4137,2025-01-13 08:41:00,44699.1,Groceries_Daily,DEV_IN_NEW_047,Samsung Galaxy S24,Hyderabad,17.385,78.4867,29684.7,39074.24,0.384,1.51,0,1,52.7833,0.0,0.0,0,0,0.0,0.0,0,0,benign_new_device,0
TXN_UPI_101945,USR_4134,2025-01-13 09:02:00,842.99,Utility_Bills,DEV_IN_OP12_044,OnePlus 12,Chennai,13.0827,80.2707,7178.14,13219.71,-0.479,0.12,1,1,0.01,0.0,0.0,0,2,0.0,0.0,0,0,normal_routine,0
TXN_UPI_103296,USR_4164,2025-01-13 09:10:00,275.73,Groceries_Daily,DEV_IN_IPH15_074,iPhone 15,Delhi,28.6139,77.209,8758.95,19772.88,-0.429,0.03,1,1,0.01,0.0,0.0,0,1,0.0,0.0,0,0,normal_routine,0
TXN_UPI_101090,USR_4115,2025-01-13 09:12:00,795.7,Utility_Bills,DEV_IN_XRN13_025,Xiaomi Redmi Note 13,Bengaluru,12.9716,77.5946,2152.52,4469.31,-0.304,0.37,1,1,0.01,0.0,0.0,0,1,0.0,0.0,0,0,normal_routine,0
TXN_UPI_100822,USR_4109,2025-01-13 09:21:00,63105.01,Electronics_Gadgets,DEV_IN_IPH15_019,iPhone 15,Pune,18.5204,73.8567,4852.21,13639.1,4.271,13.01,1,1,0.01,0.0,0.0,0,1,0.0,0.0,0,0,benign_festive_spend,0
TXN_UPI_101449,USR_4123,2025-01-13 09:44:00,327.35,P2P_Transfer,DEV_IN_OP12_033,OnePlus 12,Chennai,13.0827,80.2707,525.19,333.02,-0.594,0.62,1,1,0.01,0.0,0.0,0,1,0.0,0.0,0,0,normal_routine,0
TXN_UPI_100951,USR_4112,2025-01-13 09:58:00,420.54,Groceries_Daily,DEV_IN_SAMS23_022,Samsung Galaxy S23,Hyderabad,17.385,78.4867,784.73,466.99,-0.78,0.54,1,1,192.6833,0.0,0.0,0,0,0.0,0.0,0,0,normal_routine,0
TXN_UPI_100909,USR_4111,2025-01-13 11:27:00,599.25,Groceries_Daily,DEV_IN_SAMS23_021,Samsung Galaxy S23,Hyderabad,17.385,78.4867,5076.39,12051.5,-0.372,0.12,1,1,61.8333,0.0,0.0,0,0,0.0,0.0,0,0,normal_routine,0
TXN_UPI_101633,USR_4127,2025-01-13 11:33:00,1710.37,Utility_Bills,DEV_IN_XRN13_037,Xiaomi Redmi Note 13,Mumbai,19.076,72.8777,16101.35,28784.21,-0.5,0.11,1,1,0.01,0.0,0.0,0,3,0.0,0.0,0,0,normal_routine,0
TXN_UPI_101039,USR_4114,2025-01-13 11:37:00,1521.56,Utility_Bills,DEV_IN_SAMS23_024,Samsung Galaxy S23,Delhi,28.6139,77.209,1330.57,242.36,0.788,1.14,1,1,184.85,0.0,0.0,0,0,0.0,0.0,0,0,normal_routine,0
TXN_UPI_100687,USR_4106,2025-01-13 11:42:00,135.63,Food_Dining,DEV_IN_OP12_016,OnePlus 12,Pune,18.5204,73.8567,2257.7,4991.11,-0.425,0.06,1,1,0.01,0.0,0.0,0,2,0.0,0.0,0,0,normal_routine,0
TXN_UPI_102122,USR_4138,2025-01-13 11:48:00,19038.57,Groceries_Daily,DEV_IN_NEW_048,iPhone 16 Pro,Delhi,28.6139,77.209,1809.62,2471.83,6.97,10.52,0,1,110.55,0.0,0.0,0,0,0.0,0.0,0,0,benign_new_device,0
TXN_UPI_102443,USR_4145,2025-01-13 11:48:00,1348.56,P2P_Transfer,DEV_IN_SAMS23_055,Samsung Galaxy S23,Mumbai,19.076,72.8777,13068.83,24250.89,-0.483,0.1,1,1,0.01,0.0,0.0,0,4,0.0,0.0,0,0,normal_routine,0
TXN_UPI_102444,USR_4145,2025-01-13 12:15:00,30924.83,Electronics_Gadgets,DEV_CLONE_54,Virtual Android,Lagos,6.5244,3.3792,12167.27,23507.88,0.798,2.54,0,0,0.45,7620.35,16934.1,0,5,3.0,1.9,1,0,impossible_travel_jump,1
TXN_UPI_100187,USR_4095,2025-01-13 13:02:00,16424.94,Food_Dining,DEV_IN_IPH15_005,iPhone 15,Kolkata,22.5726,88.3639,31542.89,31822.24,-0.475,0.52,1,1,153.75,0.0,0.0,0,0,0.0,0.0,0,0,benign_festive_spend,0
TXN_UPI_102754,USR_4152,2025-01-13 13:04:00,1854.92,Utility_Bills,DEV_IN_OP12_062,OnePlus 12,Bengaluru,12.9716,77.5946,1120.76,934.28,0.786,1.66,1,1,71.5167,0.0,0.0,0,3,0.0,0.0,0,0,normal_routine,0
TXN_UPI_102706,USR_4151,2025-01-13 13:13:00,342.0,Food_Dining,DEV_IN_SAMS23_061,Samsung Galaxy S23,Bengaluru,12.9716,77.5946,6861.9,12374.72,-0.527,0.05,1,1,65.5167,0.0,0.0,0,0,0.0,0.0,0,0,normal_routine,0
TXN_UPI_100952,USR_4112,2025-01-13 13:14:00,289.46,Food_Dining,DEV_IN_SAMS23_022,Samsung Galaxy S23,Hyderabad,17.385,78.4867,724.03,447.39,-0.971,0.4,1,1,3.2667,0.0,0.0,0,0,0.0,0.0,0,0,normal_routine,0
TXN_UPI_102749,USR_4152,2025-01-13 13:21:00,810.13,P2P_Transfer,DEV_IN_OP12_062,OnePlus 12,Bengaluru,12.9716,77.5946,747.2,528.1,0.119,1.08,1,1,217.5167,0.0,0.0,0,0,0.0,0.0,0,0,normal_routine,0
TXN_UPI_103201,USR_4162,2025-01-13 13:21:00,1333.89,Utility_Bills,DEV_IN_XRN13_072,Xiaomi Redmi Note 13,Bengaluru,12.9716,77.5946,12812.43,14585.5,-0.787,0.1,1,1,49.7833,0.0,0.0,0,0,0.0,0.0,0,0,normal_routine,0
TXN_UPI_100365,USR_4099,2025-01-13 13:33:00,857.42,P2P_Transfer,DEV_IN_XRN13_009,Xiaomi Redmi Note 13,Mumbai,19.076,72.8777,765.81,754.39,0.121,1.12,1,1,40.2,0.0,0.0,0,0,0.0,0.0,0,0,normal_routine,0
TXN_UPI_103514,USR_4169,2025-01-13 13:34:00,814.72,Utility_Bills,DEV_IN_IPH15_079,iPhone 15,Kolkata,22.5726,88.3639,16643.4,21882.39,-0.723,0.05,1,1,215.7167,0.0,0.0,0,0,0.0,0.0,0,0,normal_routine,0
TXN_UPI_103019,USR_4158,2025-01-13 13:39:00,1055.24,P2P_Transfer,DEV_IN_SAMS23_068,Samsung Galaxy S23,Jaipur,26.9124,75.7873,1109.79,411.22,-0.133,0.95,1,1,99.9667,0.0,0.0,0,0,0.0,0.0,0,0,normal_routine,0
TXN_UPI_100236,USR_4096,2025-01-13 13:41:00,630.44,Groceries_Daily,DEV_IN_SAMS23_006,Samsung Galaxy S23,Jaipur,26.9124,75.7873,580.22,489.0,0.103,1.09,1,1,0.01,0.0,0.0,0,1,0.0,0.0,0,0,normal_routine,0
TXN_UPI_101669,USR_4128,2025-01-13 13:44:00,497.34,P2P_Transfer,DEV_IN_SAMS23_038,Samsung Galaxy S23,Bengaluru,12.9716,77.5946,909.68,419.81,-0.982,0.55,1,1,192.0,0.0,0.0,0,0,0.0,0.0,0,0,normal_routine,0
TXN_UPI_100192,USR_4095,2025-01-13 13:47:00,1441.49,Utility_Bills,DEV_IN_IPH15_005,iPhone 15,Kolkata,22.5726,88.3639,20271.88,26985.92,-0.698,0.07,1,1,0.01,0.0,0.0,0,1,0.0,0.0,0,0,normal_routine,0
TXN_UPI_101760,USR_4130,2025-01-13 13:52:00,43855.06,Food_Dining,DEV_IN_NEW_040,Samsung Galaxy S24,Pune,18.5204,73.8567,19786.85,33816.57,0.712,2.22,0,1,89.6,0.0,0.0,0,0,0.0,0.0,0,0,benign_new_device,0
TXN_UPI_101896,USR_4133,2025-01-13 13:58:00,358.81,Groceries_Daily,DEV_IN_IPH15_043,iPhone 15,Delhi,28.6139,77.209,6233.02,11768.61,-0.499,0.06,1,1,77.4167,0.0,0.0,0,0,0.0,0.0,0,0,normal_routine,0
TXN_UPI_101492,USR_4124,2025-01-13 13:59:00,279.48,Groceries_Daily,DEV_IN_IPH15_034,iPhone 15,Kolkata,22.5726,88.3639,16094.73,21132.01,-0.748,0.02,1,1,90.8667,0.0,0.0,0,0,0.0,0.0,0,0,normal_routine,0
TXN_UPI_102440,USR_4145,2025-01-13 18:06:00,1071.63,Utility_Bills,DEV_IN_SAMS23_055,Samsung Galaxy S23,Mumbai,19.076,72.8777,16732.51,27002.18,-0.58,0.06,1,1,0.01,0.0,0.0,0,1,0.0,0.0,0,0,normal_routine,0
TXN_UPI_103208,USR_4162,2025-01-13 18:10:00,544.49,Utility_Bills,DEV_IN_XRN13_072,Xiaomi Redmi Note 13,Bengaluru,12.9716,77.5946,12740.4,24155.43,-0.505,0.04,1,1,0.01,0.0,0.0,0,3,0.0,0.0,0,0,normal_routine,0
TXN_UPI_101632,USR_4127,2025-01-13 18:20:00,45768.38,Electronics_Gadgets,DEV_IN_NEW_037,Samsung Galaxy S24,Mumbai,19.076,72.8777,13404.35,28575.62,1.133,3.41,0,1,21.8667,0.0,0.0,0,2,0.0,0.0,0,0,benign_new_device,0
TXN_UPI_100815,USR_4109,2025-01-13 18:27:00,458.59,Groceries_Daily,DEV_IN_IPH15_019,iPhone 15,Pune,18.5204,73.8567,730.07,595.21,-0.456,0.63,1,1,47.0167,0.0,0.0,0,0,0.0,0.0,0,0,normal_routine,0
TXN_UPI_102623,USR_4149,2025-01-13 18:27:00,208.91,Groceries_Daily,DEV_IN_SAMS23_059,Samsung Galaxy S23,Hyderabad,17.385,78.4867,7688.9,15316.18,-0.488,0.03,1,1,0.01,0.0,0.0,0,1,0.0,0.0,0,0,normal_routine,0
TXN_UPI_101087,USR_4115,2025-01-13 18:32:00,640.98,Groceries_Daily,DEV_IN_XRN13_025,Xiaomi Redmi Note 13,Bengaluru,12.9716,77.5946,3022.53,5260.89,-0.453,0.21,1,1,0.01,0.0,0.0,0,1,0.0,0.0,0,0,normal_routine,0
TXN_UPI_102755,USR_4152,2025-01-13 18:34:00,352.0,Groceries_Daily,DEV_IN_OP12_062,OnePlus 12,Bengaluru,12.9716,77.5946,1202.33,910.56,-0.934,0.29,1,1,5.5,0.0,0.0,0,4,0.0,0.0,0,0,normal_routine,0
TXN_UPI_100141,USR_4094,2025-01-13 19:03:00,363.98,Groceries_Daily,DEV_IN_SAMS23_004,Samsung Galaxy S23,Bengaluru,12.9716,77.5946,5467.04,8801.55,-0.58,0.07,1,1,117.9167,0.0,0.0,0,0,0.0,0.0,0,0,normal_routine,0
TXN_UPI_100051,USR_4092,2025-01-13 19:04:00,28851.07,Groceries_Daily,DEV_IN_NEW_002,Samsung Galaxy S24,Kolkata,22.5726,88.3639,3917.51,6308.0,3.953,7.36,0,1,79.7667,0.0,0.0,0,0,0.0,0.0,0,0,benign_new_device,0
TXN_UPI_101939,USR_4134,2025-01-13 19:04:00,213.84,Food_Dining,DEV_IN_OP12_044,OnePlus 12,Chennai,13.0827,80.2707,15454.97,19858.88,-0.767,0.01,1,1,240.7333,0.0,0.0,0,0,0.0,0.0,0,0,normal_routine,0
TXN_UPI_101990,USR_4135,2025-01-13 19:04:00,1015.47,P2P_Transfer,DEV_IN_OP12_045,OnePlus 12,Bengaluru,12.9716,77.5946,6577.84,17496.17,-0.318,0.15,1,1,46.1833,0.0,0.0,0,4,0.0,0.0,0,0,normal_routine,0
TXN_UPI_101991,USR_4135,2025-01-13 19:21:00,1095.36,Utility_Bills,DEV_IN_OP12_045,OnePlus 12,Bengaluru,12.9716,77.5946,6021.6,16681.99,-0.295,0.18,1,1,0.2833,0.0,0.0,0,5,0.0,0.0,0,0,normal_routine,0
TXN_UPI_101670,USR_4128,2025-01-13 19:26:00,223.91,Food_Dining,DEV_IN_SAMS23_038,Samsung Galaxy S23,Bengaluru,12.9716,77.5946,806.6,405.05,-1.439,0.28,1,1,5.7,0.0,0.0,0,0,0.0,0.0,0,0,normal_routine,0
TXN_UPI_101085,USR_4115,2025-01-13 19:30:00,450.67,Food_Dining,DEV_IN_XRN13_025,Xiaomi Redmi Note 13,Bengaluru,12.9716,77.5946,4278.36,6064.84,-0.631,0.11,1,1,162.5,845.32,5.2,0,0,0.0,0.0,0,0,normal_routine,0
TXN_UPI_100544,USR_4103,2025-01-13 19:41:00,779.12,P2P_Transfer,DEV_IN_SAMS23_013,Samsung Galaxy S23,Hyderabad,17.385,78.4867,941.34,642.13,-0.253,0.83,1,1,192.55,0.0,0.0,0,0,0.0,0.0,0,0,normal_routine,0
TXN_UPI_102569,USR_4148,2025-01-13 19:42:00,1315.86,Utility_Bills,DEV_IN_XRN13_058,Xiaomi Redmi Note 13,Pune,18.5204,73.8567,15712.07,21370.38,-0.674,0.08,1,1,202.8333,0.0,0.0,0,0,0.0,0.0,0,0,normal_routine,0
TXN_UPI_101804,USR_4131,2025-01-13 19:47:00,407.6,P2P_Transfer,DEV_IN_OP12_041,OnePlus 12,Bengaluru,12.9716,77.5946,776.87,361.86,-1.02,0.52,1,1,47.5167,0.0,0.0,0,0,0.0,0.0,0,0,normal_routine,0
TXN_UPI_102033,USR_4136,2025-01-13 20:18:00,271.42,P2P_Transfer,DEV_IN_SAMS23_046,Samsung Galaxy S23,Pune,18.5204,73.8567,3916.11,8379.3,-0.435,0.07,1,1,0.01,0.0,0.0,0,1,0.0,0.0,0,0,normal_routine,0
TXN_UPI_100099,USR_4093,2025-01-13 20:21:00,688.45,Utility_Bills,DEV_IN_IPH15_003,iPhone 15,Mumbai,19.076,72.8777,584.75,341.1,0.304,1.18,1,1,0.01,0.0,0.0,0,1,0.0,0.0,0,0,normal_routine,0
TXN_UPI_100234,USR_4096,2025-01-13 20:24:00,192.18,Groceries_Daily,DEV_IN_SAMS23_006,Samsung Galaxy S23,Jaipur,26.9124,75.7873,669.99,508.33,-0.94,0.29,1,1,0.01,0.0,0.0,0,1,0.0,0.0,0,0,normal_routine,0
TXN_UPI_102080,USR_4137,2025-01-13 20:25:00,656.08,Food_Dining,DEV_IN_OP12_047,OnePlus 12,Hyderabad,17.385,78.4867,17207.44,27584.26,-0.6,0.04,1,1,0.01,0.0,0.0,0,3,0.0,0.0,0,0,normal_routine,0
TXN_UPI_102659,USR_4150,2025-01-13 20:29:00,839.65,Utility_Bills,DEV_IN_SAMS23_060,Samsung Galaxy S23,Mumbai,19.076,72.8777,7489.78,9074.25,-0.733,0.11,1,1,174.6167,0.0,0.0,0,0,0.0,0.0,0,0,normal_routine,0
TXN_UPI_101450,USR_4123,2025-01-13 20:47:00,34492.88,Electronics_Gadgets,DEV_IN_NEW_033,Samsung Galaxy S24,Chennai,13.0827,80.2707,503.2,320.07,106.195,68.55,0,1,11.05,0.0,0.0,0,2,0.0,0.0,0,0,benign_new_device,0
TXN_UPI_101452,USR_4123,2025-01-13 20:47:00,14469.21,Food_Dining,DEV_IN_NEW_033,Samsung Galaxy S24,Chennai,13.0827,80.2707,3565.01,9784.94,1.114,4.06,0,1,0.01,0.0,0.0,0,1,0.0,0.0,0,0,benign_new_device,0
TXN_UPI_101494,USR_4124,2025-01-13 20:49:00,425.91,Groceries_Daily,DEV_IN_IPH15_034,iPhone 15,Kolkata,22.5726,88.3639,12144.3,19538.15,-0.6,0.04,1,1,0.01,0.0,0.0,0,1,0.0,0.0,0,0,normal_routine,0
TXN_UPI_100684,USR_4106,2025-01-13 20:57:00,296.99,Food_Dining,DEV_IN_OP12_016,OnePlus 12,Pune,18.5204,73.8567,2865.2,5733.9,-0.448,0.1,1,1,0.01,1172.99,117299.5,0,1,0.0,0.0,1,0,normal_routine,0
TXN_UPI_101312,USR_4120,2025-01-13 21:01:00,105.83,Food_Dining,DEV_IN_OP12_030,OnePlus 12,Kolkata,22.5726,88.3639,707.77,555.46,-1.084,0.15,1,1,0.01,0.0,0.0,0,1,0.0,0.0,0,0,normal_routine,0
TXN_UPI_100499,USR_4102,2025-01-13 21:04:00,255.04,Groceries_Daily,DEV_IN_SAMS23_012,Samsung Galaxy S23,Hyderabad,17.385,78.4867,2168.89,1806.92,-1.059,0.12,1,1,242.0333,0.0,0.0,0,0,0.0,0.0,0,0,normal_routine,0
TXN_UPI_102173,USR_4139,2025-01-13 21:12:00,1988.74,Utility_Bills,DEV_IN_OP12_049,OnePlus 12,Pune,18.5204,73.8567,461.07,210.05,7.273,4.31,1,1,0.01,0.0,0.0,0,1,0.0,0.0,0,0,normal_routine,0
TXN_UPI_102482,USR_4146,2025-01-13 21:13:00,58363.32,Electronics_Gadgets,DEV_IN_SAMS23_056,Samsung Galaxy S23,Hyderabad,17.385,78.4867,21542.25,31529.34,1.168,2.71,1,1,0.01,0.0,0.0,0,1,0.0,0.0,0,0,benign_festive_spend,0
TXN_UPI_103341,USR_4165,2025-01-13 21:41:00,215.63,Groceries_Daily,DEV_IN_IPH15_075,iPhone 15,Bengaluru,12.9716,77.5946,10025.54,22339.52,-0.439,0.02,1,1,48.2,0.0,0.0,0,3,0.0,0.0,0,0,normal_routine,0
TXN_UPI_101628,USR_4127,2025-01-13 21:56:00,803.06,P2P_Transfer,DEV_IN_XRN13_037,Xiaomi Redmi Note 13,Mumbai,19.076,72.8777,7815.22,17740.73,-0.395,0.1,1,1,152.25,0.0,0.0,0,0,0.0,0.0,0,0,normal_routine,0
TXN_UPI_100867,USR_4110,2025-01-13 23:14:00,16492.44,Travel_Ticketing,DEV_IN_OP12_020,OnePlus 12,Goa,15.2993,74.124,630.18,442.65,35.835,26.17,1,1,0.01,1302.74,130273.75,0,1,0.0,0.0,1,0,benign_travel,0
TXN_UPI_101941,USR_4134,2025-01-14 00:45:00,8467.66,Travel_Ticketing,DEV_IN_OP12_044,OnePlus 12,Jaipur,26.9124,75.7873,10914.15,16540.97,-0.148,0.78,1,1,0.01,0.0,0.0,0,1,0.0,0.0,0,0,benign_travel,0
TXN_UPI_100550,USR_4103,2025-01-14 00:49:00,17713.69,Travel_Ticketing,DEV_IN_SAMS23_013,Samsung Galaxy S23,Delhi,28.6139,77.209,914.19,524.52,32.028,19.38,1,1,0.01,1255.39,125539.34,0,1,0.0,0.0,1,0,benign_travel,0
TXN_UPI_103380,USR_4166,2025-01-14 01:39:00,120.6,Gaming_Crypto,DEV_BOTNET_75,Automated Script Bot,Bengaluru,12.9716,77.5946,2720.78,2933.08,-0.887,0.04,0,1,103.0,0.0,0.0,1,9,1.5,0.11,0,1,credential_stuffing_burst,1
TXN_UPI_100328,USR_4098,2025-01-14 01:55:00,167.17,Gaming_Crypto,DEV_BOTNET_07,Automated Script Bot,Hyderabad,17.385,78.4867,6271.66,12658.86,-0.482,0.03,0,1,38.6333,0.0,0.0,1,13,1.5,0.11,0,1,credential_stuffing_burst,1
TXN_UPI_101672,USR_4128,2025-01-14 04:29:00,65827.13,P2P_Transfer,DEV_ROGUE_EMU_37,Linux Cloud Emulator,Bengaluru,12.9716,77.5946,1805.32,2524.61,25.359,36.46,0,1,74.15,845.32,11.4,1,0,1.5,4.35,0,1,hostile_account_takeover,1
TXN_UPI_103207,USR_4162,2025-01-14 08:00:00,1436.34,Utility_Bills,DEV_IN_XRN13_072,Xiaomi Redmi Note 13,Bengaluru,12.9716,77.5946,13768.04,24977.11,-0.494,0.1,1,1,0.01,0.0,0.0,0,2,0.0,0.0,0,0,normal_routine,0
TXN_UPI_103473,USR_4168,2025-01-14 08:17:00,424.4,Food_Dining,DEV_IN_XRN13_078,Xiaomi Redmi Note 13,Pune,18.5204,73.8567,1263.33,1980.74,-0.424,0.34,1,1,83.05,0.0,0.0,0,2,0.0,0.0,0,0,normal_routine,0
TXN_UPI_102617,USR_4149,2025-01-14 08:18:00,1146.71,Utility_Bills,DEV_IN_SAMS23_059,Samsung Galaxy S23,Hyderabad,17.385,78.4867,5980.48,7732.7,-0.625,0.19,1,1,0.01,0.0,0.0,0,1,0.0,0.0,0,0,normal_routine,0
TXN_UPI_102256,USR_4141,2025-01-14 08:21:00,1073.09,Utility_Bills,DEV_IN_OP12_051,OnePlus 12,Hyderabad,17.385,78.4867,531.31,159.42,3.398,2.02,1,1,36.4,0.0,0.0,0,0,0.0,0.0,0,0,normal_routine,0
TXN_UPI_103515,USR_4169,2025-01-14 08:27:00,337.11,Groceries_Daily,DEV_IN_IPH15_079,iPhone 15,Kolkata,22.5726,88.3639,12686.23,20152.09,-0.613,0.03,1,1,18.8833,0.0,0.0,0,0,0.0,0.0,0,0,normal_routine,0
TXN_UPI_101313,USR_4120,2025-01-14 08:40:00,58744.35,Jewelry_Luxury,DEV_IN_OP12_030,OnePlus 12,Kolkata,22.5726,88.3639,621.78,555.72,104.589,94.48,1,1,11.65,0.0,0.0,0,2,0.0,0.0,0,0,benign_festive_spend,0
TXN_UPI_100635,USR_4105,2025-01-14 09:02:00,267.36,Food_Dining,DEV_IN_SAMS23_015,Samsung Galaxy S23,Mumbai,19.076,72.8777,2603.59,2426.03,-0.963,0.1,1,1,116.0167,440.32,3.8,0,0,0.0,0.0,0,0,normal_routine,0
TXN_UPI_103561,USR_4170,2025-01-14 09:04:00,204.23,Food_Dining,DEV_IN_IPH15_080,iPhone 15,Chennai,13.0827,80.2707,7326.24,13922.39,-0.512,0.03,1,1,133.6667,0.0,0.0,0,0,0.0,0.0,0,0,normal_routine,0
TXN_UPI_102977,USR_4157,2025-01-14 09:29:00,523.57,Groceries_Daily,DEV_IN_SAMS23_067,Samsung Galaxy S23,Jaipur,26.9124,75.7873,699.26,546.94,-0.321,0.75,1,1,0.01,0.0,0.0,0,1,0.0,0.0,0,0,normal_routine,0
TXN_UPI_100995,USR_4113,2025-01-14 09:33:00,450.8,Utility_Bills,DEV_IN_OP12_023,OnePlus 12,Delhi,28.6139,77.209,445.98,251.11,0.019,1.01,1,1,141.8333,0.0,0.0,0,0,0.0,0.0,0,0,normal_routine,0
TXN_UPI_102531,USR_4147,2025-01-14 09:42:00,240.04,Groceries_Daily,DEV_IN_XRN13_057,Xiaomi Redmi Note 13,Pune,18.5204,73.8567,13746.55,25647.81,-0.527,0.02,1,1,0.01,0.0,0.0,0,1,0.0,0.0,0,0,normal_routine,0
TXN_UPI_101903,USR_4133,2025-01-14 09:43:00,198.13,Food_Dining,DEV_IN_IPH15_043,iPhone 15,Delhi,28.6139,77.209,9113.83,20716.34,-0.43,0.02,1,1,0.01,0.0,0.0,0,1,0.0,0.0,0,0,normal_routine,0
TXN_UPI_100508,USR_4102,2025-01-14 09:47:00,598.35,Groceries_Daily,DEV_IN_SAMS23_012,Samsung Galaxy S23,Hyderabad,17.385,78.4867,2020.74,2906.11,-0.489,0.3,1,1,0.01,0.0,0.0,0,5,0.0,0.0,0,0,normal_routine,0
TXN_UPI_101407,USR_4122,2025-01-14 11:18:00,853.88,Utility_Bills,DEV_IN_XRN13_032,Xiaomi Redmi Note 13,Delhi,28.6139,77.209,6084.95,12814.28,-0.408,0.14,1,1,0.01,0.0,0.0,0,2,0.0,0.0,0,0,normal_routine,0
TXN_UPI_100370,USR_4099,2025-01-14 11:33:00,937.33,P2P_Transfer,DEV_IN_XRN13_009,Xiaomi Redmi Note 13,Mumbai,19.076,72.8777,855.97,716.24,0.114,1.1,1,1,88.55,0.0,0.0,0,2,0.0,0.0,0,0,normal_routine,0
TXN_UPI_101178,USR_4117,2025-01-14 11:38:00,535.05,Utility_Bills,DEV_IN_SAMS23_027,Samsung Galaxy S23,Kolkata,22.5726,88.3639,1183.83,959.07,-0.676,0.45,1,1,80.35,0.0,0.0,0,0,0.0,0.0,0,0,normal_routine,0
TXN_UPI_101944,USR_4134,2025-01-14 11:39:00,205.56,Food_Dining,DEV_IN_OP12_044,OnePlus 12,Chennai,13.0827,80.2707,8049.72,13775.67,-0.569,0.03,1,1,0.01,0.0,0.0,0,1,0.0,0.0,0,0,normal_routine,0
TXN_UPI_101042,USR_4114,2025-01-14 11:42:00,835.37,Utility_Bills,DEV_IN_SAMS23_024,Samsung Galaxy S23,Delhi,28.6139,77.209,985.23,585.66,-0.256,0.85,1,1,160.7167,0.0,0.0,0,0,0.0,0.0,0,0,normal_routine,0
TXN_UPI_101673,USR_4128,2025-01-14 11:47:00,312.71,Food_Dining,DEV_IN_SAMS23_038,Samsung Galaxy S23,Bengaluru,12.9716,77.5946,10951.29,22524.57,-0.472,0.03,1,1,7.3,0.0,0.0,0,0,0.0,0.0,0,0,normal_routine,0
TXN_UPI_100283,USR_4097,2025-01-14 11:48:00,250.73,Food_Dining,DEV_IN_XRN13_007,Xiaomi Redmi Note 13,Delhi,28.6139,77.209,7692.62,14096.35,-0.528,0.03,1,1,0.01,0.0,0.0,0,2,0.0,0.0,0,0,normal_routine,0
TXN_UPI_100233,USR_4096,2025-01-14 11:58:00,481.73,Food_Dining,DEV_IN_SAMS23_006,Samsung Galaxy S23,Jaipur,26.9124,75.7873,696.88,538.08,-0.4,0.69,1,1,110.2667,0.0,0.0,0,0,0.0,0.0,0,0,normal_routine,0
TXN_UPI_101046,USR_4114,2025-01-14 13:00:00,471.32,Groceries_Daily,DEV_IN_SAMS23_024,Samsung Galaxy S23,Delhi,28.6139,77.209,7202.64,18755.09,-0.359,0.07,1,1,89.4667,0.0,0.0,0,0,0.0,0.0,0,0,normal_routine,0
TXN_UPI_101993,USR_4135,2025-01-14 13:08:00,1521.3,P2P_Transfer,DEV_IN_OP12_045,OnePlus 12,Bengaluru,12.9716,77.5946,6854.39,15867.77,-0.336,0.22,1,1,0.01,0.0,0.0,0,1,0.0,0.0,0,0,normal_routine,0
TXN_UPI_102803,USR_4153,2025-01-14 13:09:00,1894.6,Utility_Bills,DEV_IN_XRN13_063,Xiaomi Redmi Note 13,Mumbai,19.076,72.8777,13093.68,20811.74,-0.538,0.14,1,1,0.01,0.0,0.0,0,2,0.0,0.0,0,0,normal_routine,0
TXN_UPI_100321,USR_4098,2025-01-14 13:11:00,3987.49,P2P_Transfer,DEV_IN_IPH15_008,iPhone 15,Hyderabad,17.385,78.4867,10621.4,17862.05,-0.371,0.38,1,1,207.4,0.0,0.0,0,0,0.0,0.0,0,0,normal_routine,0
TXN_UPI_100279,USR_4097,2025-01-14 13:21:00,1827.98,Utility_Bills,DEV_IN_XRN13_007,Xiaomi Redmi Note 13,Delhi,28.6139,77.209,7644.37,15233.27,-0.382,0.24,1,1,113.4333,0.0,0.0,0,2,0.0,0.0,0,0,normal_routine,0
TXN_UPI_102976,USR_4157,2025-01-14 13:24:00,124.69,Food_Dining,DEV_IN_SAMS23_067,Samsung Galaxy S23,Jaipur,26.9124,75.7873,814.17,528.9,-1.304,0.15,1,1,185.5333,0.0,0.0,0,0,0.0,0.0,0,0,normal_routine,0
TXN_UPI_102077,USR_4137,2025-01-14 13:30:00,913.21,P2P_Transfer,DEV_IN_OP12_047,OnePlus 12,Hyderabad,17.385,78.4867,25135.64,30856.17,-0.785,0.04,1,1,112.9,0.0,0.0,0,0,0.0,0.0,0,0,normal_routine,0
TXN_UPI_101271,USR_4119,2025-01-14 13:33:00,57405.09,Food_Dining,DEV_IN_OP12_029,OnePlus 12,Bengaluru,12.9716,77.5946,8549.5,14499.86,3.369,6.71,1,1,0.01,0.0,0.0,0,3,0.0,0.0,0,0,benign_festive_spend,0
TXN_UPI_103028,USR_4158,2025-01-14 13:38:00,226.69,Groceries_Daily,DEV_IN_SAMS23_068,Samsung Galaxy S23,Jaipur,26.9124,75.7873,7644.21,14786.9,-0.502,0.03,1,1,0.01,0.0,0.0,0,1,0.0,0.0,0,0,normal_routine,0
TXN_UPI_101137,USR_4116,2025-01-14 13:39:00,482.06,P2P_Transfer,DEV_IN_OP12_026,OnePlus 12,Hyderabad,17.385,78.4867,10618.84,24436.56,-0.415,0.05,1,1,0.01,0.0,0.0,0,2,0.0,0.0,0,0,normal_routine,0
TXN_UPI_102079,USR_4137,2025-01-14 13:41:00,2930.48,Utility_Bills,DEV_IN_OP12_047,OnePlus 12,Hyderabad,17.385,78.4867,18992.06,28763.51,-0.558,0.15,1,1,48.4667,0.0,0.0,0,2,0.0,0.0,0,0,normal_routine,0
TXN_UPI_100913,USR_4111,2025-01-14 13:42:00,12266.5,Travel_Ticketing,DEV_IN_SAMS23_021,Samsung Galaxy S23,Mumbai,19.076,72.8777,8631.92,18918.47,0.192,1.42,1,1,0.01,621.46,62146.29,0,1,0.0,0.0,1,0,benign_travel,0
TXN_UPI_102039,USR_4136,2025-01-14 13:56:00,570.62,P2P_Transfer,DEV_IN_SAMS23_046,Samsung Galaxy S23,Pune,18.5204,73.8567,2453.31,6357.38,-0.296,0.23,1,1,0.01,0.0,0.0,0,2,0.0,0.0,0,0,normal_routine,0
TXN_UPI_100548,USR_4103,2025-01-14 13:57:00,407.31,Groceries_Daily,DEV_IN_SAMS23_013,Samsung Galaxy S23,Hyderabad,17.385,78.4867,913.46,528.75,-0.957,0.45,1,1,66.2667,0.0,0.0,0,0,0.0,0.0,0,0,normal_routine,0
TXN_UPI_102165,USR_4139,2025-01-14 13:57:00,630.45,Food_Dining,DEV_IN_OP12_049,OnePlus 12,Pune,18.5204,73.8567,517.95,299.5,0.376,1.22,1,1,193.9667,0.0,0.0,0,0,0.0,0.0,0,0,normal_routine,0
TXN_UPI_101539,USR_4125,2025-01-14 13:59:00,398.04,Utility_Bills,DEV_IN_OP12_035,OnePlus 12,Pune,18.5204,73.8567,11623.45,23732.77,-0.473,0.03,1,1,0.01,0.0,0.0,0,1,0.0,0.0,0,0,normal_routine,0
TXN_UPI_103523,USR_4169,2025-01-14 15:24:00,10208.23,Travel_Ticketing,DEV_IN_IPH15_079,iPhone 15,Delhi,28.6139,77.209,5636.22,13061.39,0.35,1.81,1,1,0.01,1303.83,130383.35,0,2,0.0,0.0,1,0,benign_travel,0
TXN_UPI_100683,USR_4106,2025-01-14 17:18:00,17920.7,Travel_Ticketing,DEV_IN_OP12_016,OnePlus 12,Delhi,28.6139,77.209,714.41,753.25,22.843,25.08,1,1,175.4333,1172.99,6.69,0,0,0.0,0.0,0,0,benign_travel,0
TXN_UPI_103247,USR_4163,2025-01-14 18:11:00,418.22,Groceries_Daily,DEV_IN_XRN13_073,Xiaomi Redmi Note 13,Chennai,13.0827,80.2707,397.99,229.27,0.088,1.05,1,1,80.8333,0.0,0.0,0,0,0.0,0.0,0,0,normal_routine,0
TXN_UPI_100644,USR_4105,2025-01-14 18:14:00,275.63,Food_Dining,DEV_IN_SAMS23_015,Samsung Galaxy S23,Mumbai,19.076,72.8777,9780.17,19383.36,-0.49,0.03,1,1,0.01,7620.35,762034.5,0,3,0.0,0.0,1,0,normal_routine,0
TXN_UPI_103159,USR_4161,2025-01-14 18:15:00,354.68,Food_Dining,DEV_IN_OP12_071,OnePlus 12,Kolkata,22.5726,88.3639,1234.72,1389.83,-0.633,0.29,1,1,117.6167,0.0,0.0,0,3,0.0,0.0,0,0,normal_routine,0
TXN_UPI_101048,USR_4114,2025-01-14 18:37:00,1036.06,P2P_Transfer,DEV_IN_SAMS23_024,Samsung Galaxy S23,Delhi,28.6139,77.209,6075.17,17305.61,-0.291,0.17,1,1,0.01,0.0,0.0,0,1,0.0,0.0,0,0,normal_routine,0
TXN_UPI_102307,USR_4142,2025-01-14 18:54:00,1228.21,P2P_Transfer,DEV_IN_IPH15_052,iPhone 15,Hyderabad,17.385,78.4867,3850.34,8651.81,-0.303,0.32,1,1,45.9167,0.0,0.0,0,3,0.0,0.0,0,0,normal_routine,0
TXN_UPI_100501,USR_4102,2025-01-14 19:00:00,1069.52,Utility_Bills,DEV_IN_SAMS23_012,Samsung Galaxy S23,Hyderabad,17.385,78.4867,1396.45,1689.4,-0.194,0.77,1,1,119.4833,0.0,0.0,0,0,0.0,0.0,0,0,normal_routine,0
TXN_UPI_102885,USR_4155,2025-01-14 19:04:00,454.41,Groceries_Daily,DEV_IN_SAMS23_065,Samsung Galaxy S23,Hyderabad,17.385,78.4867,4263.66,6802.71,-0.56,0.11,1,1,210.6167,1095.15,5.2,0,0,0.0,0.0,0,0,normal_routine,0
TXN_UPI_100413,USR_4100,2025-01-14 19:06:00,155.91,Groceries_Daily,DEV_IN_OP12_010,OnePlus 12,Pune,18.5204,73.8567,7897.23,17911.59,-0.432,0.02,1,1,0.01,0.0,0.0,0,1,0.0,0.0,0,0,normal_routine,0
TXN_UPI_100590,USR_4104,2025-01-14 19:10:00,317.17,Food_Dining,DEV_IN_OP12_014,OnePlus 12,Mumbai,19.076,72.8777,4659.44,6277.09,-0.692,0.07,1,1,178.1167,0.0,0.0,0,0,0.0,0.0,0,0,normal_routine,0
TXN_UPI_102571,USR_4148,2025-01-14 19:12:00,191.97,Groceries_Daily,DEV_IN_XRN13_058,Xiaomi Redmi Note 13,Pune,18.5204,73.8567,9730.14,18105.69,-0.527,0.02,1,1,178.5333,0.0,0.0,0,0,0.0,0.0,0,0,normal_routine,0
TXN_UPI_100999,USR_4113,2025-01-14 19:23:00,522.52,Food_Dining,DEV_IN_OP12_023,OnePlus 12,Delhi,28.6139,77.209,2623.7,5462.39,-0.385,0.2,1,1,0.01,0.0,0.0,0,1,0.0,0.0,0,0,normal_routine,0
TXN_UPI_100817,USR_4109,2025-01-14 19:25:00,47963.8,Food_Dining,DEV_IN_IPH15_019,iPhone 15,Pune,18.5204,73.8567,674.47,496.0,95.341,71.11,1,1,78.0333,0.0,0.0,0,0,0.0,0.0,0,0,benign_festive_spend,0
TXN_UPI_102525,USR_4147,2025-01-14 19:25:00,1040.72,Utility_Bills,DEV_IN_XRN13_057,Xiaomi Redmi Note 13,Pune,18.5204,73.8567,32874.22,32165.68,-0.99,0.03,1,1,72.4,0.0,0.0,0,0,0.0,0.0,0,0,normal_routine,0
TXN_UPI_100506,USR_4102,2025-01-14 19:26:00,499.22,Groceries_Daily,DEV_IN_SAMS23_012,Samsung Galaxy S23,Hyderabad,17.385,78.4867,2299.91,3108.67,-0.579,0.22,1,1,0.01,0.0,0.0,0,3,0.0,0.0,0,0,normal_routine,0
TXN_UPI_100818,USR_4109,2025-01-14 19:29:00,260.05,Groceries_Daily,DEV_IN_IPH15_019,iPhone 15,Pune,18.5204,73.8567,7430.09,16554.19,-0.433,0.03,1,1,0.0667,0.0,0.0,0,1,0.0,0.0,0,0,normal_routine,0
TXN_UPI_102662,USR_4150,2025-01-14 19:29:00,249.84,Food_Dining,DEV_IN_SAMS23_060,Samsung Galaxy S23,Mumbai,19.076,72.8777,11899.47,17184.59,-0.678,0.02,1,1,0.01,0.0,0.0,0,1,0.0,0.0,0,0,normal_routine,0
TXN_UPI_100457,USR_4101,2025-01-14 19:30:00,35376.49,Electronics_Gadgets,DEV_IN_IPH15_011,iPhone 15,Mumbai,19.076,72.8777,12646.47,17510.12,1.298,2.8,1,1,54.45,0.0,0.0,0,2,0.0,0.0,0,0,benign_festive_spend,0
TXN_UPI_102305,USR_4142,2025-01-14 19:35:00,290.38,Groceries_Daily,DEV_IN_IPH15_052,iPhone 15,Hyderabad,17.385,78.4867,1249.4,1582.54,-0.606,0.23,1,1,0.01,0.0,0.0,0,1,0.0,0.0,0,0,normal_routine,0
TXN_UPI_100593,USR_4104,2025-01-14 19:39:00,420.26,P2P_Transfer,DEV_IN_OP12_014,OnePlus 12,Mumbai,19.076,72.8777,2919.61,5163.57,-0.484,0.14,1,1,88.3667,0.0,0.0,0,3,0.0,0.0,0,0,normal_routine,0
TXN_UPI_100367,USR_4099,2025-01-14 19:40:00,2129.65,Utility_Bills,DEV_IN_XRN13_009,Xiaomi Redmi Note 13,Mumbai,19.076,72.8777,827.6,624.47,2.085,2.57,1,1,53.9167,0.0,0.0,0,0,0.0,0.0,0,0,normal_routine,0
TXN_UPI_100455,USR_4101,2025-01-14 19:41:00,227.24,Groceries_Daily,DEV_IN_IPH15_011,iPhone 15,Mumbai,19.076,72.8777,18845.89,18563.62,-1.003,0.01,1,1,46.35,0.0,0.0,0,0,0.0,0.0,0,0,normal_routine,0
TXN_UPI_100599,USR_4104,2025-01-14 19:45:00,374.87,Groceries_Daily,DEV_IN_OP12_014,OnePlus 12,Mumbai,19.076,72.8777,13409.41,23219.89,-0.561,0.03,1,1,0.01,920.74,92074.24,0,1,0.0,0.0,1,0,normal_routine,0
TXN_UPI_101580,USR_4126,2025-01-14 19:45:00,1064.05,P2P_Transfer,DEV_IN_OP12_036,OnePlus 12,Chennai,13.0827,80.2707,8127.46,12017.41,-0.588,0.13,1,1,143.9,0.0,0.0,0,0,0.0,0.0,0,0,normal_routine,0
TXN_UPI_100502,USR_4102,2025-01-14 19:50:00,10636.65,Groceries_Daily,DEV_IN_NEW_012,Samsung Galaxy S24,Hyderabad,17.385,78.4867,1341.96,1547.01,6.008,7.93,0,1,0.8333,0.0,0.0,0,1,0.0,0.0,0,0,benign_new_device,0
TXN_UPI_100639,USR_4105,2025-01-14 19:51:00,5299.69,Travel_Ticketing,DEV_IN_SAMS23_015,Samsung Galaxy S23,Jaipur,26.9124,75.7873,1626.77,1986.96,1.849,3.26,1,1,0.01,920.74,92074.24,0,1,0.0,0.0,1,0,benign_travel,0
TXN_UPI_100730,USR_4107,2025-01-14 19:55:00,732.85,Utility_Bills,DEV_IN_OP12_017,OnePlus 12,Chennai,13.0827,80.2707,12126.33,19528.33,-0.583,0.06,1,1,83.1833,0.0,0.0,0,0,0.0,0.0,0,0,normal_routine,0
TXN_UPI_100096,USR_4093,2025-01-14 20:00:00,147.34,Groceries_Daily,DEV_IN_IPH15_003,iPhone 15,Mumbai,19.076,72.8777,653.97,305.21,-1.66,0.23,1,1,58.9167,0.0,0.0,0,0,0.0,0.0,0,0,normal_routine,0
TXN_UPI_100773,USR_4108,2025-01-14 20:06:00,50990.16,Food_Dining,DEV_IN_IPH15_018,iPhone 15,Delhi,28.6139,77.209,13059.82,17259.2,2.198,3.9,1,1,152.6333,0.0,0.0,0,0,0.0,0.0,0,0,benign_festive_spend,0
TXN_UPI_102169,USR_4139,2025-01-14 20:17:00,405.49,Groceries_Daily,DEV_IN_OP12_049,OnePlus 12,Pune,18.5204,73.8567,498.82,240.72,-0.388,0.81,1,1,0.01,0.0,0.0,0,1,0.0,0.0,0,0,normal_routine,0
TXN_UPI_100955,USR_4112,2025-01-14 20:21:00,1340.1,P2P_Transfer,DEV_IN_SAMS23_022,Samsung Galaxy S23,Hyderabad,17.385,78.4867,734.44,524.7,1.154,1.82,1,1,96.2,0.0,0.0,0,0,0.0,0.0,0,0,normal_routine,0
TXN_UPI_102756,USR_4152,2025-01-14 20:29:00,154.59,Food_Dining,DEV_IN_OP12_062,OnePlus 12,Bengaluru,12.9716,77.5946,1117.3,900.72,-1.069,0.14,1,1,25.9167,0.0,0.0,0,5,0.0,0.0,0,0,normal_routine,0
TXN_UPI_103021,USR_4158,2025-01-14 20:41:00,542.83,Groceries_Daily,DEV_IN_SAMS23_068,Samsung Galaxy S23,Jaipur,26.9124,75.7873,901.77,503.04,-0.714,0.6,1,1,170.1333,0.0,0.0,0,0,0.0,0.0,0,0,normal_routine,0
TXN_UPI_100686,USR_4106,2025-01-14 20:42:00,772.94,P2P_Transfer,DEV_BURNER_15,Itel A50 Burner,Pune,18.5204,73.8567,2406.18,5211.51,-0.313,0.32,0,1,0.01,0.0,0.0,0,1,0.0,0.0,0,1,stealth_micro_fraud,1
TXN_UPI_102308,USR_4142,2025-01-14 20:45:00,319.67,Groceries_Daily,DEV_IN_IPH15_052,iPhone 15,Hyderabad,17.385,78.4867,3631.83,8315.12,-0.398,0.09,1,1,1.85,0.0,0.0,0,4,0.0,0.0,0,0,normal_routine,0
TXN_UPI_103113,USR_4160,2025-01-14 20:54:00,1005.64,P2P_Transfer,DEV_IN_OP12_070,OnePlus 12,Chennai,13.0827,80.2707,10021.88,12086.21,-0.746,0.1,1,1,79.8667,0.0,0.0,0,0,0.0,0.0,0,0,normal_routine,0
TXN_UPI_100326,USR_4098,2025-01-14 20:58:00,186.93,Food_Dining,DEV_IN_IPH15_008,iPhone 15,Hyderabad,17.385,78.4867,7434.68,13570.77,-0.534,0.03,1,1,79.0667,520.05,6.58,0,3,0.0,0.0,0,0,normal_routine,0
TXN_UPI_100323,USR_4098,2025-01-14 21:07:00,1281.13,Utility_Bills,DEV_IN_IPH15_008,iPhone 15,Hyderabad,17.385,78.4867,8248.02,15581.3,-0.447,0.16,1,1,122.6333,0.0,0.0,0,0,0.0,0.0,0,0,normal_routine,0
TXN_UPI_103432,USR_4167,2025-01-14 21:14:00,306.84,Groceries_Daily,DEV_IN_XRN13_077,Xiaomi Redmi Note 13,Hyderabad,17.385,78.4867,13729.86,20820.29,-0.645,0.02,1,1,0.01,0.0,0.0,0,1,0.0,0.0,0,0,normal_routine,0
TXN_UPI_100911,USR_4111,2025-01-14 21:16:00,61809.69,Food_Dining,DEV_IN_SAMS23_021,Samsung Galaxy S23,Hyderabad,17.385,78.4867,4147.01,10938.54,5.272,14.9,1,1,0.01,0.0,0.0,0,1,0.0,0.0,0,0,benign_festive_spend,0
TXN_UPI_102168,USR_4139,2025-01-14 21:21:00,643.47,Groceries_Daily,DEV_IN_OP12_049,OnePlus 12,Pune,18.5204,73.8567,478.16,250.62,0.66,1.35,1,1,82.1833,0.0,0.0,0,0,0.0,0.0,0,0,normal_routine,0
TXN_UPI_102802,USR_4153,2025-01-14 21:39:00,429.49,Gaming_Crypto,DEV_BURNER_62,Itel A50 Burner,Mumbai,19.076,72.8777,14244.97,21368.16,-0.647,0.03,0,1,0.01,0.0,0.0,0,1,0.0,0.0,0,1,stealth_micro_fraud,1
TXN_UPI_101940,USR_4134,2025-01-14 22:16:00,7991.98,Travel_Ticketing,DEV_IN_OP12_044,OnePlus 12,Jaipur,26.9124,75.7873,11644.69,18421.08,-0.198,0.69,1,1,27.2,1607.1,59.08,0,0,0.0,0.0,0,0,benign_travel,0
TXN_UPI_102084,USR_4137,2025-01-14 22:28:00,3250.94,Travel_Ticketing,DEV_IN_OP12_047,OnePlus 12,Jaipur,26.9124,75.7873,14654.0,24650.24,-0.463,0.22,1,1,0.01,1095.15,109514.66,0,1,0.0,0.0,1,0,benign_travel,0
TXN_UPI_102619,USR_4149,2025-01-15 01:56:00,54309.83,P2P_Transfer,DEV_ROGUE_EMU_58,Linux Cloud Emulator,Hyderabad,17.385,78.4867,4652.6,7084.69,7.009,11.67,0,1,148.3667,0.0,0.0,1,3,1.5,3.05,0,1,hostile_account_takeover,1
TXN_UPI_100505,USR_4102,2025-01-15 02:32:00,75.7,Gaming_Crypto,DEV_BOTNET_11,Automated Script Bot,Hyderabad,17.385,78.4867,2547.05,3182.26,-0.777,0.03,0,1,0.01,0.0,0.0,1,14,1.5,0.11,0,1,credential_stuffing_burst,1
TXN_UPI_103203,USR_4162,2025-01-15 02:37:00,84023.41,P2P_Transfer,DEV_ROGUE_EMU_71,Linux Cloud Emulator,Bengaluru,12.9716,77.5946,9410.16,13451.62,5.547,8.93,0,1,152.0167,0.0,0.0,1,0,1.5,2.75,0,1,hostile_account_takeover,1
TXN_UPI_101718,USR_4129,2025-01-15 04:37:00,4621.29,Utility_Bills,DEV_IN_SAMS23_039,Samsung Galaxy S23,Bengaluru,12.9716,77.5946,2323.2,3615.39,0.636,1.99,1,1,0.01,0.0,0.0,1,1,0.0,0.0,0,0,emergency_nocturnal_legit,0
TXN_UPI_101406,USR_4122,2025-01-15 08:16:00,778.57,Utility_Bills,DEV_IN_XRN13_032,Xiaomi Redmi Note 13,Delhi,28.6139,77.209,6615.59,13324.0,-0.438,0.12,1,1,0.01,0.0,0.0,0,1,0.0,0.0,0,0,normal_routine,0
TXN_UPI_100777,USR_4108,2025-01-15 08:19:00,1923.53,Gaming_Crypto,DEV_BURNER_17,Realme C11,Delhi,28.6139,77.209,19560.81,24730.03,-0.713,0.1,0,1,0.01,0.0,0.0,0,3,0.0,0.0,0,1,stealth_micro_fraud,1
TXN_UPI_101988,USR_4135,2025-01-15 08:35:00,56060.04,Jewelry_Luxury,DEV_IN_OP12_045,OnePlus 12,Bengaluru,12.9716,77.5946,388.12,265.17,209.945,144.44,1,1,84.4833,0.0,0.0,0,2,0.0,0.0,0,0,benign_festive_spend,0
TXN_UPI_101086,USR_4115,2025-01-15 08:48:00,571.05,P2P_Transfer,DEV_IN_XRN13_025,Xiaomi Redmi Note 13,Bengaluru,12.9716,77.5946,3512.83,5636.49,-0.522,0.16,1,1,37.3,0.0,0.0,0,0,0.0,0.0,0,0,normal_routine,0
TXN_UPI_103517,USR_4169,2025-01-15 08:59:00,624.91,Groceries_Daily,DEV_IN_IPH15_079,iPhone 15,Kolkata,22.5726,88.3639,8535.58,17469.89,-0.453,0.07,1,1,129.85,0.0,0.0,0,0,0.0,0.0,0,0,normal_routine,0
TXN_UPI_103156,USR_4161,2025-01-15 09:08:00,309.24,Food_Dining,DEV_IN_OP12_071,OnePlus 12,Kolkata,22.5726,88.3639,1655.3,1596.48,-0.843,0.19,1,1,227.9833,0.0,0.0,0,0,0.0,0.0,0,0,normal_routine,0
TXN_UPI_101943,USR_4134,2025-01-15 09:09:00,1066.44,P2P_Transfer,DEV_IN_OP12_044,OnePlus 12,Chennai,13.0827,80.2707,9047.33,14453.96,-0.552,0.12,1,1,189.9167,0.0,0.0,0,0,0.0,0.0,0,0,normal_routine,0
TXN_UPI_100150,USR_4094,2025-01-15 09:12:00,200.42,Groceries_Daily,DEV_IN_SAMS23_004,Samsung Galaxy S23,Bengaluru,12.9716,77.5946,8299.01,17821.77,-0.454,0.02,1,1,0.01,0.0,0.0,0,1,0.0,0.0,0,0,normal_routine,0
TXN_UPI_101404,USR_4122,2025-01-15 09:22:00,1857.12,Utility_Bills,DEV_IN_XRN13_032,Xiaomi Redmi Note 13,Delhi,28.6139,77.209,8002.88,14564.76,-0.422,0.23,1,1,110.1,0.0,0.0,0,0,0.0,0.0,0,0,normal_routine,0
TXN_UPI_101001,USR_4113,2025-01-15 09:27:00,23875.51,Electronics_Gadgets,DEV_IN_NEW_023,Samsung Galaxy S24,Delhi,28.6139,77.209,2191.24,4961.75,4.37,10.9,0,1,63.35,0.0,0.0,0,3,0.0,0.0,0,0,benign_new_device,0
TXN_UPI_102661,USR_4150,2025-01-15 09:30:00,46948.1,Jewelry_Luxury,DEV_IN_SAMS23_060,Samsung Galaxy S23,Mumbai,19.076,72.8777,4889.74,7717.15,5.45,9.6,1,1,72.5667,0.0,0.0,0,0,0.0,0.0,0,0,benign_festive_spend,0
TXN_UPI_100640,USR_4105,2025-01-15 09:34:00,63747.3,Jewelry_Luxury,DEV_IN_SAMS23_015,Samsung Galaxy S23,Mumbai,19.076,72.8777,2034.87,2200.39,28.046,31.33,1,1,13.7167,920.74,67.13,0,2,0.0,0.0,0,0,benign_festive_spend,0
TXN_UPI_103388,USR_4166,2025-01-15 09:38:00,761.35,Groceries_Daily,DEV_IN_SAMS23_076,Samsung Galaxy S23,Bengaluru,12.9716,77.5946,6604.71,12395.28,-0.471,0.12,1,1,0.01,0.0,0.0,0,1,0.0,0.0,0,0,normal_routine,0
TXN_UPI_100194,USR_4095,2025-01-15 09:48:00,23990.27,Electronics_Gadgets,DEV_IN_NEW_005,iPhone 16 Pro,Kolkata,22.5726,88.3639,22601.17,28698.16,0.048,1.06,0,1,0.01,0.0,0.0,0,3,0.0,0.0,0,0,benign_new_device,0
TXN_UPI_101318,USR_4120,2025-01-15 09:54:00,1728.52,Utility_Bills,DEV_IN_OP12_030,OnePlus 12,Kolkata,22.5726,88.3639,7940.27,17373.05,-0.358,0.22,1,1,68.0833,9216.67,135.37,0,3,0.0,0.0,0,0,normal_routine,0
TXN_UPI_103384,USR_4166,2025-01-15 09:58:00,406.75,Groceries_Daily,DEV_IN_SAMS23_076,Samsung Galaxy S23,Bengaluru,12.9716,77.5946,9117.68,14460.13,-0.602,0.04,1,1,168.6833,0.0,0.0,0,0,0.0,0.0,0,0,normal_routine,0
TXN_UPI_101410,USR_4122,2025-01-15 11:01:00,35170.46,Food_Dining,DEV_IN_NEW_032,Samsung Galaxy S24,Delhi,28.6139,77.209,4962.04,11562.34,2.613,7.09,0,1,0.01,0.0,0.0,0,5,0.0,0.0,0,0,benign_new_device,0
TXN_UPI_101448,USR_4123,2025-01-15 11:04:00,1105.19,P2P_Transfer,DEV_IN_OP12_033,OnePlus 12,Chennai,13.0827,80.2707,442.33,267.99,2.473,2.5,1,1,110.25,0.0,0.0,0,0,0.0,0.0,0,0,normal_routine,0
TXN_UPI_102574,USR_4148,2025-01-15 11:10:00,10872.18,Food_Dining,DEV_IN_NEW_058,Samsung Galaxy S24,Pune,18.5204,73.8567,6368.86,14959.4,0.301,1.71,0,1,63.2,0.0,0.0,0,0,0.0,0.0,0,0,benign_new_device,0
TXN_UPI_102580,USR_4148,2025-01-15 11:12:00,123.53,Food_Dining,DEV_IN_XRN13_058,Xiaomi Redmi Note 13,Pune,18.5204,73.8567,10399.1,21714.5,-0.473,0.01,1,1,0.01,0.0,0.0,0,4,0.0,0.0,0,0,normal_routine,0
TXN_UPI_100143,USR_4094,2025-01-15 11:40:00,990.2,Utility_Bills,DEV_IN_SAMS23_004,Samsung Galaxy S23,Bengaluru,12.9716,77.5946,3992.68,7795.45,-0.385,0.25,1,1,166.0667,0.0,0.0,0,0,0.0,0.0,0,0,normal_routine,0
TXN_UPI_100865,USR_4110,2025-01-15 13:04:00,831.38,P2P_Transfer,DEV_IN_OP12_020,OnePlus 12,Jaipur,26.9124,75.7873,608.5,484.26,0.46,1.37,1,1,66.3167,0.0,0.0,0,0,0.0,0.0,0,0,normal_routine,0
TXN_UPI_100146,USR_4094,2025-01-15 13:07:00,412.74,Groceries_Daily,DEV_IN_SAMS23_004,Samsung Galaxy S23,Bengaluru,12.9716,77.5946,9747.19,20372.44,-0.458,0.04,1,1,0.01,0.0,0.0,0,1,0.0,0.0,0,0,normal_routine,0
TXN_UPI_103029,USR_4158,2025-01-15 13:16:00,1092.22,P2P_Transfer,DEV_IN_SAMS23_068,Samsung Galaxy S23,Jaipur,26.9124,75.7873,7073.63,14343.63,-0.417,0.15,1,1,23.6333,0.0,0.0,0,2,0.0,0.0,0,0,normal_routine,0
TXN_UPI_101900,USR_4133,2025-01-15 13:26:00,556.94,Food_Dining,DEV_IN_IPH15_043,iPhone 15,Delhi,28.6139,77.209,4024.32,9171.1,-0.378,0.14,1,1,120.2167,1514.09,12.59,0,0,0.0,0.0,0,0,normal_routine,0
TXN_UPI_102842,USR_4154,2025-01-15 13:34:00,834.55,P2P_Transfer,DEV_IN_IPH15_064,iPhone 15,Chennai,13.0827,80.2707,9425.7,14469.73,-0.594,0.09,1,1,197.45,0.0,0.0,0,0,0.0,0.0,0,0,normal_routine,0
TXN_UPI_100553,USR_4103,2025-01-15 13:35:00,521.41,Food_Dining,DEV_IN_SAMS23_013,Samsung Galaxy S23,Hyderabad,17.385,78.4867,2226.22,4696.75,-0.363,0.23,1,1,0.01,0.0,0.0,0,1,0.0,0.0,0,0,normal_routine,0
TXN_UPI_100102,USR_4093,2025-01-15 13:36:00,20519.22,Jewelry_Luxury,DEV_IN_IPH15_003,iPhone 15,Mumbai,19.076,72.8777,700.26,377.78,52.462,29.3,1,1,65.3167,0.0,0.0,0,4,0.0,0.0,0,0,benign_festive_spend,0
TXN_UPI_103471,USR_4168,2025-01-15 13:48:00,372.88,Food_Dining,DEV_IN_XRN13_078,Xiaomi Redmi Note 13,Pune,18.5204,73.8567,481.25,335.81,-0.323,0.77,1,1,170.2167,0.0,0.0,0,0,0.0,0.0,0,0,normal_routine,0
TXN_UPI_100732,USR_4107,2025-01-15 13:54:00,32752.23,Food_Dining,DEV_IN_NEW_017,Samsung Galaxy S24,Chennai,13.0827,80.2707,10010.22,18225.8,1.248,3.27,0,1,0.01,0.0,0.0,0,1,0.0,0.0,0,0,benign_new_device,0
TXN_UPI_103117,USR_4160,2025-01-15 18:00:00,386.21,Groceries_Daily,DEV_IN_OP12_070,OnePlus 12,Chennai,13.0827,80.2707,6647.5,10626.0,-0.589,0.06,1,1,76.8167,0.0,0.0,0,3,0.0,0.0,0,0,normal_routine,0
TXN_UPI_103067,USR_4159,2025-01-15 18:09:00,1049.78,Groceries_Daily,DEV_IN_XRN13_069,Xiaomi Redmi Note 13,Delhi,28.6139,77.209,6152.41,12494.06,-0.408,0.17,1,1,94.6333,0.0,0.0,0,0,0.0,0.0,0,0,normal_routine,0
TXN_UPI_100596,USR_4104,2025-01-15 18:15:00,305.46,Groceries_Daily,DEV_IN_OP12_014,OnePlus 12,Mumbai,19.076,72.8777,14682.97,26054.41,-0.552,0.02,1,1,0.01,0.0,0.0,0,2,0.0,0.0,0,0,normal_routine,0
TXN_UPI_100776,USR_4108,2025-01-15 18:44:00,380.01,Groceries_Daily,DEV_IN_IPH15_018,iPhone 15,Delhi,28.6139,77.209,21478.89,25144.82,-0.839,0.02,1,1,79.3833,0.0,0.0,0,2,0.0,0.0,0,0,normal_routine,0
TXN_UPI_103293,USR_4164,2025-01-15 18:51:00,66677.25,Jewelry_Luxury,DEV_IN_IPH15_074,iPhone 15,Delhi,28.6139,77.209,2732.27,5024.84,12.726,24.4,1,1,0.01,0.0,0.0,0,1,0.0,0.0,0,0,benign_festive_spend,0
TXN_UPI_101853,USR_4132,2025-01-15 19:04:00,531.18,Groceries_Daily,DEV_IN_OP12_042,OnePlus 12,Hyderabad,17.385,78.4867,1655.47,2190.34,-0.513,0.32,1,1,118.8667,0.0,0.0,0,0,0.0,0.0,0,0,normal_routine,0
TXN_UPI_102616,USR_4149,2025-01-15 19:04:00,1207.94,Utility_Bills,DEV_IN_SAMS23_059,Samsung Galaxy S23,Hyderabad,17.385,78.4867,6934.99,8141.68,-0.703,0.17,1,1,240.1333,0.0,0.0,0,0,0.0,0.0,0,0,normal_routine,0
TXN_UPI_102937,USR_4156,2025-01-15 19:21:00,426.68,Food_Dining,DEV_IN_SAMS23_066,Samsung Galaxy S23,Jaipur,26.9124,75.7873,2015.05,3748.0,-0.424,0.21,1,1,79.7,0.0,0.0,0,2,0.0,0.0,0,0,normal_routine,0
TXN_UPI_101361,USR_4121,2025-01-15 19:24:00,659.92,Utility_Bills,DEV_IN_OP12_031,OnePlus 12,Kolkata,22.5726,88.3639,6166.44,16629.49,-0.331,0.11,1,1,0.01,0.0,0.0,0,1,0.0,0.0,0,0,normal_routine,0
TXN_UPI_101717,USR_4129,2025-01-15 19:30:00,1784.23,Utility_Bills,DEV_IN_SAMS23_039,Samsung Galaxy S23,Bengaluru,12.9716,77.5946,2413.03,3897.82,-0.161,0.74,1,1,166.5167,0.0,0.0,0,0,0.0,0.0,0,0,normal_routine,0
TXN_UPI_101947,USR_4134,2025-01-15 19:35:00,151.17,Food_Dining,DEV_IN_OP12_044,OnePlus 12,Chennai,13.0827,80.2707,6026.79,12204.56,-0.481,0.03,1,1,0.01,0.0,0.0,0,1,0.0,0.0,0,0,normal_routine,0
TXN_UPI_100459,USR_4101,2025-01-15 19:47:00,259.79,Groceries_Daily,DEV_IN_IPH15_011,iPhone 15,Mumbai,19.076,72.8777,13938.32,17665.54,-0.774,0.02,1,1,167.6833,0.0,0.0,0,0,0.0,0.0,0,0,normal_routine,0
TXN_UPI_101948,USR_4134,2025-01-15 19:55:00,2015.72,Utility_Bills,DEV_IN_OP12_044,OnePlus 12,Chennai,13.0827,80.2707,5537.15,11797.28,-0.298,0.36,1,1,0.3333,0.0,0.0,0,2,0.0,0.0,0,0,normal_routine,0
TXN_UPI_101225,USR_4118,2025-01-15 20:03:00,793.1,Utility_Bills,DEV_IN_IPH15_028,iPhone 15,Hyderabad,17.385,78.4867,9708.22,22488.26,-0.396,0.08,1,1,82.7833,0.0,0.0,0,4,0.0,0.0,0,0,normal_routine,0
TXN_UPI_102805,USR_4153,2025-01-15 20:06:00,258.6,Groceries_Daily,DEV_IN_XRN13_063,Xiaomi Redmi Note 13,Mumbai,19.076,72.8777,11403.36,19709.22,-0.565,0.02,1,1,0.01,0.0,0.0,0,4,0.0,0.0,0,0,normal_routine,0
TXN_UPI_101495,USR_4124,2025-01-15 20:10:00,683.4,Groceries_Daily,DEV_IN_IPH15_034,iPhone 15,Kolkata,22.5726,88.3639,10842.26,18785.27,-0.541,0.06,1,1,47.35,0.0,0.0,0,2,0.0,0.0,0,0,normal_routine,0
TXN_UPI_102263,USR_4141,2025-01-15 20:14:00,4672.37,Electronics_Gadgets,DEV_IN_NEW_051,Samsung Galaxy S24,Hyderabad,17.385,78.4867,1029.26,1564.14,2.329,4.54,0,1,0.01,0.0,0.0,0,1,0.0,0.0,0,0,benign_new_device,0
TXN_UPI_101455,USR_4123,2025-01-15 20:18:00,221.59,Food_Dining,DEV_IN_OP12_033,OnePlus 12,Chennai,13.0827,80.2707,3923.39,9210.55,-0.402,0.06,1,1,0.01,0.0,0.0,0,1,0.0,0.0,0,0,normal_routine,0
TXN_UPI_101221,USR_4118,2025-01-15 20:19:00,1503.4,Utility_Bills,DEV_IN_IPH15_028,iPhone 15,Hyderabad,17.385,78.4867,16940.78,28149.25,-0.548,0.09,1,1,73.4,1255.39,17.1,0,0,0.0,0.0,0,0,normal_routine,0
TXN_UPI_102760,USR_4152,2025-01-15 20:20:00,1869.35,P2P_Transfer,DEV_IN_OP12_062,OnePlus 12,Bengaluru,12.9716,77.5946,4097.46,10940.75,-0.204,0.46,1,1,0.01,0.0,0.0,0,1,0.0,0.0,0,0,normal_routine,0
TXN_UPI_101091,USR_4115,2025-01-15 20:21:00,81541.76,Electronics_Gadgets,DEV_IN_XRN13_025,Xiaomi Redmi Note 13,Bengaluru,12.9716,77.5946,2016.84,4259.46,18.67,40.43,1,1,59.15,0.0,0.0,0,2,0.0,0.0,0,0,benign_festive_spend,0
TXN_UPI_101634,USR_4127,2025-01-15 20:21:00,244.73,Food_Dining,DEV_IN_XRN13_037,Xiaomi Redmi Note 13,Mumbai,19.076,72.8777,14994.35,27919.58,-0.528,0.02,1,1,56.8,0.0,0.0,0,4,0.0,0.0,0,0,normal_routine,0
TXN_UPI_101582,USR_4126,2025-01-15 20:22:00,417.15,Groceries_Daily,DEV_IN_OP12_036,OnePlus 12,Chennai,13.0827,80.2707,5823.47,10339.39,-0.523,0.07,1,1,121.9333,0.0,0.0,0,0,0.0,0.0,0,0,normal_routine,0
TXN_UPI_100685,USR_4106,2025-01-15 20:23:00,843.18,Food_Dining,DEV_IN_OP12_016,OnePlus 12,Pune,18.5204,73.8567,2579.84,5465.89,-0.318,0.33,1,1,47.4333,0.0,0.0,0,0,0.0,0.0,0,0,normal_routine,0
TXN_UPI_102481,USR_4146,2025-01-15 20:23:00,1038.87,P2P_Transfer,DEV_IN_SAMS23_056,Samsung Galaxy S23,Hyderabad,17.385,78.4867,25642.92,33045.81,-0.745,0.04,1,1,247.1167,0.0,0.0,0,0,0.0,0.0,0,0,normal_routine,0
TXN_UPI_102844,USR_4154,2025-01-15 20:27:00,290.62,Groceries_Daily,DEV_IN_IPH15_064,iPhone 15,Chennai,13.0827,80.2707,7972.79,12856.67,-0.598,0.04,1,1,64.0,0.0,0.0,0,0,0.0,0.0,0,0,normal_routine,0
TXN_UPI_101762,USR_4130,2025-01-15 20:37:00,1283.19,Utility_Bills,DEV_IN_SAMS23_040,Samsung Galaxy S23,Pune,18.5204,73.8567,20568.99,30345.94,-0.636,0.06,1,1,72.7667,0.0,0.0,0,0,0.0,0.0,0,0,normal_routine,0
TXN_UPI_100015,USR_4091,2025-01-15 20:38:00,1176.51,P2P_Transfer,DEV_IN_IPH15_001,iPhone 15,Bengaluru,12.9716,77.5946,8121.93,24660.33,-0.282,0.14,1,1,0.01,1739.8,173980.21,0,1,0.0,0.0,1,0,normal_routine,0
TXN_UPI_101540,USR_4125,2025-01-15 20:49:00,183.56,Groceries_Daily,DEV_IN_OP12_035,OnePlus 12,Pune,18.5204,73.8567,10376.18,22651.86,-0.45,0.02,1,1,30.8333,0.0,0.0,0,2,0.0,0.0,0,0,normal_routine,0
TXN_UPI_102799,USR_4153,2025-01-15 20:51:00,1916.91,Utility_Bills,DEV_IN_XRN13_063,Xiaomi Redmi Note 13,Mumbai,19.076,72.8777,19223.68,23168.01,-0.747,0.1,1,1,72.0167,0.0,0.0,0,0,0.0,0.0,0,0,normal_routine,0
TXN_UPI_102751,USR_4152,2025-01-15 20:53:00,589.28,Groceries_Daily,DEV_IN_OP12_062,OnePlus 12,Bengaluru,12.9716,77.5946,971.09,584.17,-0.654,0.61,1,1,168.15,0.0,0.0,0,0,0.0,0.0,0,0,normal_routine,0
TXN_UPI_103292,USR_4164,2025-01-15 20:55:00,991.32,P2P_Transfer,DEV_IN_IPH15_074,iPhone 15,Delhi,28.6139,77.209,3022.42,5372.88,-0.378,0.33,1,1,199.2333,0.0,0.0,0,0,0.0,0.0,0,0,normal_routine,0
TXN_UPI_103206,USR_4162,2025-01-15 21:01:00,993.92,Utility_Bills,DEV_IN_XRN13_072,Xiaomi Redmi Note 13,Bengaluru,12.9716,77.5946,15045.45,25851.35,-0.544,0.07,1,1,0.01,0.0,0.0,0,1,0.0,0.0,0,0,normal_routine,0
TXN_UPI_103338,USR_4165,2025-01-15 21:09:00,16941.63,Electronics_Gadgets,DEV_IN_IPH15_075,iPhone 15,Bengaluru,12.9716,77.5946,11731.37,26033.72,0.2,1.44,1,1,169.5333,0.0,0.0,0,0,0.0,0.0,0,0,benign_festive_spend,0
TXN_UPI_101493,USR_4124,2025-01-15 21:12:00,306.55,Groceries_Daily,DEV_IN_IPH15_034,iPhone 15,Kolkata,22.5726,88.3639,13835.41,20332.11,-0.665,0.02,1,1,55.2167,0.0,0.0,0,0,0.0,0.0,0,0,normal_routine,0
TXN_UPI_101311,USR_4120,2025-01-15 21:24:00,1488.0,Utility_Bills,DEV_IN_OP12_030,OnePlus 12,Kolkata,22.5726,88.3639,551.72,473.44,1.978,2.7,1,1,103.9333,0.0,0.0,0,0,0.0,0.0,0,0,normal_routine,0
TXN_UPI_102036,USR_4136,2025-01-15 21:33:00,204.88,Groceries_Daily,DEV_IN_SAMS23_046,Samsung Galaxy S23,Pune,18.5204,73.8567,3045.95,7141.71,-0.398,0.07,1,1,75.3,0.0,0.0,0,4,0.0,0.0,0,0,normal_routine,0
TXN_UPI_101357,USR_4121,2025-01-15 21:34:00,252.59,Food_Dining,DEV_IN_OP12_031,OnePlus 12,Kolkata,22.5726,88.3639,634.29,219.91,-1.736,0.4,1,1,192.55,0.0,0.0,0,0,0.0,0.0,0,0,normal_routine,0
TXN_UPI_101986,USR_4135,2025-01-15 21:35:00,79.72,Food_Dining,DEV_IN_OP12_045,OnePlus 12,Bengaluru,12.9716,77.5946,442.67,276.03,-1.315,0.18,1,1,153.9167,0.0,0.0,0,0,0.0,0.0,0,0,normal_routine,0
TXN_UPI_103345,USR_4165,2025-01-15 21:42:00,117.57,Food_Dining,DEV_IN_IPH15_075,iPhone 15,Bengaluru,12.9716,77.5946,7440.95,19324.88,-0.379,0.02,1,1,0.01,0.0,0.0,0,3,0.0,0.0,0,0,normal_routine,0
TXN_UPI_102667,USR_4150,2025-01-15 21:45:00,351.82,Groceries_Daily,DEV_IN_SAMS23_060,Samsung Galaxy S23,Mumbai,19.076,72.8777,10775.2,17743.51,-0.587,0.03,1,1,106.5333,0.0,0.0,0,3,0.0,0.0,0,0,normal_routine,0
TXN_UPI_101314,USR_4120,2025-01-15 21:51:00,335.38,Groceries_Daily,DEV_IN_OP12_030,OnePlus 12,Kolkata,22.5726,88.3639,7887.1,19229.26,-0.393,0.04,1,1,37.1833,0.0,0.0,0,3,0.0,0.0,0,0,normal_routine,0
TXN_UPI_102220,USR_4140,2025-01-15 21:54:00,263.89,Groceries_Daily,DEV_IN_XRN13_050,Xiaomi Redmi Note 13,Chennai,13.0827,80.2707,5480.83,13716.46,-0.38,0.05,1,1,0.01,0.0,0.0,0,1,0.0,0.0,0,0,normal_routine,0
TXN_UPI_102757,USR_4152,2025-01-15 21:54:00,43433.92,Groceries_Daily,DEV_IN_NEW_062,Samsung Galaxy S24,Bengaluru,12.9716,77.5946,1029.78,902.29,46.996,42.18,0,1,25.4167,0.0,0.0,0,0,0.0,0.0,0,0,benign_new_device,0
TXN_UPI_101451,USR_4123,2025-01-15 21:56:00,193.39,Food_Dining,DEV_IN_OP12_033,OnePlus 12,Chennai,13.0827,80.2707,3902.17,10201.42,-0.364,0.05,1,1,49.15,0.0,0.0,0,0,0.0,0.0,0,0,normal_routine,0
TXN_UPI_101764,USR_4130,2025-01-15 23:41:00,3854.71,Travel_Ticketing,DEV_IN_SAMS23_040,Samsung Galaxy S23,Delhi,28.6139,77.209,15621.34,27643.41,-0.426,0.25,1,1,0.01,1172.99,117299.5,0,1,0.0,0.0,1,0,benign_travel,0
TXN_UPI_103299,USR_4164,2025-01-16 02:32:00,10181.03,Travel_Ticketing,DEV_IN_IPH15_074,iPhone 15,Jaipur,26.9124,75.7873,11239.56,21134.61,-0.05,0.91,1,1,0.01,235.29,23529.02,1,1,0.0,0.0,1,0,benign_travel,0
TXN_UPI_102621,USR_4149,2025-01-16 02:53:00,206.82,Gaming_Crypto,DEV_BOTNET_58,Automated Script Bot,Hyderabad,17.385,78.4867,9179.68,16375.83,-0.548,0.02,0,1,77.3,0.0,0.0,1,12,1.5,0.11,0,1,credential_stuffing_burst,1
TXN_UPI_100144,USR_4094,2025-01-16 04:09:00,67538.86,P2P_Transfer,DEV_ROGUE_EMU_03,Linux Cloud Emulator,Bengaluru,12.9716,77.5946,3617.37,7359.27,8.686,18.67,0,1,16.4833,0.0,0.0,1,0,1.5,3.57,0,1,hostile_account_takeover,1
TXN_UPI_100595,USR_4104,2025-01-16 04:52:00,43450.93,P2P_Transfer,DEV_ROGUE_EMU_13,Linux Cloud Emulator,Mumbai,19.076,72.8777,11486.53,25535.97,1.252,3.78,0,1,0.01,0.0,0.0,1,1,1.5,1.88,0,1,hostile_account_takeover,1
TXN_UPI_100866,USR_4110,2025-01-16 08:24:00,624.05,Utility_Bills,DEV_IN_OP12_020,OnePlus 12,Jaipur,26.9124,75.7873,630.79,464.25,-0.015,0.99,1,1,19.3333,0.0,0.0,0,0,0.0,0.0,0,0,normal_routine,0
TXN_UPI_100594,USR_4104,2025-01-16 08:38:00,82521.23,Food_Dining,DEV_IN_OP12_014,OnePlus 12,Mumbai,19.076,72.8777,2607.19,4900.3,16.308,31.65,1,1,36.9833,0.0,0.0,0,0,0.0,0.0,0,0,benign_festive_spend,0
TXN_UPI_101138,USR_4116,2025-01-16 08:42:00,578.62,Groceries_Daily,DEV_IN_OP12_026,OnePlus 12,Hyderabad,17.385,78.4867,9774.11,23563.37,-0.39,0.06,1,1,43.05,0.0,0.0,0,3,0.0,0.0,0,0,normal_routine,0
TXN_UPI_101315,USR_4120,2025-01-16 08:50:00,1136.24,P2P_Transfer,DEV_IN_OP12_030,OnePlus 12,Kolkata,22.5726,88.3639,7048.02,18284.2,-0.323,0.16,1,1,10.9833,0.0,0.0,0,0,0.0,0.0,0,0,normal_routine,0
TXN_UPI_102487,USR_4146,2025-01-16 08:54:00,334.71,Groceries_Daily,DEV_IN_SAMS23_056,Samsung Galaxy S23,Hyderabad,17.385,78.4867,17287.52,28397.24,-0.597,0.02,1,1,0.01,0.0,0.0,0,1,0.0,0.0,0,0,normal_routine,0
TXN_UPI_100193,USR_4095,2025-01-16 09:06:00,69383.07,Electronics_Gadgets,DEV_IN_IPH15_005,iPhone 15,Kolkata,22.5726,88.3639,18702.68,26356.01,1.923,3.71,1,1,67.3167,0.0,0.0,0,2,0.0,0.0,0,0,benign_festive_spend,0
TXN_UPI_100007,USR_4091,2025-01-16 09:24:00,371.32,Gaming_Crypto,DEV_BURNER_00,Realme C11,Bengaluru,12.9716,77.5946,543.89,566.49,-0.305,0.68,0,1,85.7833,0.0,0.0,0,0,0.0,0.0,0,1,stealth_micro_fraud,1
TXN_UPI_100148,USR_4094,2025-01-16 09:24:00,324.48,Groceries_Daily,DEV_IN_SAMS23_004,Samsung Galaxy S23,Bengaluru,12.9716,77.5946,9624.27,18927.68,-0.491,0.03,1,1,0.01,454.99,45498.72,0,1,0.0,0.0,1,0,normal_routine,0
TXN_UPI_101003,USR_4113,2025-01-16 09:33:00,274.7,Groceries_Daily,DEV_IN_OP12_023,OnePlus 12,Delhi,28.6139,77.209,4266.15,7500.38,-0.532,0.06,1,1,0.01,0.0,0.0,0,1,0.0,0.0,0,0,normal_routine,0
TXN_UPI_102395,USR_4144,2025-01-16 09:33:00,16594.7,Electronics_Gadgets,DEV_IN_NEW_054,Samsung Galaxy S24,Jaipur,26.9124,75.7873,6742.21,15682.78,0.628,2.46,0,1,0.01,0.0,0.0,0,3,0.0,0.0,0,0,benign_new_device,0
TXN_UPI_100412,USR_4100,2025-01-16 09:34:00,185.8,Food_Dining,DEV_IN_OP12_010,OnePlus 12,Pune,18.5204,73.8567,9182.47,19045.55,-0.472,0.02,1,1,188.0833,0.0,0.0,0,0,0.0,0.0,0,0,normal_routine,0
TXN_UPI_100368,USR_4099,2025-01-16 09:41:00,160.48,Food_Dining,DEV_IN_XRN13_009,Xiaomi Redmi Note 13,Mumbai,19.076,72.8777,1013.6,736.1,-1.159,0.16,1,1,38.0167,0.0,0.0,0,0,0.0,0.0,0,0,normal_routine,0
TXN_UPI_102356,USR_4143,2025-01-16 09:46:00,75361.09,Food_Dining,DEV_IN_XRN13_053,Xiaomi Redmi Note 13,Pune,18.5204,73.8567,1030.49,626.36,118.671,73.13,1,1,0.01,0.0,0.0,0,4,0.0,0.0,0,0,benign_festive_spend,0
TXN_UPI_103522,USR_4169,2025-01-16 09:47:00,1391.38,Utility_Bills,DEV_IN_IPH15_079,iPhone 15,Kolkata,22.5726,88.3639,6022.11,13576.52,-0.341,0.23,1,1,0.01,0.0,0.0,0,1,0.0,0.0,0,0,normal_routine,0
TXN_UPI_100419,USR_4100,2025-01-16 09:51:00,1036.27,Utility_Bills,DEV_IN_OP12_010,OnePlus 12,Pune,18.5204,73.8567,4553.4,13634.47,-0.258,0.23,1,1,0.01,0.0,0.0,0,3,0.0,0.0,0,0,normal_routine,0
TXN_UPI_101231,USR_4118,2025-01-16 09:59:00,274.95,Food_Dining,DEV_IN_IPH15_028,iPhone 15,Hyderabad,17.385,78.4867,6467.18,17906.9,-0.346,0.04,1,1,0.01,0.0,0.0,0,1,0.0,0.0,0,0,normal_routine,0
TXN_UPI_103436,USR_4167,2025-01-16 11:41:00,2123.73,Utility_Bills,DEV_IN_XRN13_077,Xiaomi Redmi Note 13,Hyderabad,17.385,78.4867,12315.24,19298.26,-0.528,0.17,1,1,0.01,0.0,0.0,0,3,0.0,0.0,0,0,normal_routine,0
TXN_UPI_103343,USR_4165,2025-01-16 11:45:00,2692.43,Utility_Bills,DEV_IN_IPH15_075,iPhone 15,Bengaluru,12.9716,77.5946,8411.82,20709.94,-0.276,0.32,1,1,0.01,0.0,0.0,0,1,0.0,0.0,0,0,normal_routine,0
TXN_UPI_102758,USR_4152,2025-01-16 13:02:00,891.12,Utility_Bills,DEV_IN_OP12_062,OnePlus 12,Bengaluru,12.9716,77.5946,4563.46,11751.68,-0.312,0.2,1,1,15.1333,0.0,0.0,0,0,0.0,0.0,0,0,normal_routine,0
TXN_UPI_100053,USR_4092,2025-01-16 13:08:00,245.31,Groceries_Daily,DEV_IN_OP12_002,OnePlus 12,Kolkata,22.5726,88.3639,9060.73,10405.97,-0.847,0.03,1,1,117.4333,1357.77,11.56,0,0,0.0,0.0,0,0,normal_routine,0
TXN_UPI_100504,USR_4102,2025-01-16 13:08:00,1055.04,P2P_Transfer,DEV_IN_SAMS23_012,Samsung Galaxy S23,Hyderabad,17.385,78.4867,2733.55,3328.61,-0.504,0.39,1,1,0.01,520.05,52004.67,0,1,0.0,0.0,1,0,normal_routine,0
TXN_UPI_101270,USR_4119,2025-01-16 13:08:00,464.89,P2P_Transfer,DEV_IN_OP12_029,OnePlus 12,Bengaluru,12.9716,77.5946,9447.79,15017.9,-0.598,0.05,1,1,100.95,0.0,0.0,0,2,0.0,0.0,0,0,normal_routine,0
TXN_UPI_102491,USR_4146,2025-01-16 13:16:00,296.87,Food_Dining,DEV_IN_SAMS23_056,Samsung Galaxy S23,Hyderabad,17.385,78.4867,12812.99,25425.7,-0.492,0.02,1,1,0.01,0.0,0.0,0,1,0.0,0.0,0,0,normal_routine,0
TXN_UPI_101635,USR_4127,2025-01-16 13:25:00,606.61,P2P_Transfer,DEV_IN_XRN13_037,Xiaomi Redmi Note 13,Mumbai,19.076,72.8777,13940.81,27170.82,-0.491,0.04,1,1,17.0667,0.0,0.0,0,5,0.0,0.0,0,0,normal_routine,0
TXN_UPI_101004,USR_4113,2025-01-16 13:26:00,1751.74,Utility_Bills,DEV_IN_OP12_023,OnePlus 12,Delhi,28.6139,77.209,3959.12,7284.2,-0.303,0.44,1,1,3.8833,0.0,0.0,0,2,0.0,0.0,0,0,normal_routine,0
TXN_UPI_100824,USR_4109,2025-01-16 13:33:00,1227.65,P2P_Transfer,DEV_IN_IPH15_019,iPhone 15,Pune,18.5204,73.8567,11862.46,21271.01,-0.5,0.1,1,1,0.01,0.0,0.0,0,1,0.0,0.0,0,0,normal_routine,0
TXN_UPI_101180,USR_4117,2025-01-16 13:46:00,318.79,Groceries_Daily,DEV_IN_SAMS23_027,Samsung Galaxy S23,Kolkata,22.5726,88.3639,1026.29,896.14,-0.789,0.31,1,1,144.75,0.0,0.0,0,0,0.0,0.0,0,0,normal_routine,0
TXN_UPI_101140,USR_4116,2025-01-16 13:50:00,510.71,Groceries_Daily,DEV_IN_OP12_026,OnePlus 12,Hyderabad,17.385,78.4867,8443.31,22057.69,-0.36,0.06,1,1,0.01,0.0,0.0,0,1,0.0,0.0,0,0,normal_routine,0
TXN_UPI_102981,USR_4157,2025-01-16 13:51:00,159.7,Food_Dining,DEV_IN_SAMS23_067,Samsung Galaxy S23,Jaipur,26.9124,75.7873,738.27,482.74,-1.199,0.22,1,1,88.85,0.0,0.0,0,2,0.0,0.0,0,0,normal_routine,0
TXN_UPI_101538,USR_4125,2025-01-16 13:55:00,73297.4,Food_Dining,DEV_IN_OP12_035,OnePlus 12,Pune,18.5204,73.8567,2812.88,4764.37,14.794,26.06,1,1,186.8,0.0,0.0,0,0,0.0,0.0,0,0,benign_festive_spend,0
TXN_UPI_103250,USR_4163,2025-01-16 13:56:00,312.16,Food_Dining,DEV_IN_XRN13_073,Xiaomi Redmi Note 13,Chennai,13.0827,80.2707,9357.0,16771.08,-0.539,0.03,1,1,0.01,0.0,0.0,0,1,0.0,0.0,0,0,normal_routine,0
TXN_UPI_100277,USR_4097,2025-01-16 13:57:00,46656.27,Food_Dining,DEV_IN_NEW_007,Samsung Galaxy S24,Delhi,28.6139,77.209,2331.99,4363.04,10.159,20.01,0,1,218.1,0.0,0.0,0,0,0.0,0.0,0,0,benign_new_device,0
TXN_UPI_100190,USR_4095,2025-01-16 14:10:00,14576.36,Travel_Ticketing,DEV_IN_IPH15_005,iPhone 15,Jaipur,26.9124,75.7873,22998.83,28975.2,-0.291,0.63,1,1,90.2833,1357.77,15.04,0,0,0.0,0.0,0,0,benign_travel,0
TXN_UPI_102982,USR_4157,2025-01-16 14:14:00,10445.33,P2P_Transfer,DEV_CLONE_66,Virtual Android,Lagos,6.5244,3.3792,685.67,489.41,19.942,15.23,0,0,0.3833,7937.78,20707.25,0,3,3.0,4.18,1,1,impossible_travel_jump,1
TXN_UPI_103114,USR_4160,2025-01-16 18:02:00,990.29,P2P_Transfer,DEV_IN_OP12_070,OnePlus 12,Chennai,13.0827,80.2707,8894.85,11692.23,-0.676,0.11,1,1,45.1333,0.0,0.0,0,0,0.0,0.0,0,0,normal_routine,0
TXN_UPI_100098,USR_4093,2025-01-16 18:24:00,280.03,Food_Dining,DEV_IN_IPH15_003,iPhone 15,Mumbai,19.076,72.8777,628.29,343.23,-1.015,0.45,1,1,153.3833,0.0,0.0,0,0,0.0,0.0,0,0,normal_routine,0
TXN_UPI_102394,USR_4144,2025-01-16 18:26:00,577.12,Utility_Bills,DEV_IN_OP12_054,OnePlus 12,Jaipur,26.9124,75.7873,7512.85,16472.65,-0.421,0.08,1,1,174.5,0.0,0.0,0,2,0.0,0.0,0,0,normal_routine,0
TXN_UPI_101136,USR_4116,2025-01-16 18:37:00,570.13,P2P_Transfer,DEV_IN_OP12_026,OnePlus 12,Hyderabad,17.385,78.4867,11623.71,25411.66,-0.435,0.05,1,1,0.01,0.0,0.0,0,1,0.0,0.0,0,0,normal_routine,0
TXN_UPI_101721,USR_4129,2025-01-16 18:37:00,913.35,P2P_Transfer,DEV_IN_SAMS23_039,Samsung Galaxy S23,Bengaluru,12.9716,77.5946,6737.26,13237.07,-0.44,0.14,1,1,160.9,0.0,0.0,0,0,0.0,0.0,0,0,normal_routine,0
TXN_UPI_100464,USR_4101,2025-01-16 18:41:00,513.58,P2P_Transfer,DEV_IN_IPH15_011,iPhone 15,Mumbai,19.076,72.8777,8850.86,15280.88,-0.546,0.06,1,1,0.01,0.0,0.0,0,1,0.0,0.0,0,0,normal_routine,0
TXN_UPI_101088,USR_4115,2025-01-16 19:11:00,363.38,Food_Dining,DEV_IN_XRN13_025,Xiaomi Redmi Note 13,Bengaluru,12.9716,77.5946,2682.31,4941.42,-0.469,0.14,1,1,72.65,0.0,0.0,0,0,0.0,0.0,0,0,normal_routine,0
TXN_UPI_102082,USR_4137,2025-01-16 19:15:00,34312.05,Jewelry_Luxury,DEV_IN_OP12_047,OnePlus 12,Hyderabad,17.385,78.4867,14165.04,25772.2,0.782,2.42,1,1,0.01,0.0,0.0,0,1,0.0,0.0,0,0,benign_festive_spend,0
TXN_UPI_102527,USR_4147,2025-01-16 19:16:00,1197.34,Utility_Bills,DEV_IN_XRN13_057,Xiaomi Redmi Note 13,Pune,18.5204,73.8567,22213.08,30283.35,-0.694,0.05,1,1,238.6,0.0,0.0,0,0,0.0,0.0,0,0,normal_routine,0
TXN_UPI_103385,USR_4166,2025-01-16 19:37:00,175.24,Food_Dining,DEV_IN_SAMS23_076,Samsung Galaxy S23,Bengaluru,12.9716,77.5946,8149.8,13905.28,-0.573,0.02,1,1,33.65,0.0,0.0,0,0,0.0,0.0,0,0,normal_routine,0
TXN_UPI_100415,USR_4100,2025-01-16 19:52:00,227.48,Food_Dining,DEV_IN_OP12_010,OnePlus 12,Pune,18.5204,73.8567,6223.18,16104.3,-0.372,0.04,1,1,135.1833,0.0,0.0,0,0,0.0,0.0,0,0,normal_routine,0
TXN_UPI_100371,USR_4099,2025-01-16 19:54:00,244.49,Food_Dining,DEV_IN_XRN13_009,Xiaomi Redmi Note 13,Mumbai,19.076,72.8777,864.11,679.92,-0.911,0.28,1,1,56.35,0.0,0.0,0,0,0.0,0.0,0,0,normal_routine,0
TXN_UPI_100780,USR_4108,2025-01-16 20:01:00,23536.21,Jewelry_Luxury,DEV_IN_IPH15_018,iPhone 15,Delhi,28.6139,77.209,18051.55,23337.97,0.235,1.3,1,1,0.01,8084.29,808429.48,0,6,0.0,0.0,1,0,benign_festive_spend,0
TXN_UPI_103481,USR_4168,2025-01-16 20:05:00,866.71,Utility_Bills,DEV_IN_XRN13_078,Xiaomi Redmi Note 13,Pune,18.5204,73.8567,3693.04,6993.44,-0.404,0.23,1,1,0.01,0.0,0.0,0,2,0.0,0.0,0,0,normal_routine,0
TXN_UPI_103120,USR_4160,2025-01-16 20:14:00,931.75,Utility_Bills,DEV_IN_OP12_070,OnePlus 12,Chennai,13.0827,80.2707,5362.54,9737.34,-0.455,0.17,1,1,0.01,0.0,0.0,0,1,0.0,0.0,0,0,normal_routine,0
TXN_UPI_101268,USR_4119,2025-01-16 20:17:00,223.65,Food_Dining,DEV_IN_OP12_029,OnePlus 12,Bengaluru,12.9716,77.5946,12056.47,16104.36,-0.735,0.02,1,1,184.4333,0.0,0.0,0,0,0.0,0.0,0,0,normal_routine,0
TXN_UPI_101092,USR_4115,2025-01-16 20:22:00,1070.87,Utility_Bills,DEV_IN_XRN13_025,Xiaomi Redmi Note 13,Bengaluru,12.9716,77.5946,9246.38,23219.73,-0.352,0.12,1,1,24.0167,0.0,0.0,0,3,0.0,0.0,0,0,normal_routine,0
TXN_UPI_101408,USR_4122,2025-01-16 20:30:00,276.36,Food_Dining,DEV_IN_XRN13_032,Xiaomi Redmi Note 13,Delhi,28.6139,77.209,5649.03,12353.63,-0.435,0.05,1,1,57.2,0.0,0.0,0,3,0.0,0.0,0,0,normal_routine,0
TXN_UPI_102218,USR_4140,2025-01-16 20:37:00,381.02,Food_Dining,DEV_IN_XRN13_050,Xiaomi Redmi Note 13,Chennai,13.0827,80.2707,6261.77,14669.71,-0.401,0.06,1,1,0.01,0.0,0.0,0,1,0.0,0.0,0,0,normal_routine,0
TXN_UPI_100914,USR_4111,2025-01-16 20:45:00,631.66,Groceries_Daily,DEV_IN_SAMS23_021,Samsung Galaxy S23,Hyderabad,17.385,78.4867,8911.51,18202.06,-0.455,0.07,1,1,55.05,621.46,11.29,0,2,0.0,0.0,0,0,normal_routine,0
TXN_UPI_103205,USR_4162,2025-01-16 20:52:00,217.06,Food_Dining,DEV_IN_XRN13_072,Xiaomi Redmi Note 13,Bengaluru,12.9716,77.5946,16693.05,26746.98,-0.616,0.01,1,1,175.7667,0.0,0.0,0,0,0.0,0.0,0,0,normal_routine,0
TXN_UPI_102804,USR_4153,2025-01-16 20:53:00,628.28,P2P_Transfer,DEV_IN_XRN13_063,Xiaomi Redmi Note 13,Mumbai,19.076,72.8777,12232.21,20216.74,-0.574,0.05,1,1,55.7333,0.0,0.0,0,3,0.0,0.0,0,0,normal_routine,0
TXN_UPI_100056,USR_4092,2025-01-16 21:08:00,565.34,Groceries_Daily,DEV_IN_OP12_002,OnePlus 12,Kolkata,22.5726,88.3639,6452.11,9575.26,-0.615,0.09,1,1,155.35,0.0,0.0,0,0,0.0,0.0,0,0,normal_routine,0
TXN_UPI_102081,USR_4137,2025-01-16 21:17:00,292.43,Groceries_Daily,DEV_IN_OP12_047,OnePlus 12,Hyderabad,17.385,78.4867,15552.3,26635.65,-0.573,0.02,1,1,72.8667,0.0,0.0,0,0,0.0,0.0,0,0,normal_routine,0
TXN_UPI_100731,USR_4107,2025-01-16 21:28:00,242.63,Groceries_Daily,DEV_IN_OP12_017,OnePlus 12,Chennai,13.0827,80.2707,10986.98,18838.87,-0.57,0.02,1,1,49.55,0.0,0.0,0,0,0.0,0.0,0,0,normal_routine,0
TXN_UPI_101546,USR_4125,2025-01-16 21:30:00,1449.58,P2P_Transfer,DEV_IN_OP12_035,OnePlus 12,Pune,18.5204,73.8567,6381.94,18215.85,-0.271,0.23,1,1,0.01,0.0,0.0,0,1,0.0,0.0,0,0,normal_routine,0
TXN_UPI_100285,USR_4097,2025-01-16 21:35:00,650.39,P2P_Transfer,DEV_IN_XRN13_007,Xiaomi Redmi Note 13,Delhi,28.6139,77.209,6692.9,13279.49,-0.455,0.1,1,1,0.01,0.0,0.0,0,4,0.0,0.0,0,0,normal_routine,0
TXN_UPI_102038,USR_4136,2025-01-16 21:42:00,754.3,P2P_Transfer,DEV_IN_SAMS23_046,Samsung Galaxy S23,Pune,18.5204,73.8567,2594.89,6597.25,-0.279,0.29,1,1,0.01,0.0,0.0,0,1,0.0,0.0,0,0,normal_routine,0
TXN_UPI_102392,USR_4144,2025-01-16 21:49:00,2210.8,Food_Dining,DEV_IN_NEW_054,Samsung Galaxy S24,Jaipur,26.9124,75.7873,9371.47,18653.54,-0.384,0.24,0,1,181.7833,0.0,0.0,0,0,0.0,0.0,0,0,benign_new_device,0
TXN_UPI_101453,USR_4123,2025-01-16 21:53:00,458.82,P2P_Transfer,DEV_IN_OP12_033,OnePlus 12,Chennai,13.0827,80.2707,4473.69,9841.19,-0.408,0.1,1,1,73.1,0.0,0.0,0,0,0.0,0.0,0,0,normal_routine,0
TXN_UPI_102032,USR_4136,2025-01-16 21:59:00,591.66,Food_Dining,DEV_IN_SAMS23_046,Samsung Galaxy S23,Pune,18.5204,73.8567,4470.18,8931.17,-0.434,0.13,1,1,168.2667,0.0,0.0,0,0,0.0,0.0,0,0,normal_routine,0
TXN_UPI_102258,USR_4141,2025-01-17 01:00:00,6119.09,Travel_Ticketing,DEV_IN_OP12_051,OnePlus 12,Mumbai,19.076,72.8777,557.4,278.98,19.936,10.98,1,1,219.75,621.46,2.83,1,0,0.0,0.0,0,0,benign_travel,0
TXN_UPI_102441,USR_4145,2025-01-17 02:12:00,4869.66,P2P_Transfer,DEV_IN_SAMS23_055,Samsung Galaxy S23,Mumbai,19.076,72.8777,15166.42,26043.81,-0.395,0.32,1,1,80.1,0.0,0.0,1,2,0.0,0.0,0,0,emergency_nocturnal_legit,0
TXN_UPI_102214,USR_4140,2025-01-17 02:28:00,114.18,Gaming_Crypto,DEV_BOTNET_49,Automated Script Bot,Chennai,13.0827,80.2707,8067.27,17438.25,-0.456,0.01,0,1,135.15,0.0,0.0,1,11,1.5,0.11,0,1,credential_stuffing_burst,1
TXN_UPI_102714,USR_4151,2025-01-17 03:06:00,5459.7,Utility_Bills,DEV_IN_SAMS23_061,Samsung Galaxy S23,Bengaluru,12.9716,77.5946,14512.81,25256.12,-0.358,0.38,1,1,0.01,0.0,0.0,1,1,0.0,0.0,0,0,emergency_nocturnal_legit,0
TXN_UPI_100689,USR_4106,2025-01-17 03:07:00,97.41,Gaming_Crypto,DEV_BOTNET_15,Automated Script Bot,Pune,18.5204,73.8567,1995.51,4635.05,-0.41,0.05,0,1,0.01,0.0,0.0,1,15,1.5,0.11,0,1,credential_stuffing_burst,1
TXN_UPI_101497,USR_4124,2025-01-17 03:07:00,45774.72,P2P_Transfer,DEV_ROGUE_EMU_33,Linux Cloud Emulator,Kolkata,22.5726,88.3639,9010.13,17430.76,2.109,5.08,0,1,0.01,0.0,0.0,1,1,1.5,2.17,0,1,hostile_account_takeover,1
TXN_UPI_100331,USR_4098,2025-01-17 04:08:00,95703.42,P2P_Transfer,DEV_ROGUE_EMU_07,Linux Cloud Emulator,Hyderabad,17.385,78.4867,5060.27,11578.75,7.828,18.91,0,1,0.01,0.0,0.0,1,2,1.5,3.59,0,1,hostile_account_takeover,1
TXN_UPI_100778,USR_4108,2025-01-17 08:10:00,312.44,Food_Dining,DEV_IN_IPH15_018,iPhone 15,Delhi,28.6139,77.209,18091.04,24173.79,-0.735,0.02,1,1,47.85,0.0,0.0,0,4,0.0,0.0,0,0,normal_routine,0
TXN_UPI_101772,USR_4130,2025-01-17 08:17:00,135.25,Food_Dining,DEV_IN_SAMS23_040,Samsung Galaxy S23,Pune,18.5204,73.8567,9266.45,20792.43,-0.439,0.01,1,1,0.01,0.0,0.0,0,3,0.0,0.0,0,0,normal_routine,0
TXN_UPI_100779,USR_4108,2025-01-17 08:19:00,35316.8,P2P_Transfer,DEV_CLONE_17,Virtual Android,Lagos,6.5244,3.3792,16723.46,23703.67,0.784,2.11,0,0,0.15,8084.29,53895.3,0,5,3.0,1.7,1,1,impossible_travel_jump,1
TXN_UPI_100282,USR_4097,2025-01-17 08:23:00,27676.36,Jewelry_Luxury,DEV_IN_XRN13_007,Xiaomi Redmi Note 13,Delhi,28.6139,77.209,5875.91,13310.38,1.638,4.71,1,1,0.01,0.0,0.0,0,1,0.0,0.0,0,0,benign_festive_spend,0
TXN_UPI_102442,USR_4145,2025-01-17 08:31:00,292.08,Groceries_Daily,DEV_IN_SAMS23_055,Samsung Galaxy S23,Mumbai,19.076,72.8777,14230.36,25007.6,-0.557,0.02,1,1,6.3167,0.0,0.0,0,3,0.0,0.0,0,0,normal_routine,0
TXN_UPI_100549,USR_4103,2025-01-17 08:37:00,1426.17,P2P_Transfer,DEV_IN_SAMS23_013,Samsung Galaxy S23,Hyderabad,17.385,78.4867,850.19,522.16,1.103,1.68,1,1,66.6667,0.0,0.0,0,0,0.0,0.0,0,0,normal_routine,0
TXN_UPI_101228,USR_4118,2025-01-17 08:39:00,1134.27,P2P_Transfer,DEV_IN_IPH15_028,iPhone 15,Hyderabad,17.385,78.4867,7469.23,19859.02,-0.319,0.15,1,1,119.3833,0.0,0.0,0,2,0.0,0.0,0,0,normal_routine,0
TXN_UPI_101052,USR_4114,2025-01-17 08:43:00,281.08,Groceries_Daily,DEV_IN_SAMS23_024,Samsung Galaxy S23,Delhi,28.6139,77.209,4684.46,15180.23,-0.29,0.06,1,1,0.01,0.0,0.0,0,2,0.0,0.0,0,0,normal_routine,0
TXN_UPI_101051,USR_4114,2025-01-17 09:03:00,268.91,Food_Dining,DEV_IN_SAMS23_024,Samsung Galaxy S23,Delhi,28.6139,77.209,4978.83,15633.8,-0.301,0.05,1,1,0.01,0.0,0.0,0,1,0.0,0.0,0,0,normal_routine,0
TXN_UPI_103023,USR_4158,2025-01-17 09:07:00,288.76,Food_Dining,DEV_IN_SAMS23_068,Samsung Galaxy S23,Jaipur,26.9124,75.7873,1201.81,986.46,-0.926,0.24,1,1,148.4167,0.0,0.0,0,0,0.0,0.0,0,0,normal_routine,0
TXN_UPI_101682,USR_4128,2025-01-17 09:09:00,231.71,Groceries_Daily,DEV_IN_SAMS23_038,Samsung Galaxy S23,Bengaluru,12.9716,77.5946,7362.75,17141.44,-0.416,0.03,1,1,0.01,0.0,0.0,0,1,0.0,0.0,0,0,normal_routine,0
TXN_UPI_100819,USR_4109,2025-01-17 09:21:00,431.37,Food_Dining,DEV_IN_IPH15_019,iPhone 15,Pune,18.5204,73.8567,6533.83,15665.53,-0.39,0.07,1,1,61.8667,0.0,0.0,0,0,0.0,0.0,0,0,normal_routine,0
TXN_UPI_100691,USR_4106,2025-01-17 09:22:00,801.48,P2P_Transfer,DEV_IN_OP12_016,OnePlus 12,Pune,18.5204,73.8567,1768.1,4354.34,-0.222,0.45,1,1,0.01,0.0,0.0,0,1,0.0,0.0,0,0,normal_routine,0
TXN_UPI_103482,USR_4168,2025-01-17 09:22:00,184.73,Food_Dining,DEV_IN_XRN13_078,Xiaomi Redmi Note 13,Pune,18.5204,73.8567,3516.4,6805.84,-0.49,0.05,1,1,13.2833,0.0,0.0,0,3,0.0,0.0,0,0,normal_routine,0
TXN_UPI_100507,USR_4102,2025-01-17 09:50:00,750.55,Utility_Bills,DEV_IN_SAMS23_012,Samsung Galaxy S23,Hyderabad,17.385,78.4867,2136.21,3008.86,-0.461,0.35,1,1,62.4,0.0,0.0,0,4,0.0,0.0,0,0,normal_routine,0
TXN_UPI_102528,USR_4147,2025-01-17 09:53:00,1086.76,Utility_Bills,DEV_IN_XRN13_057,Xiaomi Redmi Note 13,Pune,18.5204,73.8567,19210.83,28985.35,-0.625,0.06,1,1,14.6167,0.0,0.0,0,0,0.0,0.0,0,0,normal_routine,0
TXN_UPI_102846,USR_4154,2025-01-17 11:07:00,1268.94,P2P_Transfer,DEV_IN_IPH15_064,iPhone 15,Chennai,13.0827,80.2707,6537.52,11854.39,-0.444,0.19,1,1,157.8167,0.0,0.0,0,0,0.0,0.0,0,0,normal_routine,0
TXN_UPI_102123,USR_4138,2025-01-17 11:10:00,233.28,Food_Dining,DEV_IN_IPH15_048,iPhone 15,Delhi,28.6139,77.209,4270.9,6448.6,-0.626,0.05,1,1,95.3667,0.0,0.0,0,0,0.0,0.0,0,0,normal_routine,0
TXN_UPI_101135,USR_4116,2025-01-17 11:17:00,193.11,Groceries_Daily,DEV_IN_OP12_026,OnePlus 12,Hyderabad,17.385,78.4867,12893.78,26483.43,-0.48,0.01,1,1,158.95,0.0,0.0,0,0,0.0,0.0,0,0,normal_routine,0
TXN_UPI_100737,USR_4107,2025-01-17 11:28:00,256.49,Food_Dining,DEV_IN_OP12_017,OnePlus 12,Chennai,13.0827,80.2707,9354.27,16704.96,-0.545,0.03,1,1,0.01,0.0,0.0,0,1,0.0,0.0,0,0,normal_routine,0
TXN_UPI_101275,USR_4119,2025-01-17 11:32:00,1894.23,P2P_Transfer,DEV_IN_OP12_029,OnePlus 12,Bengaluru,12.9716,77.5946,11359.83,17973.28,-0.527,0.17,1,1,0.01,0.0,0.0,0,1,0.0,0.0,0,0,normal_routine,0
TXN_UPI_101630,USR_4127,2025-01-17 11:32:00,436.14,Groceries_Daily,DEV_IN_XRN13_037,Xiaomi Redmi Note 13,Mumbai,19.076,72.8777,16306.94,30849.4,-0.514,0.03,1,1,177.2833,0.0,0.0,0,0,0.0,0.0,0,0,normal_routine,0
TXN_UPI_101858,USR_4132,2025-01-17 11:33:00,416.81,Groceries_Daily,DEV_IN_OP12_042,OnePlus 12,Hyderabad,17.385,78.4867,1302.45,1745.25,-0.507,0.32,1,1,0.01,0.0,0.0,0,1,0.0,0.0,0,0,normal_routine,0
TXN_UPI_102979,USR_4157,2025-01-17 11:35:00,1335.51,P2P_Transfer,DEV_IN_SAMS23_067,Samsung Galaxy S23,Jaipur,26.9124,75.7873,702.55,483.01,1.31,1.9,1,1,182.6167,0.0,0.0,0,0,0.0,0.0,0,0,normal_routine,0
TXN_UPI_101501,USR_4124,2025-01-17 11:40:00,81640.64,Electronics_Gadgets,DEV_IN_IPH15_034,iPhone 15,Kolkata,22.5726,88.3639,9784.97,18066.29,3.977,8.34,1,1,0.01,0.0,0.0,0,1,0.0,0.0,0,0,benign_festive_spend,0
TXN_UPI_101907,USR_4133,2025-01-17 11:56:00,271.87,Groceries_Daily,DEV_IN_IPH15_043,iPhone 15,Delhi,28.6139,77.209,6927.6,18336.33,-0.363,0.04,1,1,0.01,0.0,0.0,0,2,0.0,0.0,0,0,normal_routine,0
TXN_UPI_101770,USR_4130,2025-01-17 13:01:00,14280.51,Food_Dining,DEV_IN_SAMS23_040,Samsung Galaxy S23,Pune,18.5204,73.8567,9416.73,22105.4,0.22,1.52,1,1,0.01,0.0,0.0,0,1,0.0,0.0,0,0,benign_festive_spend,0
TXN_UPI_101089,USR_4115,2025-01-17 13:02:00,233.15,Food_Dining,DEV_IN_XRN13_025,Xiaomi Redmi Note 13,Bengaluru,12.9716,77.5946,2392.44,4685.46,-0.461,0.1,1,1,17.85,0.0,0.0,0,0,0.0,0.0,0,0,normal_routine,0
TXN_UPI_101946,USR_4134,2025-01-17 13:04:00,848.36,P2P_Transfer,DEV_IN_OP12_044,OnePlus 12,Chennai,13.0827,80.2707,6544.63,12684.51,-0.449,0.13,1,1,100.0333,0.0,0.0,0,0,0.0,0.0,0,0,normal_routine,0
TXN_UPI_100869,USR_4110,2025-01-17 13:15:00,228.79,Food_Dining,DEV_IN_OP12_020,OnePlus 12,Jaipur,26.9124,75.7873,1835.71,4250.88,-0.378,0.12,1,1,0.01,0.0,0.0,0,1,0.0,0.0,0,0,normal_routine,0
TXN_UPI_102349,USR_4143,2025-01-17 13:24:00,700.96,P2P_Transfer,DEV_IN_XRN13_053,Xiaomi Redmi Note 13,Pune,18.5204,73.8567,697.45,419.91,0.008,1.01,1,1,136.45,0.0,0.0,0,0,0.0,0.0,0,0,normal_routine,0
TXN_UPI_101862,USR_4132,2025-01-17 13:39:00,345.85,Groceries_Daily,DEV_IN_OP12_042,OnePlus 12,Hyderabad,17.385,78.4867,1062.53,1568.66,-0.457,0.33,1,1,0.01,0.0,0.0,0,5,0.0,0.0,0,0,normal_routine,0
TXN_UPI_103295,USR_4164,2025-01-17 13:42:00,1344.91,Utility_Bills,DEV_IN_IPH15_074,iPhone 15,Delhi,28.6139,77.209,9582.73,20679.01,-0.398,0.14,1,1,113.4833,0.0,0.0,0,0,0.0,0.0,0,0,normal_routine,0
TXN_UPI_100503,USR_4102,2025-01-17 13:44:00,3179.97,Travel_Ticketing,DEV_IN_SAMS23_012,Samsung Galaxy S23,Goa,15.2993,74.124,2669.77,3553.85,0.144,1.19,1,1,65.9,520.05,7.89,0,0,0.0,0.0,0,0,benign_travel,0
TXN_UPI_102665,USR_4150,2025-01-17 13:58:00,232.41,Food_Dining,DEV_IN_SAMS23_060,Samsung Galaxy S23,Mumbai,19.076,72.8777,13078.96,18857.3,-0.681,0.02,1,1,0.01,0.0,0.0,0,1,0.0,0.0,0,0,normal_routine,0
TXN_UPI_103571,USR_4170,2025-01-17 13:59:00,1797.31,Utility_Bills,DEV_IN_IPH15_080,iPhone 15,Chennai,13.0827,80.2707,3703.33,8853.82,-0.215,0.49,1,1,0.01,1607.1,160709.92,0,1,0.0,0.0,1,0,normal_routine,0
TXN_UPI_101319,USR_4120,2025-01-17 14:23:00,5863.13,Travel_Ticketing,DEV_IN_OP12_030,OnePlus 12,Goa,15.2993,74.124,7462.44,16773.36,-0.095,0.79,1,1,52.4833,1700.57,32.4,0,0,0.0,0.0,0,0,benign_travel,0
TXN_UPI_102447,USR_4145,2025-01-17 16:03:00,8311.87,Travel_Ticketing,DEV_IN_SAMS23_055,Samsung Galaxy S23,Delhi,28.6139,77.209,18037.02,25630.8,-0.379,0.46,1,1,0.01,1148.09,114809.49,0,1,0.0,0.0,1,0,benign_travel,0
TXN_UPI_102891,USR_4155,2025-01-17 18:04:00,956.67,Utility_Bills,DEV_IN_SAMS23_065,Samsung Galaxy S23,Hyderabad,17.385,78.4867,2471.22,4773.34,-0.317,0.39,1,1,0.01,0.0,0.0,0,1,0.0,0.0,0,0,normal_routine,0
TXN_UPI_101093,USR_4115,2025-01-17 18:17:00,210.31,Food_Dining,DEV_IN_XRN13_025,Xiaomi Redmi Note 13,Bengaluru,12.9716,77.5946,8565.08,22345.74,-0.374,0.02,1,1,21.9167,0.0,0.0,0,0,0.0,0.0,0,0,normal_routine,0
TXN_UPI_100552,USR_4103,2025-01-17 18:22:00,147.7,Groceries_Daily,DEV_IN_SAMS23_013,Samsung Galaxy S23,Hyderabad,17.385,78.4867,2415.18,4861.73,-0.466,0.06,1,1,152.6833,0.0,0.0,0,0,0.0,0.0,0,0,normal_routine,0
TXN_UPI_102664,USR_4150,2025-01-17 18:26:00,46026.13,Electronics_Gadgets,DEV_IN_SAMS23_060,Samsung Galaxy S23,Mumbai,19.076,72.8777,8960.57,15728.85,2.357,5.14,1,1,184.9833,0.0,0.0,0,0,0.0,0.0,0,0,benign_festive_spend,0
TXN_UPI_101763,USR_4130,2025-01-17 18:32:00,273.64,Food_Dining,DEV_IN_SAMS23_040,Samsung Galaxy S23,Pune,18.5204,73.8567,17813.87,28894.05,-0.607,0.02,1,1,45.9167,0.0,0.0,0,0,0.0,0.0,0,0,normal_routine,0
TXN_UPI_103564,USR_4170,2025-01-17 18:41:00,588.2,Groceries_Daily,DEV_IN_IPH15_080,iPhone 15,Chennai,13.0827,80.2707,4732.3,11505.43,-0.36,0.12,1,1,167.8167,0.0,0.0,0,0,0.0,0.0,0,0,normal_routine,0
TXN_UPI_100460,USR_4101,2025-01-17 18:42:00,896.06,P2P_Transfer,DEV_IN_IPH15_011,iPhone 15,Mumbai,19.076,72.8777,12418.49,17201.04,-0.67,0.07,1,1,46.9167,0.0,0.0,0,0,0.0,0.0,0,0,normal_routine,0
TXN_UPI_100915,USR_4111,2025-01-17 18:45:00,326.7,Food_Dining,DEV_IN_SAMS23_021,Samsung Galaxy S23,Hyderabad,17.385,78.4867,8320.09,17669.09,-0.452,0.04,1,1,22.0,0.0,0.0,0,3,0.0,0.0,0,0,normal_routine,0
TXN_UPI_100638,USR_4105,2025-01-17 18:50:00,440.82,Groceries_Daily,DEV_IN_SAMS23_015,Samsung Galaxy S23,Mumbai,19.076,72.8777,1796.19,2069.39,-0.655,0.25,1,1,201.3333,0.0,0.0,0,0,0.0,0.0,0,0,normal_routine,0
TXN_UPI_103344,USR_4165,2025-01-17 18:50:00,538.96,Groceries_Daily,DEV_IN_IPH15_075,iPhone 15,Bengaluru,12.9716,77.5946,7971.87,19955.74,-0.372,0.07,1,1,31.0833,0.0,0.0,0,2,0.0,0.0,0,0,normal_routine,0
TXN_UPI_102935,USR_4156,2025-01-17 19:03:00,469.11,Groceries_Daily,DEV_IN_SAMS23_066,Samsung Galaxy S23,Jaipur,26.9124,75.7873,2345.05,4070.55,-0.461,0.2,1,1,154.2667,0.0,0.0,0,0,0.0,0.0,0,0,normal_routine,0
TXN_UPI_103164,USR_4161,2025-01-17 19:08:00,82237.59,Electronics_Gadgets,DEV_IN_OP12_071,OnePlus 12,Kolkata,22.5726,88.3639,996.25,1166.51,69.645,82.55,1,1,0.01,0.0,0.0,0,1,0.0,0.0,0,0,benign_festive_spend,0
TXN_UPI_102581,USR_4148,2025-01-17 19:15:00,2052.8,Utility_Bills,DEV_IN_XRN13_058,Xiaomi Redmi Note 13,Pune,18.5204,73.8567,9714.06,21134.21,-0.363,0.21,1,1,56.05,0.0,0.0,0,5,0.0,0.0,0,0,normal_routine,0
TXN_UPI_102530,USR_4147,2025-01-17 19:18:00,1364.97,P2P_Transfer,DEV_IN_XRN13_057,Xiaomi Redmi Note 13,Pune,18.5204,73.8567,15122.28,26682.84,-0.516,0.09,1,1,173.5333,0.0,0.0,0,0,0.0,0.0,0,0,normal_routine,0
TXN_UPI_103434,USR_4167,2025-01-17 19:19:00,1159.07,Utility_Bills,DEV_IN_XRN13_077,Xiaomi Redmi Note 13,Hyderabad,17.385,78.4867,11666.6,19753.69,-0.532,0.1,1,1,0.01,0.0,0.0,0,1,0.0,0.0,0,0,normal_routine,0
TXN_UPI_100774,USR_4108,2025-01-17 19:23:00,71100.95,Electronics_Gadgets,DEV_IN_IPH15_018,iPhone 15,Delhi,28.6139,77.209,17801.11,20445.15,2.607,3.99,1,1,71.2833,0.0,0.0,0,0,0.0,0.0,0,0,benign_festive_spend,0
TXN_UPI_102260,USR_4141,2025-01-17 19:30:00,399.27,Food_Dining,DEV_IN_OP12_051,OnePlus 12,Hyderabad,17.385,78.4867,1159.97,1771.02,-0.43,0.34,1,1,174.1833,0.0,0.0,0,0,0.0,0.0,0,0,normal_routine,0
TXN_UPI_100998,USR_4113,2025-01-17 19:38:00,1065.24,Utility_Bills,DEV_IN_OP12_023,OnePlus 12,Delhi,28.6139,77.209,2846.34,5805.49,-0.307,0.37,1,1,233.5333,0.0,0.0,0,0,0.0,0.0,0,0,normal_routine,0
TXN_UPI_101362,USR_4121,2025-01-17 19:38:00,41201.05,Jewelry_Luxury,DEV_IN_OP12_031,OnePlus 12,Kolkata,22.5726,88.3639,5665.85,15934.43,2.23,7.27,1,1,48.2333,0.0,0.0,0,2,0.0,0.0,0,0,benign_festive_spend,0
TXN_UPI_101861,USR_4132,2025-01-17 20:04:00,379.69,Food_Dining,DEV_IN_OP12_042,OnePlus 12,Hyderabad,17.385,78.4867,1108.06,1609.84,-0.452,0.34,1,1,0.01,0.0,0.0,0,4,0.0,0.0,0,0,normal_routine,0
TXN_UPI_102125,USR_4138,2025-01-17 20:08:00,628.75,P2P_Transfer,DEV_IN_IPH15_048,iPhone 15,Delhi,28.6139,77.209,4336.93,6044.36,-0.613,0.14,1,1,189.9,1514.09,7.97,0,0,0.0,0.0,0,0,normal_routine,0
TXN_UPI_101226,USR_4118,2025-01-17 20:22:00,186.76,Food_Dining,DEV_IN_IPH15_028,iPhone 15,Hyderabad,17.385,78.4867,8816.71,21501.23,-0.401,0.02,1,1,48.3167,0.0,0.0,0,0,0.0,0.0,0,0,normal_routine,0
TXN_UPI_103069,USR_4159,2025-01-17 20:46:00,210.88,Groceries_Daily,DEV_IN_XRN13_069,Xiaomi Redmi Note 13,Delhi,28.6139,77.209,12295.55,21223.7,-0.569,0.02,1,1,198.9833,0.0,0.0,0,0,0.0,0.0,0,0,normal_routine,0
TXN_UPI_100239,USR_4096,2025-01-17 20:58:00,386.44,P2P_Transfer,DEV_IN_SAMS23_006,Samsung Galaxy S23,Jaipur,26.9124,75.7873,609.48,438.14,-0.509,0.63,1,1,0.01,0.0,0.0,0,1,0.0,0.0,0,0,normal_routine,0
TXN_UPI_101815,USR_4131,2025-01-17 21:05:00,652.36,P2P_Transfer,DEV_IN_OP12_041,OnePlus 12,Bengaluru,12.9716,77.5946,5045.42,9261.21,-0.474,0.13,1,1,0.01,1739.8,173980.21,0,3,0.0,0.0,1,0,normal_routine,0
TXN_UPI_101680,USR_4128,2025-01-17 21:10:00,1345.8,P2P_Transfer,DEV_IN_SAMS23_038,Samsung Galaxy S23,Bengaluru,12.9716,77.5946,8294.13,18133.64,-0.383,0.16,1,1,0.01,0.0,0.0,0,4,0.0,0.0,0,0,normal_routine,0
TXN_UPI_101816,USR_4131,2025-01-17 21:26:00,324.43,Food_Dining,DEV_IN_OP12_041,OnePlus 12,Bengaluru,12.9716,77.5946,4752.55,9014.03,-0.491,0.07,1,1,0.35,0.0,0.0,0,4,0.0,0.0,0,0,normal_routine,0
TXN_UPI_101810,USR_4131,2025-01-17 21:30:00,1181.95,Utility_Bills,DEV_IN_OP12_041,OnePlus 12,Bengaluru,12.9716,77.5946,752.53,427.42,1.005,1.57,1,1,145.4667,0.0,0.0,0,0,0.0,0.0,0,0,normal_routine,0
TXN_UPI_102711,USR_4151,2025-01-17 21:37:00,78119.98,Food_Dining,DEV_IN_SAMS23_061,Samsung Galaxy S23,Bengaluru,12.9716,77.5946,4808.13,9536.16,7.688,16.25,1,1,177.9667,0.0,0.0,0,0,0.0,0.0,0,0,benign_festive_spend,0
TXN_UPI_101811,USR_4131,2025-01-17 21:49:00,34014.1,Electronics_Gadgets,DEV_CLONE_40,Virtual Android,Lagos,6.5244,3.3792,795.47,425.46,78.077,42.76,0,0,0.3167,8140.55,25707.01,0,1,3.0,5.67,1,0,impossible_travel_jump,1
TXN_UPI_101817,USR_4131,2025-01-17 21:51:00,53259.98,P2P_Transfer,DEV_CLONE_40,Virtual Android,Lagos,6.5244,3.3792,4475.8,8793.37,5.548,11.9,0,0,0.4167,8140.55,19537.33,0,5,3.0,3.84,1,1,impossible_travel_jump,1
TXN_UPI_102216,USR_4140,2025-01-17 23:38:00,128.07,Gaming_Crypto,DEV_BOTNET_49,Automated Script Bot,Chennai,13.0827,80.2707,7461.99,15798.54,-0.464,0.02,0,1,168.0333,1033.1,6.15,0,14,0.0,0.0,0,1,credential_stuffing_burst,1
TXN_UPI_101182,USR_4117,2025-01-18 00:36:00,10739.0,Travel_Ticketing,DEV_IN_SAMS23_027,Samsung Galaxy S23,Jaipur,26.9124,75.7873,923.73,841.51,11.664,11.63,1,1,0.01,1357.77,135777.42,0,1,0.0,0.0,1,0,benign_travel,0
TXN_UPI_102984,USR_4157,2025-01-18 04:10:00,40835.6,P2P_Transfer,DEV_ROGUE_EMU_66,Linux Cloud Emulator,Jaipur,26.9124,75.7873,1468.69,2632.51,14.954,27.8,0,1,122.0833,0.0,0.0,1,0,1.5,4.03,0,1,hostile_account_takeover,1
TXN_UPI_103249,USR_4163,2025-01-18 04:41:00,42191.36,P2P_Transfer,DEV_ROGUE_EMU_72,Linux Cloud Emulator,Chennai,13.0827,80.2707,5252.71,12838.25,2.877,8.03,0,1,152.0833,0.0,0.0,1,0,1.5,2.64,0,1,hostile_account_takeover,1
TXN_UPI_101002,USR_4113,2025-01-18 04:56:00,5405.92,P2P_Transfer,DEV_IN_OP12_023,OnePlus 12,Delhi,28.6139,77.209,4162.53,7825.67,0.159,1.3,1,1,67.4833,0.0,0.0,1,0,0.0,0.0,0,0,emergency_nocturnal_legit,0
TXN_UPI_103123,USR_4160,2025-01-18 08:04:00,768.22,Utility_Bills,DEV_IN_OP12_070,OnePlus 12,Chennai,13.0827,80.2707,4495.6,9033.92,-0.413,0.17,1,1,0.01,0.0,0.0,0,1,0.0,0.0,0,0,normal_routine,0
TXN_UPI_101679,USR_4128,2025-01-18 08:14:00,1386.06,P2P_Transfer,DEV_IN_SAMS23_038,Samsung Galaxy S23,Bengaluru,12.9716,77.5946,8825.52,18712.83,-0.398,0.16,1,1,0.01,0.0,0.0,0,3,0.0,0.0,0,0,normal_routine,0
TXN_UPI_101502,USR_4124,2025-01-18 08:26:00,1463.82,Utility_Bills,DEV_IN_IPH15_034,iPhone 15,Kolkata,22.5726,88.3639,14275.95,24668.3,-0.519,0.1,1,1,20.7667,0.0,0.0,0,2,0.0,0.0,0,0,normal_routine,0
TXN_UPI_100600,USR_4104,2025-01-18 09:15:00,37616.29,Electronics_Gadgets,DEV_IN_OP12_014,OnePlus 12,Mumbai,19.076,72.8777,12478.37,22625.66,1.111,3.01,1,1,85.5,0.0,0.0,0,2,0.0,0.0,0,0,benign_festive_spend,0
TXN_UPI_101499,USR_4124,2025-01-18 09:21:00,1131.38,Utility_Bills,DEV_IN_IPH15_034,iPhone 15,Kolkata,22.5726,88.3639,11170.75,19031.1,-0.528,0.1,1,1,0.01,0.0,0.0,0,1,0.0,0.0,0,0,normal_routine,0
TXN_UPI_102713,USR_4151,2025-01-18 09:23:00,61532.47,Electronics_Gadgets,DEV_IN_SAMS23_061,Samsung Galaxy S23,Bengaluru,12.9716,77.5946,10594.51,22168.38,2.298,5.81,1,1,143.65,0.0,0.0,0,0,0.0,0.0,0,0,benign_festive_spend,0
TXN_UPI_102127,USR_4138,2025-01-18 09:31:00,1248.2,P2P_Transfer,DEV_IN_IPH15_048,iPhone 15,Delhi,28.6139,77.209,10260.6,20669.38,-0.436,0.12,1,1,0.01,0.0,0.0,0,1,0.0,0.0,0,0,normal_routine,0
TXN_UPI_103077,USR_4159,2025-01-18 09:43:00,1213.84,Utility_Bills,DEV_IN_XRN13_069,Xiaomi Redmi Note 13,Delhi,28.6139,77.209,9725.43,18041.75,-0.472,0.12,1,1,0.01,0.0,0.0,0,1,0.0,0.0,0,0,normal_routine,0
TXN_UPI_103162,USR_4161,2025-01-18 09:44:00,335.35,Groceries_Daily,DEV_IN_OP12_071,OnePlus 12,Kolkata,22.5726,88.3639,1015.86,1245.0,-0.547,0.33,1,1,0.01,0.0,0.0,0,1,0.0,0.0,0,0,normal_routine,0
TXN_UPI_102401,USR_4144,2025-01-18 09:46:00,478.43,P2P_Transfer,DEV_IN_OP12_054,OnePlus 12,Jaipur,26.9124,75.7873,5845.07,12751.38,-0.421,0.08,1,1,0.01,0.0,0.0,0,3,0.0,0.0,0,0,normal_routine,0
TXN_UPI_101994,USR_4135,2025-01-18 11:26:00,3164.42,Utility_Bills,DEV_IN_OP12_045,OnePlus 12,Bengaluru,12.9716,77.5946,6444.16,15311.35,-0.214,0.49,1,1,94.3,0.0,0.0,0,2,0.0,0.0,0,0,normal_routine,0
TXN_UPI_102625,USR_4149,2025-01-18 11:45:00,382.64,Groceries_Daily,DEV_IN_SAMS23_059,Samsung Galaxy S23,Hyderabad,17.385,78.4867,6650.23,14406.69,-0.435,0.06,1,1,0.01,0.0,0.0,0,1,0.0,0.0,0,0,normal_routine,0
TXN_UPI_101678,USR_4128,2025-01-18 11:49:00,372.02,Food_Dining,DEV_IN_SAMS23_038,Samsung Galaxy S23,Bengaluru,12.9716,77.5946,9529.97,19310.61,-0.474,0.04,1,1,0.01,0.0,0.0,0,2,0.0,0.0,0,0,normal_routine,0
TXN_UPI_100957,USR_4112,2025-01-18 11:55:00,293.75,Groceries_Daily,DEV_IN_SAMS23_022,Samsung Galaxy S23,Hyderabad,17.385,78.4867,1289.96,1644.71,-0.606,0.23,1,1,0.01,0.0,0.0,0,1,0.0,0.0,0,0,normal_routine,0
TXN_UPI_102353,USR_4143,2025-01-18 13:00:00,1667.56,Utility_Bills,DEV_IN_XRN13_053,Xiaomi Redmi Note 13,Pune,18.5204,73.8567,986.31,671.53,1.014,1.69,1,1,0.01,0.0,0.0,0,1,0.0,0.0,0,0,normal_routine,0
TXN_UPI_100237,USR_4096,2025-01-18 13:08:00,574.3,Utility_Bills,DEV_IN_SAMS23_006,Samsung Galaxy S23,Jaipur,26.9124,75.7873,584.79,466.46,-0.022,0.98,1,1,119.45,0.0,0.0,0,2,0.0,0.0,0,0,normal_routine,0
TXN_UPI_102986,USR_4157,2025-01-18 13:19:00,381.74,Groceries_Daily,DEV_IN_SAMS23_067,Samsung Galaxy S23,Jaipur,26.9124,75.7873,4022.64,10142.72,-0.359,0.09,1,1,0.01,0.0,0.0,0,1,0.0,0.0,0,0,normal_routine,0
TXN_UPI_102083,USR_4137,2025-01-18 13:22:00,374.45,P2P_Transfer,DEV_IN_OP12_047,OnePlus 12,Hyderabad,17.385,78.4867,15843.96,25295.5,-0.612,0.02,1,1,42.1167,0.0,0.0,0,0,0.0,0.0,0,0,normal_routine,0
TXN_UPI_100461,USR_4101,2025-01-18 13:24:00,297.01,Food_Dining,DEV_IN_IPH15_011,iPhone 15,Mumbai,19.076,72.8777,11266.24,16680.44,-0.658,0.03,1,1,18.7,0.0,0.0,0,0,0.0,0.0,0,0,normal_routine,0
TXN_UPI_102898,USR_4155,2025-01-18 13:46:00,1310.43,P2P_Transfer,DEV_IN_SAMS23_065,Samsung Galaxy S23,Hyderabad,17.385,78.4867,3090.09,6375.17,-0.279,0.42,1,1,0.01,0.0,0.0,0,2,0.0,0.0,0,0,normal_routine,0
TXN_UPI_101359,USR_4121,2025-01-18 13:51:00,477.49,P2P_Transfer,DEV_IN_OP12_031,OnePlus 12,Kolkata,22.5726,88.3639,7513.42,18346.14,-0.384,0.06,1,1,196.5833,0.0,0.0,0,0,0.0,0.0,0,0,normal_routine,0
TXN_UPI_101272,USR_4119,2025-01-18 15:18:00,14075.72,Travel_Ticketing,DEV_IN_OP12_029,OnePlus 12,Goa,15.2993,74.124,12990.91,19707.73,0.055,1.08,1,1,97.75,454.99,4.65,0,0,0.0,0.0,0,0,benign_travel,0
TXN_UPI_102396,USR_4144,2025-01-18 17:06:00,7104.78,Travel_Ticketing,DEV_IN_OP12_054,OnePlus 12,Mumbai,19.076,72.8777,7727.46,15168.75,-0.041,0.92,1,1,55.55,920.74,16.58,0,0,0.0,0.0,0,0,benign_travel,0
TXN_UPI_102890,USR_4155,2025-01-18 18:03:00,119.41,Food_Dining,DEV_IN_SAMS23_065,Samsung Galaxy S23,Hyderabad,17.385,78.4867,2732.53,4963.23,-0.526,0.04,1,1,177.4333,0.0,0.0,0,0,0.0,0.0,0,0,normal_routine,0
TXN_UPI_102940,USR_4156,2025-01-18 18:06:00,317.71,Groceries_Daily,DEV_IN_SAMS23_066,Samsung Galaxy S23,Jaipur,26.9124,75.7873,1686.21,3381.46,-0.405,0.19,1,1,0.01,0.0,0.0,0,2,0.0,0.0,0,0,normal_routine,0
TXN_UPI_101181,USR_4117,2025-01-18 18:08:00,605.61,Groceries_Daily,DEV_IN_SAMS23_027,Samsung Galaxy S23,Kolkata,22.5726,88.3639,955.54,876.25,-0.399,0.63,1,1,52.3667,0.0,0.0,0,0,0.0,0.0,0,0,normal_routine,0
TXN_UPI_102354,USR_4143,2025-01-18 18:08:00,838.41,P2P_Transfer,DEV_IN_XRN13_053,Xiaomi Redmi Note 13,Pune,18.5204,73.8567,1038.72,670.24,-0.299,0.81,1,1,5.1333,0.0,0.0,0,2,0.0,0.0,0,0,normal_routine,0
TXN_UPI_103478,USR_4168,2025-01-18 18:19:00,2019.64,Utility_Bills,DEV_IN_XRN13_078,Xiaomi Redmi Note 13,Pune,18.5204,73.8567,2286.05,4120.99,-0.065,0.88,1,1,0.01,0.0,0.0,0,1,0.0,0.0,0,0,normal_routine,0
TXN_UPI_102304,USR_4142,2025-01-18 18:21:00,5564.16,Food_Dining,DEV_IN_NEW_052,iPhone 16 Pro,Hyderabad,17.385,78.4867,710.05,446.58,10.87,7.84,0,1,190.6167,0.0,0.0,0,0,0.0,0.0,0,0,benign_new_device,0
TXN_UPI_102488,USR_4146,2025-01-18 18:39:00,181.12,Food_Dining,DEV_IN_SAMS23_056,Samsung Galaxy S23,Hyderabad,17.385,78.4867,15874.79,27589.07,-0.569,0.01,1,1,57.75,0.0,0.0,0,2,0.0,0.0,0,0,normal_routine,0
TXN_UPI_100781,USR_4108,2025-01-18 18:41:00,217.8,Food_Dining,DEV_IN_IPH15_018,iPhone 15,Delhi,28.6139,77.209,18417.2,22588.09,-0.806,0.01,1,1,46.6667,0.0,0.0,0,0,0.0,0.0,0,0,normal_routine,0
TXN_UPI_102037,USR_4136,2025-01-18 18:42:00,474.31,Groceries_Daily,DEV_IN_SAMS23_046,Samsung Galaxy S23,Pune,18.5204,73.8567,2787.67,6858.16,-0.337,0.17,1,1,69.15,0.0,0.0,0,0,0.0,0.0,0,0,normal_routine,0
TXN_UPI_102262,USR_4141,2025-01-18 18:47:00,292.39,Food_Dining,DEV_IN_OP12_051,OnePlus 12,Hyderabad,17.385,78.4867,1096.25,1617.13,-0.497,0.27,1,1,148.95,0.0,0.0,0,0,0.0,0.0,0,0,normal_routine,0
TXN_UPI_102355,USR_4143,2025-01-18 18:49:00,1115.56,P2P_Transfer,DEV_IN_XRN13_053,Xiaomi Redmi Note 13,Pune,18.5204,73.8567,1024.41,647.91,0.141,1.09,1,1,0.6833,0.0,0.0,0,3,0.0,0.0,0,0,normal_routine,0
TXN_UPI_102310,USR_4142,2025-01-18 18:51:00,529.53,Food_Dining,DEV_IN_IPH15_052,iPhone 15,Hyderabad,17.385,78.4867,3266.64,7755.36,-0.353,0.16,1,1,0.01,0.0,0.0,0,1,0.0,0.0,0,0,normal_routine,0
TXN_UPI_102485,USR_4146,2025-01-18 18:52:00,580.38,Food_Dining,DEV_IN_SAMS23_056,Samsung Galaxy S23,Hyderabad,17.385,78.4867,21034.33,30139.45,-0.679,0.03,1,1,0.01,0.0,0.0,0,1,0.0,0.0,0,0,normal_routine,0
TXN_UPI_100104,USR_4093,2025-01-18 18:54:00,418.29,Groceries_Daily,DEV_IN_IPH15_003,iPhone 15,Mumbai,19.076,72.8777,2200.48,5300.24,-0.336,0.19,1,1,0.01,0.0,0.0,0,1,0.0,0.0,0,0,normal_routine,0
TXN_UPI_103566,USR_4170,2025-01-18 18:56:00,1313.42,Utility_Bills,DEV_IN_IPH15_080,iPhone 15,Chennai,13.0827,80.2707,3860.22,10437.98,-0.244,0.34,1,1,191.0,0.0,0.0,0,0,0.0,0.0,0,0,normal_routine,0
TXN_UPI_102848,USR_4154,2025-01-18 18:57:00,1355.83,Utility_Bills,DEV_IN_IPH15_064,iPhone 15,Chennai,13.0827,80.2707,5582.05,11032.04,-0.383,0.24,1,1,142.3167,0.0,0.0,0,0,0.0,0.0,0,0,normal_routine,0
TXN_UPI_103521,USR_4169,2025-01-18 19:03:00,1122.65,P2P_Transfer,DEV_IN_IPH15_079,iPhone 15,Kolkata,22.5726,88.3639,6512.06,14146.15,-0.381,0.17,1,1,190.55,0.0,0.0,0,0,0.0,0.0,0,0,normal_routine,0
TXN_UPI_100688,USR_4106,2025-01-18 19:08:00,971.31,P2P_Transfer,DEV_IN_OP12_016,OnePlus 12,Pune,18.5204,73.8567,2080.86,4814.48,-0.23,0.47,1,1,127.4333,0.0,0.0,0,0,0.0,0.0,0,0,normal_routine,0
TXN_UPI_102439,USR_4145,2025-01-18 19:16:00,1267.01,P2P_Transfer,DEV_IN_SAMS23_055,Samsung Galaxy S23,Mumbai,19.076,72.8777,18665.7,28046.79,-0.62,0.07,1,1,238.2167,0.0,0.0,0,0,0.0,0.0,0,0,normal_routine,0
TXN_UPI_103032,USR_4158,2025-01-18 19:21:00,33925.72,Food_Dining,DEV_IN_SAMS23_068,Samsung Galaxy S23,Jaipur,26.9124,75.7873,5863.23,13173.24,2.13,5.79,1,1,0.01,0.0,0.0,0,1,0.0,0.0,0,0,benign_festive_spend,0
TXN_UPI_101183,USR_4117,2025-01-18 19:23:00,1365.94,P2P_Transfer,DEV_IN_SAMS23_027,Samsung Galaxy S23,Kolkata,22.5726,88.3639,1741.67,2829.91,-0.133,0.78,1,1,18.7833,1357.77,72.29,0,0,0.0,0.0,0,0,normal_routine,0
TXN_UPI_102484,USR_4146,2025-01-18 19:34:00,233.55,Groceries_Daily,DEV_IN_SAMS23_056,Samsung Galaxy S23,Hyderabad,17.385,78.4867,23634.42,31001.46,-0.755,0.01,1,1,245.8667,0.0,0.0,0,0,0.0,0.0,0,0,normal_routine,0
TXN_UPI_103121,USR_4160,2025-01-18 19:36:00,255.16,Groceries_Daily,DEV_IN_OP12_070,OnePlus 12,Chennai,13.0827,80.2707,5067.15,9471.86,-0.508,0.05,1,1,47.3667,0.0,0.0,0,2,0.0,0.0,0,0,normal_routine,0
TXN_UPI_100018,USR_4091,2025-01-18 19:39:00,25522.63,Electronics_Gadgets,DEV_IN_IPH15_001,iPhone 15,Bengaluru,12.9716,77.5946,6782.39,22566.02,0.83,3.76,1,1,0.01,0.0,0.0,0,2,0.0,0.0,0,0,benign_festive_spend,0
TXN_UPI_100145,USR_4094,2025-01-18 19:47:00,994.05,P2P_Transfer,DEV_IN_SAMS23_004,Samsung Galaxy S23,Bengaluru,12.9716,77.5946,10719.76,21253.06,-0.458,0.09,1,1,63.6333,0.0,0.0,0,0,0.0,0.0,0,0,normal_routine,0
TXN_UPI_102578,USR_4148,2025-01-18 20:02:00,293.89,Groceries_Daily,DEV_IN_XRN13_058,Xiaomi Redmi Note 13,Pune,18.5204,73.8567,12002.5,23066.66,-0.508,0.02,1,1,0.01,1172.99,117299.5,0,2,0.0,0.0,1,0,normal_routine,0
TXN_UPI_101496,USR_4124,2025-01-18 20:03:00,847.72,P2P_Transfer,DEV_IN_IPH15_034,iPhone 15,Kolkata,22.5726,88.3639,9826.37,18079.98,-0.497,0.09,1,1,71.8833,0.0,0.0,0,0,0.0,0.0,0,0,normal_routine,0
TXN_UPI_101142,USR_4116,2025-01-18 20:08:00,1853.9,P2P_Transfer,DEV_IN_OP12_026,OnePlus 12,Hyderabad,17.385,78.4867,7446.38,20801.0,-0.269,0.25,1,1,0.01,0.0,0.0,0,3,0.0,0.0,0,0,normal_routine,0
TXN_UPI_102266,USR_4141,2025-01-18 20:09:00,381.92,Groceries_Daily,DEV_IN_OP12_051,OnePlus 12,Hyderabad,17.385,78.4867,4317.63,11666.18,-0.337,0.09,1,1,0.01,0.0,0.0,0,2,0.0,0.0,0,0,normal_routine,0
TXN_UPI_101590,USR_4126,2025-01-18 20:13:00,633.24,P2P_Transfer,DEV_IN_OP12_036,OnePlus 12,Chennai,13.0827,80.2707,15319.14,30747.81,-0.478,0.04,1,1,0.01,0.0,0.0,0,1,0.0,0.0,0,0,normal_routine,0
TXN_UPI_101855,USR_4132,2025-01-18 20:15:00,1077.15,P2P_Transfer,DEV_IN_OP12_042,OnePlus 12,Hyderabad,17.385,78.4867,1361.28,2010.78,-0.141,0.79,1,1,198.45,0.0,0.0,0,0,0.0,0.0,0,0,normal_routine,0
TXN_UPI_102535,USR_4147,2025-01-18 20:15:00,595.66,Food_Dining,DEV_IN_XRN13_057,Xiaomi Redmi Note 13,Pune,18.5204,73.8567,11010.7,22312.76,-0.467,0.05,1,1,0.01,120.15,12015.23,0,2,0.0,0.0,1,0,normal_routine,0
TXN_UPI_103025,USR_4158,2025-01-18 20:19:00,40137.15,Jewelry_Luxury,DEV_IN_SAMS23_068,Samsung Galaxy S23,Jaipur,26.9124,75.7873,1050.2,921.49,42.417,38.22,1,1,155.4167,0.0,0.0,0,0,0.0,0.0,0,0,benign_festive_spend,0
TXN_UPI_100013,USR_4091,2025-01-18 20:20:00,849.47,Utility_Bills,DEV_IN_IPH15_001,iPhone 15,Bengaluru,12.9716,77.5946,8903.44,26534.88,-0.304,0.1,1,1,0.01,0.0,0.0,0,1,0.0,0.0,0,0,normal_routine,0
TXN_UPI_100602,USR_4104,2025-01-18 20:45:00,1369.76,Utility_Bills,DEV_IN_OP12_014,OnePlus 12,Mumbai,19.076,72.8777,13321.89,22252.72,-0.537,0.1,1,1,0.01,0.0,0.0,0,4,0.0,0.0,0,0,normal_routine,0
TXN_UPI_102853,USR_4154,2025-01-18 20:45:00,43633.59,Food_Dining,DEV_IN_IPH15_064,iPhone 15,Chennai,13.0827,80.2707,6143.67,11727.01,3.197,7.1,1,1,0.01,0.0,0.0,0,1,0.0,0.0,0,0,benign_festive_spend,0
TXN_UPI_102628,USR_4149,2025-01-18 20:46:00,292.3,Food_Dining,DEV_IN_SAMS23_059,Samsung Galaxy S23,Hyderabad,17.385,78.4867,5616.85,13264.52,-0.401,0.05,1,1,0.01,0.0,0.0,0,2,0.0,0.0,0,0,normal_routine,0
TXN_UPI_101365,USR_4121,2025-01-18 20:48:00,1947.39,Gaming_Crypto,DEV_BURNER_30,Xiaomi Redmi 9A,Kolkata,22.5726,88.3639,7422.85,17055.19,-0.321,0.26,0,1,0.01,0.0,0.0,0,2,0.0,0.0,0,1,stealth_micro_fraud,1
TXN_UPI_103118,USR_4160,2025-01-18 20:51:00,270.28,Groceries_Daily,DEV_IN_OP12_070,OnePlus 12,Chennai,13.0827,80.2707,6125.73,10319.75,-0.567,0.04,1,1,74.85,0.0,0.0,0,0,0.0,0.0,0,0,normal_routine,0
TXN_UPI_103212,USR_4162,2025-01-18 20:51:00,461.18,Groceries_Daily,DEV_IN_XRN13_072,Xiaomi Redmi Note 13,Bengaluru,12.9716,77.5946,11906.33,22350.26,-0.512,0.04,1,1,0.01,0.0,0.0,0,2,0.0,0.0,0,0,normal_routine,0
TXN_UPI_102762,USR_4152,2025-01-18 20:53:00,337.63,Food_Dining,DEV_IN_OP12_062,OnePlus 12,Bengaluru,12.9716,77.5946,4219.15,10301.58,-0.377,0.08,1,1,0.01,454.99,45498.72,0,1,0.0,0.0,1,0,normal_routine,0
TXN_UPI_103074,USR_4159,2025-01-18 21:07:00,546.75,Groceries_Daily,DEV_IN_XRN13_069,Xiaomi Redmi Note 13,Delhi,28.6139,77.209,11059.02,19634.77,-0.535,0.05,1,1,145.2833,8084.29,55.65,0,0,0.0,0.0,0,0,normal_routine,0
TXN_UPI_103075,USR_4159,2025-01-18 21:16:00,10919.67,Gaming_Crypto,DEV_CLONE_68,Virtual Android,Lagos,6.5244,3.3792,10308.14,19113.25,0.032,1.06,0,0,0.15,8084.29,53895.3,0,1,3.0,1.08,1,1,impossible_travel_jump,1
TXN_UPI_102850,USR_4154,2025-01-18 21:30:00,186.16,Food_Dining,DEV_IN_IPH15_064,iPhone 15,Chennai,13.0827,80.2707,5027.94,10304.31,-0.47,0.04,1,1,0.01,0.0,0.0,0,1,0.0,0.0,0,0,normal_routine,0
TXN_UPI_101188,USR_4117,2025-01-18 21:49:00,236.99,Groceries_Daily,DEV_IN_SAMS23_027,Samsung Galaxy S23,Kolkata,22.5726,88.3639,1649.58,2427.52,-0.582,0.14,1,1,0.01,0.0,0.0,0,2,0.0,0.0,0,0,normal_routine,0
TXN_UPI_101904,USR_4133,2025-01-18 21:56:00,395.78,Groceries_Daily,DEV_IN_IPH15_043,iPhone 15,Delhi,28.6139,77.209,8428.01,20044.9,-0.401,0.05,1,1,108.2167,0.0,0.0,0,2,0.0,0.0,0,0,normal_routine,0
TXN_UPI_100191,USR_4095,2025-01-19 01:04:00,1424.86,Food_Dining,DEV_IN_IPH15_005,iPhone 15,Kolkata,22.5726,88.3639,22156.59,27604.18,-0.751,0.06,1,1,58.9,1357.77,23.05,1,0,0.0,0.0,0,0,emergency_nocturnal_legit,0
TXN_UPI_100556,USR_4103,2025-01-19 02:17:00,15491.88,Travel_Ticketing,DEV_IN_SAMS23_013,Samsung Galaxy S23,Jaipur,26.9124,75.7873,1870.62,4261.52,3.196,8.28,1,1,0.01,1095.15,109514.66,1,1,0.0,0.0,1,0,benign_travel,0
TXN_UPI_100956,USR_4112,2025-01-19 02:39:00,6239.52,P2P_Transfer,DEV_IN_SAMS23_022,Samsung Galaxy S23,Hyderabad,17.385,78.4867,795.0,529.9,10.275,7.85,1,1,102.3,0.0,0.0,1,0,0.0,0.0,0,0,emergency_nocturnal_legit,0
TXN_UPI_102400,USR_4144,2025-01-19 08:19:00,651.32,Groceries_Daily,DEV_IN_OP12_054,OnePlus 12,Jaipur,26.9124,75.7873,6216.05,13120.49,-0.424,0.1,1,1,0.01,0.0,0.0,0,2,0.0,0.0,0,0,normal_routine,0
TXN_UPI_101095,USR_4115,2025-01-19 08:36:00,216.89,Food_Dining,DEV_IN_XRN13_025,Xiaomi Redmi Note 13,Bengaluru,12.9716,77.5946,7879.1,20799.65,-0.368,0.03,1,1,0.01,454.99,45498.72,0,1,0.0,0.0,1,0,normal_routine,0
TXN_UPI_100373,USR_4099,2025-01-19 08:59:00,1495.24,Utility_Bills,DEV_IN_XRN13_009,Xiaomi Redmi Note 13,Mumbai,19.076,72.8777,781.6,649.52,1.099,1.91,1,1,0.01,0.0,0.0,0,1,0.0,0.0,0,0,normal_routine,0
TXN_UPI_102042,USR_4136,2025-01-19 08:59:00,1315.83,Utility_Bills,DEV_IN_SAMS23_046,Samsung Galaxy S23,Pune,18.5204,73.8567,2822.63,6282.11,-0.24,0.47,1,1,0.01,1172.99,117299.5,0,1,0.0,0.0,1,0,normal_routine,0
TXN_UPI_102128,USR_4138,2025-01-19 09:07:00,148.32,Groceries_Daily,DEV_IN_IPH15_048,iPhone 15,Delhi,28.6139,77.209,9509.57,19945.57,-0.469,0.02,1,1,23.6,0.0,0.0,0,2,0.0,0.0,0,0,normal_routine,0
TXN_UPI_102575,USR_4148,2025-01-19 09:23:00,76506.88,Jewelry_Luxury,DEV_IN_XRN13_058,Xiaomi Redmi Note 13,Pune,18.5204,73.8567,6869.23,14174.68,4.913,11.14,1,1,94.2167,0.0,0.0,0,0,0.0,0.0,0,0,benign_festive_spend,0
TXN_UPI_101586,USR_4126,2025-01-19 09:24:00,544.1,P2P_Transfer,DEV_IN_OP12_036,OnePlus 12,Chennai,13.0827,80.2707,11491.58,24017.79,-0.456,0.05,1,1,181.6167,0.0,0.0,0,0,0.0,0.0,0,0,normal_routine,0
TXN_UPI_102672,USR_4150,2025-01-19 09:28:00,452.66,Utility_Bills,DEV_IN_SAMS23_060,Samsung Galaxy S23,Mumbai,19.076,72.8777,8846.71,15297.49,-0.549,0.05,1,1,0.01,440.32,44031.54,0,1,0.0,0.0,1,0,normal_routine,0
TXN_UPI_102892,USR_4155,2025-01-19 09:28:00,338.46,Utility_Bills,DEV_IN_SAMS23_065,Samsung Galaxy S23,Hyderabad,17.385,78.4867,2333.53,4571.98,-0.436,0.15,1,1,39.4,0.0,0.0,0,0,0.0,0.0,0,0,normal_routine,0
TXN_UPI_103027,USR_4158,2025-01-19 09:29:00,41177.0,Electronics_Gadgets,DEV_IN_SAMS23_068,Samsung Galaxy S23,Jaipur,26.9124,75.7873,4595.78,11270.06,3.246,8.96,1,1,192.85,0.0,0.0,0,0,0.0,0.0,0,0,benign_festive_spend,0
TXN_UPI_103527,USR_4169,2025-01-19 09:34:00,354.22,Groceries_Daily,DEV_IN_IPH15_079,iPhone 15,Kolkata,22.5726,88.3639,4999.96,11550.03,-0.402,0.07,1,1,0.01,0.0,0.0,0,2,0.0,0.0,0,0,normal_routine,0
TXN_UPI_103483,USR_4168,2025-01-19 09:41:00,424.52,P2P_Transfer,DEV_IN_XRN13_078,Xiaomi Redmi Note 13,Pune,18.5204,73.8567,3320.42,6649.01,-0.436,0.13,1,1,48.3167,0.0,0.0,0,4,0.0,0.0,0,0,normal_routine,0
TXN_UPI_101141,USR_4116,2025-01-19 09:43:00,424.93,Utility_Bills,DEV_IN_OP12_026,OnePlus 12,Hyderabad,17.385,78.4867,7914.47,21401.43,-0.35,0.05,1,1,67.8833,0.0,0.0,0,2,0.0,0.0,0,0,normal_routine,0
TXN_UPI_101234,USR_4118,2025-01-19 09:43:00,1100.19,Utility_Bills,DEV_IN_IPH15_028,iPhone 15,Hyderabad,17.385,78.4867,6481.27,16685.49,-0.323,0.17,1,1,0.01,0.0,0.0,0,2,0.0,0.0,0,0,normal_routine,0
TXN_UPI_102171,USR_4139,2025-01-19 11:08:00,309.31,Food_Dining,DEV_IN_OP12_049,OnePlus 12,Pune,18.5204,73.8567,491.9,217.34,-0.84,0.63,1,1,181.8667,0.0,0.0,0,0,0.0,0.0,0,0,normal_routine,0
TXN_UPI_100917,USR_4111,2025-01-19 11:12:00,81425.57,Electronics_Gadgets,DEV_IN_SAMS23_021,Samsung Galaxy S23,Hyderabad,17.385,78.4867,7392.38,16710.4,4.43,11.01,1,1,0.01,0.0,0.0,0,1,0.0,0.0,0,0,benign_festive_spend,0
TXN_UPI_101677,USR_4128,2025-01-19 11:15:00,2183.68,P2P_Transfer,DEV_IN_SAMS23_038,Samsung Galaxy S23,Bengaluru,12.9716,77.5946,10197.82,20036.15,-0.4,0.21,1,1,0.01,0.0,0.0,0,1,0.0,0.0,0,0,normal_routine,0
TXN_UPI_102851,USR_4154,2025-01-19 11:29:00,33750.13,Jewelry_Luxury,DEV_IN_IPH15_064,iPhone 15,Chennai,13.0827,80.2707,4705.15,10027.91,2.896,7.17,1,1,13.9833,0.0,0.0,0,2,0.0,0.0,0,0,benign_festive_spend,0
TXN_UPI_102217,USR_4140,2025-01-19 13:00:00,393.28,Food_Dining,DEV_IN_XRN13_050,Xiaomi Redmi Note 13,Chennai,13.0827,80.2707,6795.27,15210.15,-0.421,0.06,1,1,37.3667,0.0,0.0,0,0,0.0,0.0,0,0,normal_routine,0
TXN_UPI_102537,USR_4147,2025-01-19 13:01:00,12670.99,Travel_Ticketing,DEV_IN_XRN13_057,Xiaomi Redmi Note 13,Mumbai,19.076,72.8777,9680.94,21166.27,0.141,1.31,1,1,0.01,120.15,12015.23,0,1,0.0,0.0,1,0,benign_travel,0
TXN_UPI_102172,USR_4139,2025-01-19 13:06:00,304.46,Food_Dining,DEV_IN_OP12_049,OnePlus 12,Pune,18.5204,73.8567,475.3,213.77,-0.799,0.64,1,1,1.9667,0.0,0.0,0,0,0.0,0.0,0,0,normal_routine,0
TXN_UPI_101367,USR_4121,2025-01-19 13:07:00,1013.54,Utility_Bills,DEV_IN_OP12_031,OnePlus 12,Kolkata,22.5726,88.3639,6643.23,16088.71,-0.35,0.15,1,1,0.01,0.0,0.0,0,1,0.0,0.0,0,0,normal_routine,0
TXN_UPI_103387,USR_4166,2025-01-19 13:10:00,343.31,Food_Dining,DEV_IN_SAMS23_076,Samsung Galaxy S23,Bengaluru,12.9716,77.5946,7173.93,12795.41,-0.534,0.05,1,1,185.2833,0.0,0.0,0,0,0.0,0.0,0,0,normal_routine,0
TXN_UPI_101360,USR_4121,2025-01-19 13:19:00,1079.57,Utility_Bills,DEV_IN_OP12_031,OnePlus 12,Kolkata,22.5726,88.3639,6731.65,17437.66,-0.324,0.16,1,1,23.4667,0.0,0.0,0,0,0.0,0.0,0,0,normal_routine,0
TXN_UPI_101683,USR_4128,2025-01-19 13:42:00,210.97,Food_Dining,DEV_IN_SAMS23_038,Samsung Galaxy S23,Bengaluru,12.9716,77.5946,6943.28,16714.07,-0.403,0.03,1,1,52.55,0.0,0.0,0,2,0.0,0.0,0,0,normal_routine,0
TXN_UPI_103033,USR_4158,2025-01-19 13:42:00,2013.1,P2P_Transfer,DEV_IN_SAMS23_068,Samsung Galaxy S23,Jaipur,26.9124,75.7873,7513.96,14384.89,-0.382,0.27,1,1,18.35,0.0,0.0,0,2,0.0,0.0,0,0,normal_routine,0
TXN_UPI_102493,USR_4146,2025-01-19 13:43:00,291.0,Groceries_Daily,DEV_IN_SAMS23_056,Samsung Galaxy S23,Hyderabad,17.385,78.4867,11341.38,24220.93,-0.456,0.03,1,1,0.01,0.0,0.0,0,3,0.0,0.0,0,0,normal_routine,0
TXN_UPI_103255,USR_4163,2025-01-19 13:52:00,383.41,Groceries_Daily,DEV_IN_XRN13_073,Xiaomi Redmi Note 13,Chennai,13.0827,80.2707,6216.7,14093.52,-0.414,0.06,1,1,0.01,0.0,0.0,0,1,0.0,0.0,0,0,normal_routine,0
TXN_UPI_101320,USR_4120,2025-01-19 13:54:00,506.14,Utility_Bills,DEV_IN_OP12_030,OnePlus 12,Kolkata,22.5726,88.3639,7348.21,16168.46,-0.423,0.07,1,1,47.5167,1700.57,35.79,0,0,0.0,0.0,0,0,normal_routine,0
TXN_UPI_103438,USR_4167,2025-01-19 13:55:00,389.85,Food_Dining,DEV_IN_XRN13_077,Xiaomi Redmi Note 13,Hyderabad,17.385,78.4867,11034.82,18465.13,-0.576,0.04,1,1,0.01,0.0,0.0,0,5,0.0,0.0,0,0,normal_routine,0
TXN_UPI_100826,USR_4109,2025-01-19 13:59:00,583.85,P2P_Transfer,DEV_IN_IPH15_019,iPhone 15,Pune,18.5204,73.8567,10394.06,20153.48,-0.487,0.06,1,1,0.01,0.0,0.0,0,3,0.0,0.0,0,0,normal_routine,0
TXN_UPI_102404,USR_4144,2025-01-19 13:59:00,980.31,P2P_Transfer,DEV_IN_OP12_054,OnePlus 12,Jaipur,26.9124,75.7873,4931.5,11818.3,-0.334,0.2,1,1,0.01,0.0,0.0,0,2,0.0,0.0,0,0,normal_routine,0
TXN_UPI_100147,USR_4094,2025-01-19 15:56:00,17606.64,Travel_Ticketing,DEV_IN_SAMS23_004,Samsung Galaxy S23,Goa,15.2993,74.124,8898.6,19608.85,0.444,1.98,1,1,98.8167,454.99,4.6,0,0,0.0,0.0,0,0,benign_travel,0
TXN_UPI_102577,USR_4148,2025-01-19 16:47:00,5200.54,Travel_Ticketing,DEV_IN_XRN13_058,Xiaomi Redmi Note 13,Delhi,28.6139,77.209,12620.86,23996.93,-0.309,0.41,1,1,0.01,1172.99,117299.5,0,1,0.0,0.0,1,0,benign_travel,0
TXN_UPI_100514,USR_4102,2025-01-19 18:03:00,66528.06,Electronics_Gadgets,DEV_IN_SAMS23_012,Samsung Galaxy S23,Hyderabad,17.385,78.4867,5066.75,14291.41,4.301,13.13,1,1,0.01,0.0,0.0,0,2,0.0,0.0,0,0,benign_festive_spend,0
TXN_UPI_100421,USR_4100,2025-01-19 18:08:00,65925.46,Electronics_Gadgets,DEV_IN_OP12_010,OnePlus 12,Pune,18.5204,73.8567,4094.04,12746.94,4.851,16.1,1,1,0.01,0.0,0.0,0,5,0.0,0.0,0,0,benign_festive_spend,0
TXN_UPI_101364,USR_4121,2025-01-19 18:14:00,222.62,Food_Dining,DEV_IN_OP12_031,OnePlus 12,Kolkata,22.5726,88.3639,7976.71,17577.26,-0.441,0.03,1,1,0.01,0.0,0.0,0,1,0.0,0.0,0,0,normal_routine,0
TXN_UPI_101405,USR_4122,2025-01-19 18:19:00,275.78,Food_Dining,DEV_IN_XRN13_032,Xiaomi Redmi Note 13,Delhi,28.6139,77.209,7320.02,13866.95,-0.508,0.04,1,1,104.95,0.0,0.0,0,0,0.0,0.0,0,0,normal_routine,0
TXN_UPI_102939,USR_4156,2025-01-19 18:22:00,478.81,Food_Dining,DEV_IN_SAMS23_066,Samsung Galaxy S23,Jaipur,26.9124,75.7873,1779.08,3491.85,-0.372,0.27,1,1,0.01,0.0,0.0,0,1,0.0,0.0,0,0,normal_routine,0
TXN_UPI_102221,USR_4140,2025-01-19 18:25:00,536.33,Groceries_Daily,DEV_IN_XRN13_050,Xiaomi Redmi Note 13,Chennai,13.0827,80.2707,5133.04,13315.1,-0.345,0.1,1,1,92.5167,0.0,0.0,0,2,0.0,0.0,0,0,normal_routine,0
TXN_UPI_102849,USR_4154,2025-01-19 18:25:00,2050.7,Utility_Bills,DEV_IN_IPH15_064,iPhone 15,Chennai,13.0827,80.2707,5256.96,10658.9,-0.301,0.39,1,1,23.4667,0.0,0.0,0,0,0.0,0.0,0,0,normal_routine,0
TXN_UPI_102126,USR_4138,2025-01-19 18:27:00,73205.53,Jewelry_Luxury,DEV_IN_IPH15_048,iPhone 15,Delhi,28.6139,77.209,3966.11,5841.09,11.854,18.46,1,1,46.3167,0.0,0.0,0,0,0.0,0.0,0,0,benign_festive_spend,0
TXN_UPI_102359,USR_4143,2025-01-19 18:27:00,499.43,P2P_Transfer,DEV_IN_XRN13_053,Xiaomi Redmi Note 13,Pune,18.5204,73.8567,5148.07,17040.48,-0.273,0.1,1,1,0.01,0.0,0.0,0,1,0.0,0.0,0,0,normal_routine,0
TXN_UPI_103346,USR_4165,2025-01-19 18:38:00,301.0,Food_Dining,DEV_IN_IPH15_075,iPhone 15,Bengaluru,12.9716,77.5946,6952.72,18758.77,-0.355,0.04,1,1,92.9333,0.0,0.0,0,4,0.0,0.0,0,0,normal_routine,0
TXN_UPI_101856,USR_4132,2025-01-19 18:40:00,1020.83,Utility_Bills,DEV_IN_OP12_042,OnePlus 12,Hyderabad,17.385,78.4867,1332.87,1909.5,-0.163,0.77,1,1,22.4167,0.0,0.0,0,0,0.0,0.0,0,0,normal_routine,0
TXN_UPI_102177,USR_4139,2025-01-19 18:42:00,1649.56,Utility_Bills,DEV_IN_OP12_049,OnePlus 12,Pune,18.5204,73.8567,2746.11,8260.44,-0.133,0.6,1,1,0.01,0.0,0.0,0,2,0.0,0.0,0,0,normal_routine,0
TXN_UPI_101997,USR_4135,2025-01-19 18:43:00,1582.9,Utility_Bills,DEV_IN_OP12_045,OnePlus 12,Bengaluru,12.9716,77.5946,5468.34,13962.67,-0.278,0.29,1,1,0.01,0.0,0.0,0,2,0.0,0.0,0,0,normal_routine,0
TXN_UPI_102801,USR_4153,2025-01-19 18:44:00,298.79,Groceries_Daily,DEV_IN_XRN13_063,Xiaomi Redmi Note 13,Mumbai,19.076,72.8777,15639.58,21928.61,-0.7,0.02,1,1,200.8333,0.0,0.0,0,0,0.0,0.0,0,0,normal_routine,0
TXN_UPI_100782,USR_4108,2025-01-19 18:56:00,995.14,Utility_Bills,DEV_IN_IPH15_018,iPhone 15,Delhi,28.6139,77.209,17279.73,22310.09,-0.73,0.06,1,1,24.25,0.0,0.0,0,0,0.0,0.0,0,0,normal_routine,0
TXN_UPI_101409,USR_4122,2025-01-19 19:01:00,1403.79,P2P_Transfer,DEV_IN_XRN13_032,Xiaomi Redmi Note 13,Delhi,28.6139,77.209,5235.75,11955.02,-0.321,0.27,1,1,70.5167,0.0,0.0,0,4,0.0,0.0,0,0,normal_routine,0
TXN_UPI_100467,USR_4101,2025-01-19 19:03:00,1018.29,Utility_Bills,DEV_IN_IPH15_011,iPhone 15,Mumbai,19.076,72.8777,7270.68,14161.37,-0.442,0.14,1,1,0.01,0.0,0.0,0,4,0.0,0.0,0,0,normal_routine,0
TXN_UPI_100019,USR_4091,2025-01-19 19:06:00,432.72,Groceries_Daily,DEV_IN_IPH15_001,iPhone 15,Bengaluru,12.9716,77.5946,7823.51,22346.4,-0.331,0.06,1,1,23.45,0.0,0.0,0,3,0.0,0.0,0,0,normal_routine,0
TXN_UPI_101047,USR_4114,2025-01-19 19:08:00,404.34,Food_Dining,DEV_IN_SAMS23_024,Samsung Galaxy S23,Delhi,28.6139,77.209,6590.7,17986.68,-0.344,0.06,1,1,126.1333,0.0,0.0,0,0,0.0,0.0,0,0,normal_routine,0
TXN_UPI_102989,USR_4157,2025-01-19 19:10:00,529.8,Food_Dining,DEV_IN_SAMS23_067,Samsung Galaxy S23,Jaipur,26.9124,75.7873,8005.04,15268.81,-0.49,0.07,1,1,0.01,0.0,0.0,0,2,0.0,0.0,0,0,normal_routine,0
TXN_UPI_102668,USR_4150,2025-01-19 19:11:00,235.72,Groceries_Daily,DEV_IN_SAMS23_060,Samsung Galaxy S23,Mumbai,19.076,72.8777,9906.58,17230.66,-0.561,0.02,1,1,93.4333,0.0,0.0,0,0,0.0,0.0,0,0,normal_routine,0
TXN_UPI_103252,USR_4163,2025-01-19 19:11:00,204.17,Food_Dining,DEV_IN_XRN13_073,Xiaomi Redmi Note 13,Chennai,13.0827,80.2707,7753.3,15547.08,-0.486,0.03,1,1,165.6667,0.0,0.0,0,0,0.0,0.0,0,0,normal_routine,0
TXN_UPI_101594,USR_4126,2025-01-19 19:18:00,518.26,Utility_Bills,DEV_IN_OP12_036,OnePlus 12,Chennai,13.0827,80.2707,13039.18,27679.2,-0.452,0.04,1,1,0.01,0.0,0.0,0,1,0.0,0.0,0,0,normal_routine,0
TXN_UPI_100199,USR_4095,2025-01-19 19:26:00,144.99,Food_Dining,DEV_IN_IPH15_005,iPhone 15,Kolkata,22.5726,88.3639,17838.47,26032.33,-0.68,0.01,1,1,0.01,0.0,0.0,0,4,0.0,0.0,0,0,normal_routine,0
TXN_UPI_100604,USR_4104,2025-01-19 19:26:00,15583.17,Electronics_Gadgets,DEV_IN_OP12_014,OnePlus 12,Mumbai,19.076,72.8777,11971.48,21325.03,0.169,1.3,1,1,0.01,0.0,0.0,0,1,0.0,0.0,0,0,benign_festive_spend,0
TXN_UPI_103435,USR_4167,2025-01-19 19:36:00,31903.75,Electronics_Gadgets,DEV_IN_XRN13_077,Xiaomi Redmi Note 13,Hyderabad,17.385,78.4867,10916.06,19226.52,1.092,2.92,1,1,48.2833,0.0,0.0,0,2,0.0,0.0,0,0,benign_festive_spend,0
TXN_UPI_100062,USR_4092,2025-01-19 19:38:00,235.36,Groceries_Daily,DEV_IN_OP12_002,OnePlus 12,Kolkata,22.5726,88.3639,4263.49,8090.04,-0.498,0.06,1,1,0.01,0.0,0.0,0,3,0.0,0.0,0,0,normal_routine,0
TXN_UPI_102629,USR_4149,2025-01-19 19:50:00,416.11,Groceries_Daily,DEV_IN_SAMS23_059,Samsung Galaxy S23,Hyderabad,17.385,78.4867,5321.04,12948.37,-0.379,0.08,1,1,23.0667,0.0,0.0,0,3,0.0,0.0,0,0,normal_routine,0
TXN_UPI_103437,USR_4167,2025-01-19 19:56:00,739.59,Utility_Bills,DEV_IN_XRN13_077,Xiaomi Redmi Note 13,Hyderabad,17.385,78.4867,11678.27,18847.61,-0.58,0.06,1,1,80.25,0.0,0.0,0,4,0.0,0.0,0,0,normal_routine,0
TXN_UPI_100105,USR_4093,2025-01-19 19:57:00,1063.69,P2P_Transfer,DEV_IN_IPH15_003,iPhone 15,Mumbai,19.076,72.8777,2073.18,5128.02,-0.197,0.51,1,1,25.05,0.0,0.0,0,2,0.0,0.0,0,0,normal_routine,0
TXN_UPI_100418,USR_4100,2025-01-19 20:16:00,801.22,Utility_Bills,DEV_IN_OP12_010,OnePlus 12,Pune,18.5204,73.8567,4866.08,14146.35,-0.287,0.16,1,1,176.7333,0.0,0.0,0,2,0.0,0.0,0,0,normal_routine,0
TXN_UPI_101767,USR_4130,2025-01-19 20:18:00,920.57,P2P_Transfer,DEV_IN_SAMS23_040,Samsung Galaxy S23,Pune,18.5204,73.8567,11776.15,24411.54,-0.445,0.08,1,1,0.01,0.0,0.0,0,1,0.0,0.0,0,0,normal_routine,0
TXN_UPI_101498,USR_4124,2025-01-19 20:19:00,333.6,Food_Dining,DEV_IN_IPH15_034,iPhone 15,Kolkata,22.5726,88.3639,12073.85,19538.73,-0.601,0.03,1,1,65.2,0.0,0.0,0,0,0.0,0.0,0,0,normal_routine,0
TXN_UPI_102357,USR_4143,2025-01-19 20:19:00,202.85,Food_Dining,DEV_IN_XRN13_053,Xiaomi Redmi Note 13,Pune,18.5204,73.8567,5676.15,18002.79,-0.304,0.04,1,1,82.55,0.0,0.0,0,5,0.0,0.0,0,0,normal_routine,0
TXN_UPI_103078,USR_4159,2025-01-19 20:19:00,1070.19,P2P_Transfer,DEV_IN_XRN13_069,Xiaomi Redmi Note 13,Delhi,28.6139,77.209,9224.75,17617.27,-0.463,0.12,1,1,34.6,0.0,0.0,0,2,0.0,0.0,0,0,normal_routine,0
TXN_UPI_101459,USR_4123,2025-01-19 20:21:00,125.66,Food_Dining,DEV_IN_OP12_033,OnePlus 12,Chennai,13.0827,80.2707,3226.83,8230.62,-0.377,0.04,1,1,0.01,0.0,0.0,0,1,0.0,0.0,0,0,normal_routine,0
TXN_UPI_101009,USR_4113,2025-01-19 20:29:00,571.34,Groceries_Daily,DEV_IN_OP12_023,OnePlus 12,Delhi,28.6139,77.209,3031.74,6375.87,-0.386,0.19,1,1,0.01,0.0,0.0,0,2,0.0,0.0,0,0,normal_routine,0
TXN_UPI_100821,USR_4109,2025-01-19 20:31:00,179.97,Food_Dining,DEV_IN_IPH15_019,iPhone 15,Pune,18.5204,73.8567,5319.43,14220.63,-0.361,0.03,1,1,167.0167,0.0,0.0,0,0,0.0,0.0,0,0,normal_routine,0
TXN_UPI_100910,USR_4111,2025-01-19 20:39:00,259.67,Groceries_Daily,DEV_IN_SAMS23_021,Samsung Galaxy S23,Hyderabad,17.385,78.4867,4578.93,11449.05,-0.377,0.06,1,1,153.2,0.0,0.0,0,0,0.0,0.0,0,0,normal_routine,0
TXN_UPI_100061,USR_4092,2025-01-19 20:51:00,2025.73,Utility_Bills,DEV_IN_OP12_002,OnePlus 12,Kolkata,22.5726,88.3639,4412.68,8334.03,-0.286,0.46,1,1,0.01,0.0,0.0,0,2,0.0,0.0,0,0,normal_routine,0
TXN_UPI_102759,USR_4152,2025-01-19 20:53:00,1711.85,Utility_Bills,DEV_IN_OP12_062,OnePlus 12,Bengaluru,12.9716,77.5946,4280.97,11332.98,-0.227,0.4,1,1,79.85,0.0,0.0,0,0,0.0,0.0,0,0,normal_routine,0
TXN_UPI_102309,USR_4142,2025-01-19 21:03:00,1831.44,Utility_Bills,DEV_IN_IPH15_052,iPhone 15,Hyderabad,17.385,78.4867,3377.04,8037.51,-0.192,0.54,1,1,120.3,0.0,0.0,0,0,0.0,0.0,0,0,normal_routine,0
TXN_UPI_100010,USR_4091,2025-01-19 21:04:00,398.36,Utility_Bills,DEV_IN_IPH15_001,iPhone 15,Bengaluru,12.9716,77.5946,11199.62,30263.5,-0.357,0.04,1,1,211.3667,0.0,0.0,0,0,0.0,0.0,0,0,normal_routine,0
TXN_UPI_101766,USR_4130,2025-01-19 21:06:00,254.81,Groceries_Daily,DEV_IN_SAMS23_040,Samsung Galaxy S23,Pune,18.5204,73.8567,12928.28,25316.28,-0.501,0.02,1,1,203.6833,0.0,0.0,0,0,0.0,0.0,0,0,normal_routine,0
TXN_UPI_103168,USR_4161,2025-01-19 21:13:00,2465.26,Utility_Bills,DEV_IN_OP12_071,OnePlus 12,Kolkata,22.5726,88.3639,7779.21,20215.62,-0.263,0.32,1,1,0.01,0.0,0.0,0,1,0.0,0.0,0,0,normal_routine,0
TXN_UPI_101676,USR_4128,2025-01-19 21:16:00,34178.66,Food_Dining,DEV_IN_NEW_038,Samsung Galaxy S24,Bengaluru,12.9716,77.5946,7799.74,19450.79,1.356,4.38,0,1,176.0167,0.0,0.0,0,0,0.0,0.0,0,0,benign_new_device,0
TXN_UPI_100825,USR_4109,2025-01-19 21:19:00,471.28,Food_Dining,DEV_IN_IPH15_019,iPhone 15,Pune,18.5204,73.8567,11102.83,20679.43,-0.514,0.04,1,1,79.7667,0.0,0.0,0,2,0.0,0.0,0,0,normal_routine,0
TXN_UPI_100235,USR_4096,2025-01-19 21:28:00,250.16,Groceries_Daily,DEV_IN_SAMS23_006,Samsung Galaxy S23,Jaipur,26.9124,75.7873,616.9,502.23,-0.73,0.41,1,1,145.0667,0.0,0.0,0,0,0.0,0.0,0,0,normal_routine,0
TXN_UPI_103034,USR_4158,2025-01-19 21:53:00,327.79,Food_Dining,DEV_IN_SAMS23_068,Samsung Galaxy S23,Jaipur,26.9124,75.7873,7208.36,14036.27,-0.49,0.05,1,1,8.1833,0.0,0.0,0,3,0.0,0.0,0,0,normal_routine,0
TXN_UPI_100240,USR_4096,2025-01-19 21:55:00,1367.23,Utility_Bills,DEV_IN_SAMS23_006,Samsung Galaxy S23,Jaipur,26.9124,75.7873,593.55,426.09,1.816,2.3,1,1,48.95,0.0,0.0,0,2,0.0,0.0,0,0,normal_routine,0
TXN_UPI_101814,USR_4131,2025-01-19 23:41:00,13752.72,Travel_Ticketing,DEV_IN_OP12_041,OnePlus 12,Delhi,28.6139,77.209,4375.63,9278.31,1.011,3.14,1,1,0.01,0.0,0.0,0,2,0.0,0.0,0,0,benign_travel,0
TXN_UPI_100734,USR_4107,2025-01-20 01:15:00,5975.86,Utility_Bills,DEV_IN_OP12_017,OnePlus 12,Chennai,13.0827,80.2707,11025.04,18078.84,-0.279,0.54,1,1,0.01,0.0,0.0,1,1,0.0,0.0,0,0,emergency_nocturnal_legit,0
TXN_UPI_100377,USR_4099,2025-01-20 01:37:00,637.81,Food_Dining,DEV_IN_XRN13_009,Xiaomi Redmi Note 13,Mumbai,19.076,72.8777,4516.06,10759.72,-0.36,0.14,1,1,0.01,920.74,92074.24,1,1,0.0,0.0,1,0,emergency_nocturnal_legit,0
TXN_UPI_102085,USR_4137,2025-01-20 01:39:00,46644.16,P2P_Transfer,DEV_ROGUE_EMU_46,Linux Cloud Emulator,Hyderabad,17.385,78.4867,13839.49,23934.42,1.371,3.37,0,1,123.1833,1095.15,8.89,1,0,1.5,1.77,0,1,hostile_account_takeover,1
TXN_UPI_100012,USR_4091,2025-01-20 01:41:00,5328.32,Utility_Bills,DEV_IN_IPH15_001,iPhone 15,Bengaluru,12.9716,77.5946,9228.45,27691.9,-0.141,0.58,1,1,206.6,0.0,0.0,1,0,0.0,0.0,0,0,emergency_nocturnal_legit,0
TXN_UPI_100060,USR_4092,2025-01-20 01:58:00,42.23,Gaming_Crypto,DEV_BOTNET_01,Automated Script Bot,Kolkata,22.5726,88.3639,4724.85,8541.39,-0.548,0.01,0,1,0.01,0.0,0.0,1,11,1.5,0.11,0,1,credential_stuffing_burst,1
TXN_UPI_101902,USR_4133,2025-01-20 02:47:00,72413.14,P2P_Transfer,DEV_ROGUE_EMU_42,Linux Cloud Emulator,Delhi,28.6139,77.209,3359.35,8415.04,8.206,21.56,0,1,175.9667,0.0,0.0,1,0,1.5,3.74,0,1,hostile_account_takeover,1
TXN_UPI_100153,USR_4094,2025-01-20 03:03:00,202.56,Gaming_Crypto,DEV_BOTNET_03,Automated Script Bot,Bengaluru,12.9716,77.5946,7028.83,16406.4,-0.416,0.03,0,1,0.01,0.0,0.0,1,12,1.5,0.11,0,1,credential_stuffing_burst,1
TXN_UPI_102088,USR_4137,2025-01-20 08:05:00,37554.16,Jewelry_Luxury,DEV_IN_OP12_047,OnePlus 12,Hyderabad,17.385,78.4867,15085.81,23324.54,0.963,2.49,1,1,0.01,1255.39,125539.34,0,1,0.0,0.0,1,0,benign_festive_spend,0
TXN_UPI_100198,USR_4095,2025-01-20 08:22:00,183.2,Food_Dining,DEV_IN_IPH15_005,iPhone 15,Kolkata,22.5726,88.3639,18877.01,26422.17,-0.708,0.01,1,1,0.01,0.0,0.0,0,3,0.0,0.0,0,0,normal_routine,0
TXN_UPI_100289,USR_4097,2025-01-20 08:30:00,199.7,Food_Dining,DEV_IN_XRN13_007,Xiaomi Redmi Note 13,Delhi,28.6139,77.209,6149.87,12090.58,-0.492,0.03,1,1,0.01,1514.09,151408.97,0,3,0.0,0.0,1,0,normal_routine,0
TXN_UPI_100554,USR_4103,2025-01-20 08:42:00,188.33,Food_Dining,DEV_IN_SAMS23_013,Samsung Galaxy S23,Hyderabad,17.385,78.4867,2095.08,4535.3,-0.42,0.09,1,1,115.1167,0.0,0.0,0,0,0.0,0.0,0,0,normal_routine,0
TXN_UPI_101771,USR_4130,2025-01-20 08:56:00,2148.41,Utility_Bills,DEV_IN_SAMS23_040,Samsung Galaxy S23,Pune,18.5204,73.8567,9740.99,21390.28,-0.355,0.22,1,1,67.9167,0.0,0.0,0,2,0.0,0.0,0,0,normal_routine,0
TXN_UPI_101273,USR_4119,2025-01-20 09:02:00,725.21,Utility_Bills,DEV_IN_OP12_029,OnePlus 12,Bengaluru,12.9716,77.5946,13081.31,18871.1,-0.655,0.06,1,1,41.7333,454.99,10.9,0,0,0.0,0.0,0,0,normal_routine,0
TXN_UPI_101145,USR_4116,2025-01-20 09:07:00,254.94,Groceries_Daily,DEV_IN_OP12_026,OnePlus 12,Hyderabad,17.385,78.4867,7975.98,19885.63,-0.388,0.03,1,1,0.01,0.0,0.0,0,2,0.0,0.0,0,0,normal_routine,0
TXN_UPI_102492,USR_4146,2025-01-20 09:17:00,311.84,Food_Dining,DEV_IN_SAMS23_056,Samsung Galaxy S23,Hyderabad,17.385,78.4867,12030.73,24804.05,-0.472,0.03,1,1,92.0167,0.0,0.0,0,2,0.0,0.0,0,0,normal_routine,0
TXN_UPI_100284,USR_4097,2025-01-20 09:18:00,1138.54,P2P_Transfer,DEV_IN_XRN13_007,Xiaomi Redmi Note 13,Delhi,28.6139,77.209,7120.16,13687.74,-0.437,0.16,1,1,141.5,0.0,0.0,0,3,0.0,0.0,0,0,normal_routine,0
TXN_UPI_100469,USR_4101,2025-01-20 09:23:00,54348.35,Electronics_Gadgets,DEV_IN_IPH15_011,iPhone 15,Mumbai,19.076,72.8777,10789.54,20907.15,2.083,5.04,1,1,0.01,0.0,0.0,0,1,0.0,0.0,0,0,benign_festive_spend,0
TXN_UPI_102579,USR_4148,2025-01-20 09:24:00,1263.49,P2P_Transfer,DEV_IN_XRN13_058,Xiaomi Redmi Note 13,Pune,18.5204,73.8567,11101.84,22380.27,-0.44,0.11,1,1,37.3667,0.0,0.0,0,3,0.0,0.0,0,0,normal_routine,0
TXN_UPI_100462,USR_4101,2025-01-20 09:30:00,1103.01,Groceries_Daily,DEV_IN_IPH15_011,iPhone 15,Mumbai,19.076,72.8777,10269.04,16213.79,-0.565,0.11,1,1,44.1,0.0,0.0,0,0,0.0,0.0,0,0,normal_routine,0
TXN_UPI_102538,USR_4147,2025-01-20 09:31:00,72511.97,Food_Dining,DEV_IN_XRN13_057,Xiaomi Redmi Note 13,Pune,18.5204,73.8567,9856.83,20546.34,3.049,7.36,1,1,20.5,120.15,5.86,0,2,0.0,0.0,0,0,benign_festive_spend,0
TXN_UPI_102893,USR_4155,2025-01-20 09:31:00,1009.51,Utility_Bills,DEV_IN_SAMS23_065,Samsung Galaxy S23,Hyderabad,17.385,78.4867,2167.27,4411.94,-0.262,0.47,1,1,24.05,0.0,0.0,0,0,0.0,0.0,0,0,normal_routine,0
TXN_UPI_100103,USR_4093,2025-01-20 09:35:00,384.16,Food_Dining,DEV_IN_IPH15_003,iPhone 15,Mumbai,19.076,72.8777,2351.84,5489.6,-0.358,0.16,1,1,115.9833,0.0,0.0,0,0,0.0,0.0,0,0,normal_routine,0
TXN_UPI_102894,USR_4155,2025-01-20 09:38:00,23666.84,P2P_Transfer,DEV_CLONE_64,Virtual Android,Lagos,6.5244,3.3792,2078.22,4250.06,5.08,11.39,0,0,0.1167,8215.23,70416.24,0,1,3.0,3.78,1,1,impossible_travel_jump,1
TXN_UPI_102176,USR_4139,2025-01-20 09:53:00,1029.82,P2P_Transfer,DEV_IN_OP12_049,OnePlus 12,Pune,18.5204,73.8567,2860.53,8519.06,-0.215,0.36,1,1,0.01,0.0,0.0,0,1,0.0,0.0,0,0,normal_routine,0
TXN_UPI_100642,USR_4105,2025-01-20 09:59:00,370.52,Food_Dining,DEV_IN_SAMS23_015,Samsung Galaxy S23,Mumbai,19.076,72.8777,7476.4,17913.25,-0.397,0.05,1,1,0.01,0.0,0.0,0,1,0.0,0.0,0,0,normal_routine,0
TXN_UPI_101681,USR_4128,2025-01-20 09:59:00,340.46,Groceries_Daily,DEV_IN_SAMS23_038,Samsung Galaxy S23,Bengaluru,12.9716,77.5946,7830.91,17604.29,-0.425,0.04,1,1,60.8167,0.0,0.0,0,0,0.0,0.0,0,0,normal_routine,0
TXN_UPI_103125,USR_4160,2025-01-20 09:59:00,270.6,Groceries_Daily,DEV_IN_OP12_070,OnePlus 12,Chennai,13.0827,80.2707,8039.2,18081.17,-0.43,0.03,1,1,0.01,0.0,0.0,0,3,0.0,0.0,0,0,normal_routine,0
TXN_UPI_100643,USR_4105,2025-01-20 10:08:00,44531.24,P2P_Transfer,DEV_CLONE_14,Virtual Android,Lagos,6.5244,3.3792,6884.25,17262.71,2.181,6.47,0,0,0.15,7620.35,50802.3,0,2,3.0,3.02,1,1,impossible_travel_jump,1
TXN_UPI_101006,USR_4113,2025-01-20 11:09:00,219.15,Food_Dining,DEV_IN_OP12_023,OnePlus 12,Delhi,28.6139,77.209,3585.96,6851.04,-0.491,0.06,1,1,0.01,0.0,0.0,0,1,0.0,0.0,0,0,normal_routine,0
TXN_UPI_100107,USR_4093,2025-01-20 11:18:00,255.2,Groceries_Daily,DEV_IN_IPH15_003,iPhone 15,Mumbai,19.076,72.8777,1949.61,4807.96,-0.352,0.13,1,1,0.01,0.0,0.0,0,1,0.0,0.0,0,0,normal_routine,0
TXN_UPI_102717,USR_4151,2025-01-20 11:37:00,2328.19,Utility_Bills,DEV_IN_SAMS23_061,Samsung Galaxy S23,Bengaluru,12.9716,77.5946,12265.16,23259.48,-0.427,0.19,1,1,0.01,0.0,0.0,0,1,0.0,0.0,0,0,normal_routine,0
TXN_UPI_101998,USR_4135,2025-01-20 11:54:00,1309.81,P2P_Transfer,DEV_IN_OP12_045,OnePlus 12,Bengaluru,12.9716,77.5946,5239.78,13576.59,-0.289,0.25,1,1,17.1833,0.0,0.0,0,3,0.0,0.0,0,0,normal_routine,0
TXN_UPI_101363,USR_4121,2025-01-20 13:02:00,171.84,Food_Dining,DEV_IN_OP12_031,OnePlus 12,Kolkata,22.5726,88.3639,8627.12,18144.07,-0.466,0.02,1,1,65.4,0.0,0.0,0,0,0.0,0.0,0,0,normal_routine,0
TXN_UPI_102360,USR_4143,2025-01-20 13:04:00,1604.43,P2P_Transfer,DEV_IN_XRN13_053,Xiaomi Redmi Note 13,Pune,18.5204,73.8567,4903.4,16618.44,-0.199,0.33,1,1,18.6167,0.0,0.0,0,2,0.0,0.0,0,0,normal_routine,0
TXN_UPI_101724,USR_4129,2025-01-20 13:06:00,307.18,Groceries_Daily,DEV_IN_SAMS23_039,Samsung Galaxy S23,Bengaluru,12.9716,77.5946,5318.4,11895.91,-0.421,0.06,1,1,0.01,0.0,0.0,0,1,0.0,0.0,0,0,normal_routine,0
TXN_UPI_100065,USR_4092,2025-01-20 13:07:00,355.37,Groceries_Daily,DEV_IN_OP12_002,OnePlus 12,Kolkata,22.5726,88.3639,7839.49,18545.05,-0.404,0.05,1,1,0.01,0.0,0.0,0,1,0.0,0.0,0,0,normal_routine,0
TXN_UPI_100466,USR_4101,2025-01-20 13:09:00,311.67,Groceries_Daily,DEV_IN_IPH15_011,iPhone 15,Mumbai,19.076,72.8777,7734.61,14507.6,-0.512,0.04,1,1,0.01,0.0,0.0,0,3,0.0,0.0,0,0,normal_routine,0
TXN_UPI_100641,USR_4105,2025-01-20 13:09:00,179.28,Food_Dining,DEV_IN_SAMS23_015,Samsung Galaxy S23,Mumbai,19.076,72.8777,8206.12,18631.04,-0.431,0.02,1,1,123.5833,0.0,0.0,0,0,0.0,0.0,0,0,normal_routine,0
TXN_UPI_101100,USR_4115,2025-01-20 13:12:00,272.27,Groceries_Daily,DEV_IN_XRN13_025,Xiaomi Redmi Note 13,Bengaluru,12.9716,77.5946,5946.7,18145.95,-0.313,0.05,1,1,0.01,0.0,0.0,0,1,0.0,0.0,0,0,normal_routine,0
TXN_UPI_103305,USR_4164,2025-01-20 13:16:00,117.98,Food_Dining,DEV_IN_IPH15_074,iPhone 15,Delhi,28.6139,77.209,10621.42,18492.79,-0.568,0.01,1,1,0.01,8084.29,808429.48,0,2,0.0,0.0,1,0,normal_routine,0
TXN_UPI_100017,USR_4091,2025-01-20 13:19:00,217.16,Food_Dining,DEV_IN_IPH15_001,iPhone 15,Bengaluru,12.9716,77.5946,7192.72,23198.91,-0.301,0.03,1,1,0.01,0.0,0.0,0,1,0.0,0.0,0,0,normal_routine,0
TXN_UPI_103253,USR_4163,2025-01-20 13:28:00,256.02,Groceries_Daily,DEV_IN_XRN13_073,Xiaomi Redmi Note 13,Chennai,13.0827,80.2707,7124.21,15030.72,-0.457,0.04,1,1,18.2833,0.0,0.0,0,0,0.0,0.0,0,0,normal_routine,0
TXN_UPI_101543,USR_4125,2025-01-20 13:31:00,844.83,P2P_Transfer,DEV_IN_OP12_035,OnePlus 12,Pune,18.5204,73.8567,7847.51,20100.09,-0.348,0.11,1,1,191.6167,0.0,0.0,0,0,0.0,0.0,0,0,normal_routine,0
TXN_UPI_101005,USR_4113,2025-01-20 13:32:00,569.16,Groceries_Daily,DEV_IN_OP12_023,OnePlus 12,Delhi,28.6139,77.209,3801.45,7042.22,-0.459,0.15,1,1,96.1,0.0,0.0,0,0,0.0,0.0,0,0,normal_routine,0
TXN_UPI_101908,USR_4133,2025-01-20 13:32:00,350.15,Groceries_Daily,DEV_IN_IPH15_043,iPhone 15,Delhi,28.6139,77.209,6536.08,17857.66,-0.346,0.05,1,1,73.6,0.0,0.0,0,3,0.0,0.0,0,0,normal_routine,0
TXN_UPI_101773,USR_4130,2025-01-20 13:34:00,741.27,Groceries_Daily,DEV_IN_SAMS23_040,Samsung Galaxy S23,Pune,18.5204,73.8567,8729.32,20285.72,-0.394,0.08,1,1,77.2833,0.0,0.0,0,4,0.0,0.0,0,0,normal_routine,0
TXN_UPI_101456,USR_4123,2025-01-20 13:36:00,303.17,Groceries_Daily,DEV_IN_OP12_033,OnePlus 12,Chennai,13.0827,80.2707,3676.6,8946.02,-0.377,0.08,1,1,113.3,0.0,0.0,0,2,0.0,0.0,0,0,normal_routine,0
TXN_UPI_103391,USR_4166,2025-01-20 13:38:00,947.5,P2P_Transfer,DEV_IN_SAMS23_076,Samsung Galaxy S23,Bengaluru,12.9716,77.5946,10558.08,21319.77,-0.451,0.09,1,1,0.01,0.0,0.0,0,1,0.0,0.0,0,0,normal_routine,0
TXN_UPI_102489,USR_4146,2025-01-20 13:42:00,305.14,Groceries_Daily,DEV_IN_SAMS23_056,Samsung Galaxy S23,Hyderabad,17.385,78.4867,14667.58,26834.58,-0.535,0.02,1,1,43.05,0.0,0.0,0,3,0.0,0.0,0,0,normal_routine,0
TXN_UPI_102897,USR_4155,2025-01-20 13:44:00,1439.46,P2P_Transfer,DEV_IN_SAMS23_065,Samsung Galaxy S23,Hyderabad,17.385,78.4867,3193.26,6557.6,-0.267,0.45,1,1,0.01,0.0,0.0,0,1,0.0,0.0,0,0,normal_routine,0
TXN_UPI_103477,USR_4168,2025-01-20 13:53:00,14955.48,Electronics_Gadgets,DEV_IN_XRN13_078,Xiaomi Redmi Note 13,Pune,18.5204,73.8567,1134.29,1614.81,8.559,13.18,1,1,208.25,0.0,0.0,0,0,0.0,0.0,0,0,benign_festive_spend,0
TXN_UPI_100692,USR_4106,2025-01-20 14:07:00,10718.48,Travel_Ticketing,DEV_IN_OP12_016,OnePlus 12,Delhi,28.6139,77.209,1707.68,4222.56,2.134,6.28,1,1,76.75,1172.99,15.28,0,2,0.0,0.0,0,0,benign_travel,0
TXN_UPI_101325,USR_4120,2025-01-20 18:09:00,314.05,Food_Dining,DEV_IN_OP12_030,OnePlus 12,Kolkata,22.5726,88.3639,6435.36,14330.54,-0.427,0.05,1,1,0.01,0.0,0.0,0,2,0.0,0.0,0,0,normal_routine,0
TXN_UPI_101859,USR_4132,2025-01-20 18:12:00,435.75,P2P_Transfer,DEV_IN_OP12_042,OnePlus 12,Hyderabad,17.385,78.4867,1234.33,1693.31,-0.472,0.35,1,1,78.65,0.0,0.0,0,2,0.0,0.0,0,0,normal_routine,0
TXN_UPI_103524,USR_4169,2025-01-20 18:26:00,760.76,Utility_Bills,DEV_IN_IPH15_079,iPhone 15,Kolkata,22.5726,88.3639,5987.91,12607.97,-0.415,0.13,1,1,147.0333,1303.83,8.87,0,0,0.0,0.0,0,0,normal_routine,0
TXN_UPI_102715,USR_4151,2025-01-20 18:33:00,538.36,Food_Dining,DEV_IN_SAMS23_061,Samsung Galaxy S23,Bengaluru,12.9716,77.5946,13866.16,24448.83,-0.545,0.04,1,1,87.45,0.0,0.0,0,0,0.0,0.0,0,0,normal_routine,0
TXN_UPI_100695,USR_4106,2025-01-20 18:46:00,352.21,Food_Dining,DEV_IN_OP12_016,OnePlus 12,Pune,18.5204,73.8567,2110.73,4378.81,-0.402,0.17,1,1,0.01,0.0,0.0,0,2,0.0,0.0,0,0,normal_routine,0
TXN_UPI_101950,USR_4134,2025-01-20 18:59:00,10792.65,Travel_Ticketing,DEV_IN_OP12_044,OnePlus 12,Jaipur,26.9124,75.7873,4910.55,11034.32,0.533,2.2,1,1,0.01,1607.1,160709.92,0,1,0.0,0.0,1,0,benign_travel,0
TXN_UPI_102445,USR_4145,2025-01-20 19:18:00,68480.99,Electronics_Gadgets,DEV_IN_SAMS23_055,Samsung Galaxy S23,Mumbai,19.076,72.8777,13507.1,23162.13,2.373,5.07,1,1,175.05,7620.35,43.53,0,0,0.0,0.0,0,0,benign_festive_spend,0
TXN_UPI_101587,USR_4126,2025-01-20 19:19:00,1793.1,Utility_Bills,DEV_IN_OP12_036,OnePlus 12,Chennai,13.0827,80.2707,10496.35,23115.31,-0.377,0.17,1,1,33.9167,0.0,0.0,0,0,0.0,0.0,0,0,normal_routine,0
TXN_UPI_100420,USR_4100,2025-01-20 19:20:00,1180.07,Utility_Bills,DEV_IN_OP12_010,OnePlus 12,Pune,18.5204,73.8567,4302.18,13169.69,-0.237,0.27,1,1,105.4833,0.0,0.0,0,4,0.0,0.0,0,0,normal_routine,0
TXN_UPI_101460,USR_4123,2025-01-20 19:25:00,37400.71,Electronics_Gadgets,DEV_IN_NEW_033,Samsung Galaxy S24,Chennai,13.0827,80.2707,3063.61,8040.98,4.27,12.21,0,1,23.0667,0.0,0.0,0,2,0.0,0.0,0,0,benign_new_device,0
TXN_UPI_102312,USR_4142,2025-01-20 19:27:00,677.0,P2P_Transfer,DEV_IN_IPH15_052,iPhone 15,Hyderabad,17.385,78.4867,3004.36,7291.09,-0.319,0.23,1,1,0.01,0.0,0.0,0,1,0.0,0.0,0,0,normal_routine,0
TXN_UPI_103431,USR_4167,2025-01-20 19:28:00,1152.5,P2P_Transfer,DEV_IN_XRN13_077,Xiaomi Redmi Note 13,Hyderabad,17.385,78.4867,14987.59,21434.36,-0.645,0.08,1,1,221.6833,8215.23,37.06,0,0,0.0,0.0,0,0,normal_routine,0
TXN_UPI_102313,USR_4142,2025-01-20 19:35:00,11615.43,P2P_Transfer,DEV_CLONE_51,Virtual Android,Lagos,6.5244,3.3792,2867.45,7094.57,1.233,4.05,0,0,0.1333,8215.23,61614.21,0,2,3.0,2.43,1,1,impossible_travel_jump,1
TXN_UPI_103161,USR_4161,2025-01-20 19:36:00,168.3,Food_Dining,DEV_IN_OP12_071,OnePlus 12,Kolkata,22.5726,88.3639,1100.61,1275.15,-0.731,0.15,1,1,213.8167,0.0,0.0,0,0,0.0,0.0,0,0,normal_routine,0
TXN_UPI_103347,USR_4165,2025-01-20 19:48:00,966.6,Utility_Bills,DEV_IN_IPH15_075,iPhone 15,Bengaluru,12.9716,77.5946,6536.99,18234.33,-0.305,0.15,1,1,25.1667,0.0,0.0,0,5,0.0,0.0,0,0,normal_routine,0
TXN_UPI_103393,USR_4166,2025-01-20 19:50:00,810.37,P2P_Transfer,DEV_IN_SAMS23_076,Samsung Galaxy S23,Bengaluru,12.9716,77.5946,9387.97,20281.52,-0.423,0.09,1,1,0.01,0.0,0.0,0,3,0.0,0.0,0,0,normal_routine,0
TXN_UPI_102397,USR_4144,2025-01-20 19:57:00,1081.49,Utility_Bills,DEV_IN_OP12_054,OnePlus 12,Jaipur,26.9124,75.7873,7670.85,14463.94,-0.456,0.14,1,1,50.85,920.74,18.11,0,0,0.0,0.0,0,0,normal_routine,0
TXN_UPI_103209,USR_4162,2025-01-20 20:11:00,655.65,Utility_Bills,DEV_IN_XRN13_072,Xiaomi Redmi Note 13,Bengaluru,12.9716,77.5946,11802.25,23434.22,-0.476,0.06,1,1,170.0167,0.0,0.0,0,0,0.0,0.0,0,0,normal_routine,0
TXN_UPI_100281,USR_4097,2025-01-20 20:13:00,861.16,Utility_Bills,DEV_IN_XRN13_007,Xiaomi Redmi Note 13,Delhi,28.6139,77.209,6377.39,13860.62,-0.398,0.14,1,1,202.2333,0.0,0.0,0,0,0.0,0.0,0,0,normal_routine,0
TXN_UPI_102486,USR_4146,2025-01-20 20:16:00,273.39,Groceries_Daily,DEV_IN_SAMS23_056,Samsung Galaxy S23,Hyderabad,17.385,78.4867,18988.93,29243.81,-0.64,0.01,1,1,49.4,0.0,0.0,0,0,0.0,0.0,0,0,normal_routine,0
TXN_UPI_101549,USR_4125,2025-01-20 20:36:00,1190.3,Food_Dining,DEV_IN_OP12_035,OnePlus 12,Pune,18.5204,73.8567,7053.5,17523.59,-0.335,0.17,1,1,0.01,7723.26,772326.42,0,2,0.0,0.0,1,0,normal_routine,0
TXN_UPI_100465,USR_4101,2025-01-20 20:45:00,444.45,Groceries_Daily,DEV_IN_IPH15_011,iPhone 15,Mumbai,19.076,72.8777,8255.34,14880.75,-0.525,0.05,1,1,98.0667,0.0,0.0,0,2,0.0,0.0,0,0,normal_routine,0
TXN_UPI_101722,USR_4129,2025-01-20 20:49:00,612.09,Food_Dining,DEV_IN_SAMS23_039,Samsung Galaxy S23,Bengaluru,12.9716,77.5946,6207.81,12731.62,-0.44,0.1,1,1,98.2,0.0,0.0,0,0,0.0,0.0,0,0,normal_routine,0
TXN_UPI_103211,USR_4162,2025-01-20 20:56:00,36198.25,Groceries_Daily,DEV_IN_NEW_072,Samsung Galaxy S24,Bengaluru,12.9716,77.5946,10286.87,22155.68,1.17,3.52,0,1,0.01,0.0,0.0,0,1,0.0,0.0,0,0,benign_new_device,0
TXN_UPI_100601,USR_4104,2025-01-20 20:59:00,836.9,P2P_Transfer,DEV_IN_OP12_014,OnePlus 12,Mumbai,19.076,72.8777,14154.23,22740.09,-0.586,0.06,1,1,59.7333,0.0,0.0,0,3,0.0,0.0,0,0,normal_routine,0
TXN_UPI_103349,USR_4165,2025-01-20 21:00:00,78603.66,Food_Dining,DEV_IN_IPH15_075,iPhone 15,Bengaluru,12.9716,77.5946,5938.33,17274.78,4.206,13.24,1,1,0.01,0.0,0.0,0,7,0.0,0.0,0,0,benign_festive_spend,0
TXN_UPI_101729,USR_4129,2025-01-20 21:06:00,2134.3,Groceries_Daily,DEV_IN_NEW_039,Samsung Galaxy S24,Bengaluru,12.9716,77.5946,5931.54,12645.63,-0.3,0.36,0,1,0.01,0.0,0.0,0,4,0.0,0.0,0,0,benign_new_device,0
TXN_UPI_103574,USR_4170,2025-01-20 21:16:00,222.45,Food_Dining,DEV_IN_IPH15_080,iPhone 15,Chennai,13.0827,80.2707,3251.43,8149.0,-0.372,0.07,1,1,0.01,0.0,0.0,0,4,0.0,0.0,0,0,normal_routine,0
TXN_UPI_100416,USR_4100,2025-01-20 21:34:00,573.77,Utility_Bills,DEV_IN_OP12_010,OnePlus 12,Pune,18.5204,73.8567,5623.61,15383.4,-0.328,0.1,1,1,97.7,0.0,0.0,0,0,0.0,0.0,0,0,normal_routine,0
TXN_UPI_100823,USR_4109,2025-01-20 21:41:00,37732.69,Food_Dining,DEV_IN_IPH15_019,iPhone 15,Pune,18.5204,73.8567,9706.61,20730.18,1.352,3.89,1,1,180.3333,0.0,0.0,0,0,0.0,0.0,0,0,benign_festive_spend,0
TXN_UPI_101008,USR_4113,2025-01-20 21:50:00,151.19,Groceries_Daily,DEV_IN_OP12_023,OnePlus 12,Delhi,28.6139,77.209,3201.19,6521.21,-0.468,0.05,1,1,0.01,0.0,0.0,0,1,0.0,0.0,0,0,normal_routine,0
TXN_UPI_101229,USR_4118,2025-01-20 21:54:00,437.21,Groceries_Daily,DEV_IN_IPH15_028,iPhone 15,Hyderabad,17.385,78.4867,6981.92,19154.46,-0.342,0.06,1,1,85.25,0.0,0.0,0,0,0.0,0.0,0,0,normal_routine,0
TXN_UPI_101863,USR_4132,2025-01-20 21:59:00,773.33,P2P_Transfer,DEV_IN_OP12_042,OnePlus 12,Hyderabad,17.385,78.4867,1020.38,1531.14,-0.161,0.76,1,1,80.3333,0.0,0.0,0,6,0.0,0.0,0,0,normal_routine,0
TXN_UPI_102576,USR_4148,2025-01-20 21:59:00,499.46,Groceries_Daily,DEV_IN_XRN13_058,Xiaomi Redmi Note 13,Pune,18.5204,73.8567,13833.0,24845.03,-0.537,0.04,1,1,36.6,0.0,0.0,0,0,0.0,0.0,0,0,normal_routine,0
TXN_UPI_103567,USR_4170,2025-01-20 23:36:00,11558.02,Travel_Ticketing,DEV_IN_IPH15_080,iPhone 15,Delhi,28.6139,77.209,3628.69,9979.12,0.795,3.19,1,1,52.6667,1755.8,33.34,0,0,0.0,0.0,0,0,benign_travel,0
TXN_UPI_103080,USR_4159,2025-01-20 23:44:00,124.32,Gaming_Crypto,DEV_BOTNET_68,Automated Script Bot,Delhi,28.6139,77.209,8348.85,16858.88,-0.488,0.01,0,1,0.01,0.0,0.0,0,9,0.0,0.0,0,1,credential_stuffing_burst,1
TXN_UPI_101813,USR_4131,2025-01-21 00:23:00,14229.0,Travel_Ticketing,DEV_IN_OP12_041,OnePlus 12,Delhi,28.6139,77.209,3554.52,9192.17,1.161,4.0,1,1,0.01,1739.8,173980.21,0,1,0.0,0.0,1,0,benign_travel,0
TXN_UPI_101235,USR_4118,2025-01-21 00:58:00,10357.11,Travel_Ticketing,DEV_IN_IPH15_028,iPhone 15,Delhi,28.6139,77.209,6198.05,16284.85,0.255,1.67,1,1,39.25,1255.39,31.98,0,3,0.0,0.0,0,0,benign_travel,0
TXN_UPI_102534,USR_4147,2025-01-21 01:57:00,14013.63,Travel_Ticketing,DEV_IN_XRN13_057,Xiaomi Redmi Note 13,Mumbai,19.076,72.8777,10779.71,23138.91,0.14,1.3,1,1,0.01,120.15,12015.23,1,1,0.0,0.0,1,0,benign_travel,0
TXN_UPI_100558,USR_4103,2025-01-21 02:05:00,1970.8,Utility_Bills,DEV_IN_SAMS23_013,Samsung Galaxy S23,Hyderabad,17.385,78.4867,7284.99,18957.78,-0.28,0.27,1,1,0.01,0.0,0.0,1,1,0.0,0.0,0,0,emergency_nocturnal_legit,0
TXN_UPI_101953,USR_4134,2025-01-21 02:21:00,17489.87,Travel_Ticketing,DEV_IN_OP12_044,OnePlus 12,Delhi,28.6139,77.209,5757.92,10514.62,1.116,3.04,1,1,0.01,1514.09,151408.97,1,2,0.0,0.0,1,0,benign_travel,0
TXN_UPI_102315,USR_4142,2025-01-21 03:09:00,1140.21,P2P_Transfer,DEV_IN_IPH15_052,iPhone 15,Hyderabad,17.385,78.4867,3229.0,7008.38,-0.298,0.35,1,1,0.01,0.0,0.0,1,1,0.0,0.0,0,0,emergency_nocturnal_legit,0
TXN_UPI_101955,USR_4134,2025-01-21 08:13:00,78627.15,Food_Dining,DEV_IN_OP12_044,OnePlus 12,Chennai,13.0827,80.2707,6161.96,10337.6,7.01,12.76,1,1,0.01,0.0,0.0,0,1,0.0,0.0,0,0,benign_festive_spend,0
TXN_UPI_100463,USR_4101,2025-01-21 08:18:00,998.67,P2P_Transfer,DEV_IN_IPH15_011,iPhone 15,Mumbai,19.076,72.8777,9505.2,15728.88,-0.541,0.11,1,1,22.8,0.0,0.0,0,0,0.0,0.0,0,0,normal_routine,0
TXN_UPI_102352,USR_4143,2025-01-21 08:28:00,2268.48,Utility_Bills,DEV_IN_XRN13_053,Xiaomi Redmi Note 13,Pune,18.5204,73.8567,869.75,573.51,2.439,2.61,1,1,238.6667,0.0,0.0,0,0,0.0,0.0,0,0,normal_routine,0
TXN_UPI_100151,USR_4094,2025-01-21 08:33:00,1726.6,Utility_Bills,DEV_IN_SAMS23_004,Samsung Galaxy S23,Bengaluru,12.9716,77.5946,7759.1,17335.57,-0.348,0.22,1,1,143.35,0.0,0.0,0,2,0.0,0.0,0,0,normal_routine,0
TXN_UPI_100238,USR_4096,2025-01-21 08:37:00,916.26,Food_Dining,DEV_IN_SAMS23_006,Samsung Galaxy S23,Jaipur,26.9124,75.7873,583.91,446.62,0.744,1.57,1,1,67.4833,0.0,0.0,0,0,0.0,0.0,0,0,normal_routine,0
TXN_UPI_101144,USR_4116,2025-01-21 08:42:00,408.82,Groceries_Daily,DEV_IN_OP12_026,OnePlus 12,Hyderabad,17.385,78.4867,8396.38,20348.2,-0.393,0.05,1,1,0.01,0.0,0.0,0,1,0.0,0.0,0,0,normal_routine,0
TXN_UPI_100651,USR_4105,2025-01-21 08:59:00,202.28,Groceries_Daily,DEV_IN_SAMS23_015,Samsung Galaxy S23,Mumbai,19.076,72.8777,13839.8,22025.89,-0.619,0.01,1,1,0.01,0.0,0.0,0,1,0.0,0.0,0,0,normal_routine,0
TXN_UPI_102631,USR_4149,2025-01-21 09:00:00,21594.19,Food_Dining,DEV_IN_SAMS23_059,Samsung Galaxy S23,Hyderabad,17.385,78.4867,4859.11,12362.15,1.354,4.44,1,1,0.01,0.0,0.0,0,1,0.0,0.0,0,0,benign_festive_spend,0
TXN_UPI_102938,USR_4156,2025-01-21 09:03:00,535.92,Food_Dining,DEV_IN_SAMS23_066,Samsung Galaxy S23,Jaipur,26.9124,75.7873,1882.68,3615.19,-0.373,0.28,1,1,133.7,0.0,0.0,0,0,0.0,0.0,0,0,normal_routine,0
TXN_UPI_101636,USR_4127,2025-01-21 09:04:00,199.76,Groceries_Daily,DEV_IN_XRN13_037,Xiaomi Redmi Note 13,Mumbai,19.076,72.8777,13051.86,26459.4,-0.486,0.02,1,1,115.65,0.0,0.0,0,0,0.0,0.0,0,0,normal_routine,0
TXN_UPI_101996,USR_4135,2025-01-21 09:18:00,404.54,Groceries_Daily,DEV_IN_OP12_045,OnePlus 12,Bengaluru,12.9716,77.5946,5805.92,14357.22,-0.376,0.07,1,1,0.01,0.0,0.0,0,1,0.0,0.0,0,0,normal_routine,0
TXN_UPI_102490,USR_4146,2025-01-21 09:28:00,1211.11,Utility_Bills,DEV_IN_SAMS23_056,Samsung Galaxy S23,Hyderabad,17.385,78.4867,13641.69,26121.66,-0.476,0.09,1,1,19.7667,0.0,0.0,0,0,0.0,0.0,0,0,normal_routine,0
TXN_UPI_101274,USR_4119,2025-01-21 09:38:00,1336.62,Utility_Bills,DEV_IN_OP12_029,OnePlus 12,Bengaluru,12.9716,77.5946,12130.84,18427.3,-0.586,0.11,1,1,24.6,0.0,0.0,0,0,0.0,0.0,0,0,normal_routine,0
TXN_UPI_101277,USR_4119,2025-01-21 09:41:00,413.76,Groceries_Daily,DEV_IN_OP12_029,OnePlus 12,Bengaluru,12.9716,77.5946,10084.81,17149.52,-0.564,0.04,1,1,0.01,0.0,0.0,0,1,0.0,0.0,0,0,normal_routine,0
TXN_UPI_103433,USR_4167,2025-01-21 09:48:00,330.52,Groceries_Daily,DEV_IN_XRN13_077,Xiaomi Redmi Note 13,Hyderabad,17.385,78.4867,12611.27,20276.2,-0.606,0.03,1,1,156.5667,0.0,0.0,0,0,0.0,0.0,0,0,normal_routine,0
TXN_UPI_101591,USR_4126,2025-01-21 09:57:00,1316.68,Utility_Bills,DEV_IN_OP12_036,OnePlus 12,Chennai,13.0827,80.2707,14340.08,29930.24,-0.435,0.09,1,1,61.7333,0.0,0.0,0,2,0.0,0.0,0,0,normal_routine,0
TXN_UPI_101592,USR_4126,2025-01-21 10:04:00,18089.39,Gaming_Crypto,DEV_CLONE_35,Virtual Android,Lagos,6.5244,3.3792,13526.11,29150.79,0.157,1.34,0,0,0.1167,8429.29,72251.06,0,3,3.0,1.28,1,1,impossible_travel_jump,1
TXN_UPI_101818,USR_4131,2025-01-21 11:35:00,368.14,Food_Dining,DEV_IN_OP12_041,OnePlus 12,Bengaluru,12.9716,77.5946,7345.45,14301.54,-0.488,0.05,1,1,85.7333,8140.55,94.95,0,6,0.0,0.0,0,0,normal_routine,0
TXN_UPI_100422,USR_4100,2025-01-21 11:41:00,1651.28,P2P_Transfer,DEV_IN_OP12_010,OnePlus 12,Pune,18.5204,73.8567,7958.5,19399.5,-0.325,0.21,1,1,41.55,0.0,0.0,0,0,0.0,0.0,0,0,normal_routine,0
TXN_UPI_102178,USR_4139,2025-01-21 11:49:00,359.68,Food_Dining,DEV_IN_OP12_049,OnePlus 12,Pune,18.5204,73.8567,2681.61,8017.96,-0.29,0.13,1,1,41.1167,0.0,0.0,0,3,0.0,0.0,0,0,normal_routine,0
TXN_UPI_103260,USR_4163,2025-01-21 12:42:00,6844.39,Travel_Ticketing,DEV_IN_XRN13_073,Xiaomi Redmi Note 13,Delhi,28.6139,77.209,6277.72,13454.23,0.042,1.09,1,1,0.01,1755.8,175579.74,0,1,0.0,0.0,1,0,benign_travel,0
TXN_UPI_100958,USR_4112,2025-01-21 13:02:00,419.25,Food_Dining,DEV_IN_SAMS23_022,Samsung Galaxy S23,Hyderabad,17.385,78.4867,1206.94,1598.58,-0.493,0.35,1,1,73.1167,0.0,0.0,0,0,0.0,0.0,0,0,normal_routine,0
TXN_UPI_101909,USR_4133,2025-01-21 13:07:00,1069.04,Utility_Bills,DEV_IN_IPH15_043,iPhone 15,Delhi,28.6139,77.209,6192.42,17412.27,-0.294,0.17,1,1,23.5833,0.0,0.0,0,4,0.0,0.0,0,0,normal_routine,0
TXN_UPI_102174,USR_4139,2025-01-21 13:19:00,689.99,P2P_Transfer,DEV_IN_OP12_049,OnePlus 12,Pune,18.5204,73.8567,578.58,454.36,0.245,1.19,1,1,184.1167,0.0,0.0,0,0,0.0,0.0,0,0,normal_routine,0
TXN_UPI_103261,USR_4163,2025-01-21 13:32:00,3905.16,Utility_Bills,DEV_IN_XRN13_073,Xiaomi Redmi Note 13,Chennai,13.0827,80.2707,6306.05,13114.14,-0.183,0.62,1,1,0.8333,1755.8,2106.96,0,2,0.0,0.0,1,0,normal_routine,0
TXN_UPI_101992,USR_4135,2025-01-21 13:33:00,20941.37,Food_Dining,DEV_IN_OP12_045,OnePlus 12,Bengaluru,12.9716,77.5946,5573.76,15968.58,0.962,3.76,1,1,186.2,0.0,0.0,0,0,0.0,0.0,0,0,benign_festive_spend,0
TXN_UPI_100694,USR_4106,2025-01-21 13:43:00,1063.5,Utility_Bills,DEV_IN_OP12_016,OnePlus 12,Pune,18.5204,73.8567,2168.9,4491.64,-0.246,0.49,1,1,0.01,0.0,0.0,0,1,0.0,0.0,0,0,normal_routine,0
TXN_UPI_102720,USR_4151,2025-01-21 13:46:00,262.75,Groceries_Daily,DEV_IN_SAMS23_061,Samsung Galaxy S23,Bengaluru,12.9716,77.5946,10536.38,21716.41,-0.473,0.02,1,1,0.01,0.0,0.0,0,4,0.0,0.0,0,0,normal_routine,0
TXN_UPI_103297,USR_4164,2025-01-21 13:48:00,5934.26,Travel_Ticketing,DEV_IN_IPH15_074,iPhone 15,Goa,15.2993,74.124,7987.74,19009.78,-0.108,0.74,1,1,196.6333,1514.09,7.7,0,0,0.0,0.0,0,0,benign_travel,0
TXN_UPI_102622,USR_4149,2025-01-21 13:52:00,263.21,Food_Dining,DEV_IN_SAMS23_059,Samsung Galaxy S23,Hyderabad,17.385,78.4867,8363.97,15825.39,-0.512,0.03,1,1,130.9833,0.0,0.0,0,0,0.0,0.0,0,0,normal_routine,0
TXN_UPI_100597,USR_4104,2025-01-21 14:55:00,9543.95,Travel_Ticketing,DEV_IN_OP12_014,OnePlus 12,Goa,15.2993,74.124,13375.92,25183.41,-0.152,0.71,1,1,140.6667,440.32,3.13,0,0,0.0,0.0,0,0,benign_travel,0
TXN_UPI_102895,USR_4155,2025-01-21 18:00:00,120.08,Food_Dining,DEV_IN_SAMS23_065,Samsung Galaxy S23,Hyderabad,17.385,78.4867,3620.26,6905.47,-0.507,0.03,1,1,32.3667,8215.23,253.82,0,0,0.0,0.0,0,0,normal_routine,0
TXN_UPI_100873,USR_4110,2025-01-21 18:32:00,1197.5,Utility_Bills,DEV_IN_OP12_020,OnePlus 12,Jaipur,26.9124,75.7873,1608.5,3759.27,-0.109,0.74,1,1,0.01,0.0,0.0,0,1,0.0,0.0,0,0,normal_routine,0
TXN_UPI_103394,USR_4166,2025-01-21 18:32:00,802.11,P2P_Transfer,DEV_IN_SAMS23_076,Samsung Galaxy S23,Bengaluru,12.9716,77.5946,8911.44,19807.79,-0.409,0.09,1,1,22.7,0.0,0.0,0,4,0.0,0.0,0,0,normal_routine,0
TXN_UPI_100920,USR_4111,2025-01-21 18:34:00,2799.26,Travel_Ticketing,DEV_IN_SAMS23_021,Samsung Galaxy S23,Goa,15.2993,74.124,10615.29,22751.24,-0.344,0.26,1,1,0.01,520.05,52004.67,0,1,0.0,0.0,1,0,benign_travel,0
TXN_UPI_100559,USR_4103,2025-01-21 18:37:00,400.69,Groceries_Daily,DEV_IN_SAMS23_013,Samsung Galaxy S23,Hyderabad,17.385,78.4867,6989.76,18463.82,-0.357,0.06,1,1,16.5333,0.0,0.0,0,2,0.0,0.0,0,0,normal_routine,0
TXN_UPI_102806,USR_4153,2025-01-21 18:38:00,563.12,Food_Dining,DEV_IN_XRN13_063,Xiaomi Redmi Note 13,Mumbai,19.076,72.8777,10660.37,19242.79,-0.525,0.05,1,1,142.5333,0.0,0.0,0,0,0.0,0.0,0,0,normal_routine,0
TXN_UPI_100372,USR_4099,2025-01-21 18:40:00,493.6,Utility_Bills,DEV_IN_XRN13_009,Xiaomi Redmi Note 13,Mumbai,19.076,72.8777,807.78,672.31,-0.467,0.61,1,1,118.7667,0.0,0.0,0,0,0.0,0.0,0,0,normal_routine,0
TXN_UPI_101098,USR_4115,2025-01-21 18:50:00,1273.07,P2P_Transfer,DEV_IN_XRN13_025,Xiaomi Redmi Note 13,Bengaluru,12.9716,77.5946,6546.65,19093.8,-0.276,0.19,1,1,0.01,0.0,0.0,0,2,0.0,0.0,0,0,normal_routine,0
TXN_UPI_101860,USR_4132,2025-01-21 18:50:00,138.84,Food_Dining,DEV_IN_OP12_042,OnePlus 12,Hyderabad,17.385,78.4867,1177.29,1644.63,-0.631,0.12,1,1,24.6333,0.0,0.0,0,3,0.0,0.0,0,0,normal_routine,0
TXN_UPI_103166,USR_4161,2025-01-21 19:01:00,2114.81,Gaming_Crypto,DEV_BURNER_70,Realme C11,Kolkata,22.5726,88.3639,8633.77,21374.74,-0.305,0.24,0,1,0.01,0.0,0.0,0,1,0.0,0.0,0,1,stealth_micro_fraud,1
TXN_UPI_102945,USR_4156,2025-01-21 19:02:00,863.17,P2P_Transfer,DEV_IN_SAMS23_066,Samsung Galaxy S23,Jaipur,26.9124,75.7873,2279.1,4784.85,-0.296,0.38,1,1,0.01,0.0,0.0,0,3,0.0,0.0,0,0,normal_routine,0
TXN_UPI_102946,USR_4156,2025-01-21 19:04:00,12368.91,Groceries_Daily,DEV_IN_NEW_066,Samsung Galaxy S24,Jaipur,26.9124,75.7873,2208.31,4673.89,2.174,5.6,0,1,0.0333,0.0,0.0,0,4,0.0,0.0,0,0,benign_new_device,0
TXN_UPI_100330,USR_4098,2025-01-21 19:08:00,259.18,Groceries_Daily,DEV_IN_IPH15_008,iPhone 15,Hyderabad,17.385,78.4867,5403.21,11911.33,-0.432,0.05,1,1,0.01,0.0,0.0,0,1,0.0,0.0,0,0,normal_routine,0
TXN_UPI_101185,USR_4117,2025-01-21 19:18:00,758.75,P2P_Transfer,DEV_IN_SAMS23_027,Samsung Galaxy S23,Kolkata,22.5726,88.3639,1607.88,2648.9,-0.321,0.47,1,1,0.01,0.0,0.0,0,1,0.0,0.0,0,0,normal_routine,0
TXN_UPI_101686,USR_4128,2025-01-21 19:27:00,1231.11,P2P_Transfer,DEV_IN_SAMS23_038,Samsung Galaxy S23,Bengaluru,12.9716,77.5946,5937.42,15594.57,-0.302,0.21,1,1,0.01,0.0,0.0,0,1,0.0,0.0,0,0,normal_routine,0
TXN_UPI_103163,USR_4161,2025-01-21 19:31:00,1441.47,P2P_Transfer,DEV_IN_OP12_071,OnePlus 12,Kolkata,22.5726,88.3639,959.15,1206.75,0.4,1.5,1,1,81.7833,0.0,0.0,0,0,0.0,0.0,0,0,normal_routine,0
TXN_UPI_100733,USR_4107,2025-01-21 19:35:00,460.88,Groceries_Daily,DEV_IN_OP12_017,OnePlus 12,Chennai,13.0827,80.2707,11905.39,18547.41,-0.617,0.04,1,1,149.6833,0.0,0.0,0,0,0.0,0.0,0,0,normal_routine,0
TXN_UPI_101184,USR_4117,2025-01-21 19:40:00,244.4,Groceries_Daily,DEV_IN_SAMS23_027,Samsung Galaxy S23,Kolkata,22.5726,88.3639,1712.77,2720.73,-0.54,0.14,1,1,72.2833,0.0,0.0,0,0,0.0,0.0,0,0,normal_routine,0
TXN_UPI_100827,USR_4109,2025-01-21 19:45:00,939.14,P2P_Transfer,DEV_IN_IPH15_019,iPhone 15,Pune,18.5204,73.8567,9780.92,19657.48,-0.45,0.1,1,1,53.7667,0.0,0.0,0,0,0.0,0.0,0,0,normal_routine,0
TXN_UPI_100287,USR_4097,2025-01-21 19:49:00,845.05,P2P_Transfer,DEV_IN_XRN13_007,Xiaomi Redmi Note 13,Delhi,28.6139,77.209,5951.04,12576.0,-0.406,0.14,1,1,0.01,0.0,0.0,0,1,0.0,0.0,0,0,normal_routine,0
TXN_UPI_103301,USR_4164,2025-01-21 20:10:00,252.47,Groceries_Daily,DEV_IN_IPH15_074,iPhone 15,Delhi,28.6139,77.209,10426.45,19869.57,-0.512,0.02,1,1,0.01,0.0,0.0,0,1,0.0,0.0,0,0,normal_routine,0
TXN_UPI_101949,USR_4134,2025-01-21 20:11:00,286.2,Groceries_Daily,DEV_IN_OP12_044,OnePlus 12,Chennai,13.0827,80.2707,5266.27,11373.24,-0.438,0.05,1,1,144.2667,0.0,0.0,0,0,0.0,0.0,0,0,normal_routine,0
TXN_UPI_103298,USR_4164,2025-01-21 20:14:00,52314.86,Food_Dining,DEV_IN_IPH15_074,iPhone 15,Delhi,28.6139,77.209,7816.62,18209.33,2.444,6.69,1,1,6.4333,1514.09,235.35,0,0,0.0,0.0,0,0,benign_festive_spend,0
TXN_UPI_103210,USR_4162,2025-01-21 20:16:00,218.06,Food_Dining,DEV_IN_XRN13_072,Xiaomi Redmi Note 13,Bengaluru,12.9716,77.5946,11006.07,22763.52,-0.474,0.02,1,1,24.0833,0.0,0.0,0,0,0.0,0.0,0,0,normal_routine,0
TXN_UPI_100912,USR_4111,2025-01-21 20:19:00,303.33,Groceries_Daily,DEV_IN_SAMS23_021,Samsung Galaxy S23,Hyderabad,17.385,78.4867,9389.07,19584.85,-0.464,0.03,1,1,167.05,0.0,0.0,0,0,0.0,0.0,0,0,normal_routine,0
TXN_UPI_100735,USR_4107,2025-01-21 20:21:00,162.37,Gaming_Crypto,DEV_BURNER_16,Xiaomi Redmi 9A,Chennai,13.0827,80.2707,10664.38,17469.67,-0.601,0.02,0,1,43.1,0.0,0.0,0,2,0.0,0.0,0,1,stealth_micro_fraud,1
TXN_UPI_101638,USR_4127,2025-01-21 20:24:00,470.72,Groceries_Daily,DEV_IN_XRN13_037,Xiaomi Redmi Note 13,Mumbai,19.076,72.8777,12185.43,25038.13,-0.468,0.04,1,1,0.01,1148.09,114809.49,0,1,0.0,0.0,1,0,normal_routine,0
TXN_UPI_100741,USR_4107,2025-01-21 20:26:00,226.03,Groceries_Daily,DEV_IN_OP12_017,OnePlus 12,Chennai,13.0827,80.2707,7701.95,15306.41,-0.488,0.03,1,1,0.01,0.0,0.0,0,1,0.0,0.0,0,0,normal_routine,0
TXN_UPI_100243,USR_4096,2025-01-21 20:45:00,1660.21,Utility_Bills,DEV_IN_SAMS23_006,Samsung Galaxy S23,Jaipur,26.9124,75.7873,715.48,554.95,1.702,2.32,1,1,0.01,0.0,0.0,0,1,0.0,0.0,0,0,normal_routine,0
TXN_UPI_100645,USR_4105,2025-01-21 20:45:00,38876.55,Groceries_Daily,DEV_IN_NEW_015,Samsung Galaxy S24,Mumbai,19.076,72.8777,9101.27,18837.98,1.581,4.27,0,1,170.5167,0.0,0.0,0,0,0.0,0.0,0,0,benign_new_device,0
TXN_UPI_101007,USR_4113,2025-01-21 20:46:00,411.59,Food_Dining,DEV_IN_OP12_023,OnePlus 12,Delhi,28.6139,77.209,3375.53,6683.36,-0.443,0.12,1,1,33.6167,0.0,0.0,0,0,0.0,0.0,0,0,normal_routine,0
TXN_UPI_102941,USR_4156,2025-01-21 20:47:00,249.04,Groceries_Daily,DEV_IN_SAMS23_066,Samsung Galaxy S23,Jaipur,26.9124,75.7873,1594.97,3284.59,-0.41,0.16,1,1,74.6833,0.0,0.0,0,0,0.0,0.0,0,0,normal_routine,0
TXN_UPI_101857,USR_4132,2025-01-21 20:50:00,1279.94,Utility_Bills,DEV_IN_OP12_042,OnePlus 12,Hyderabad,17.385,78.4867,1304.5,1822.84,-0.013,0.98,1,1,50.1667,0.0,0.0,0,0,0.0,0.0,0,0,normal_routine,0
TXN_UPI_103439,USR_4167,2025-01-21 20:54:00,275.71,Food_Dining,DEV_IN_XRN13_077,Xiaomi Redmi Note 13,Hyderabad,17.385,78.4867,10443.43,18109.78,-0.561,0.03,1,1,54.9833,0.0,0.0,0,0,0.0,0.0,0,0,normal_routine,0
TXN_UPI_103572,USR_4170,2025-01-21 21:02:00,822.99,P2P_Transfer,DEV_IN_IPH15_080,iPhone 15,Chennai,13.0827,80.2707,3584.2,8585.08,-0.322,0.23,1,1,103.05,0.0,0.0,0,2,0.0,0.0,0,0,normal_routine,0
TXN_UPI_103342,USR_4165,2025-01-21 21:03:00,470.89,Food_Dining,DEV_IN_IPH15_075,iPhone 15,Bengaluru,12.9716,77.5946,9133.73,21485.78,-0.403,0.05,1,1,191.3667,0.0,0.0,0,0,0.0,0.0,0,0,normal_routine,0
TXN_UPI_103526,USR_4169,2025-01-21 21:10:00,321.66,Groceries_Daily,DEV_IN_IPH15_079,iPhone 15,Kolkata,22.5726,88.3639,5311.84,11863.41,-0.421,0.06,1,1,0.01,0.0,0.0,0,1,0.0,0.0,0,0,normal_routine,0
TXN_UPI_101812,USR_4131,2025-01-21 21:11:00,685.43,Utility_Bills,DEV_IN_OP12_041,OnePlus 12,Bengaluru,12.9716,77.5946,3815.34,9558.3,-0.327,0.18,1,1,95.3667,8140.55,85.36,0,0,0.0,0.0,0,0,normal_routine,0
TXN_UPI_102265,USR_4141,2025-01-21 21:22:00,47509.69,Jewelry_Luxury,DEV_IN_OP12_051,OnePlus 12,Hyderabad,17.385,78.4867,1232.48,1746.21,26.502,38.55,1,1,0.01,0.0,0.0,0,1,0.0,0.0,0,0,benign_festive_spend,0
TXN_UPI_101412,USR_4122,2025-01-21 21:31:00,1053.52,Utility_Bills,DEV_IN_XRN13_032,Xiaomi Redmi Note 13,Delhi,28.6139,77.209,6615.55,13120.86,-0.424,0.16,1,1,0.01,0.0,0.0,0,1,0.0,0.0,0,0,normal_routine,0
TXN_UPI_101995,USR_4135,2025-01-21 21:50:00,150.41,Food_Dining,DEV_IN_OP12_045,OnePlus 12,Bengaluru,12.9716,77.5946,6209.89,14778.55,-0.41,0.02,1,1,82.4,0.0,0.0,0,0,0.0,0.0,0,0,normal_routine,0
TXN_UPI_103348,USR_4165,2025-01-21 21:57:00,1331.49,Utility_Bills,DEV_IN_IPH15_075,iPhone 15,Bengaluru,12.9716,77.5946,6209.32,17738.38,-0.275,0.21,1,1,26.15,0.0,0.0,0,6,0.0,0.0,0,0,normal_routine,0
TXN_UPI_101731,USR_4129,2025-01-21 23:17:00,121.36,Gaming_Crypto,DEV_BOTNET_38,Automated Script Bot,Bengaluru,12.9716,77.5946,6087.07,12124.49,-0.492,0.02,0,1,0.01,1561.54,156153.6,0,15,2.0,0.0,1,1,credential_stuffing_burst,1
TXN_UPI_101094,USR_4115,2025-01-21 23:29:00,7316.09,Travel_Ticketing,DEV_IN_XRN13_025,Xiaomi Redmi Note 13,Goa,15.2993,74.124,7922.41,21584.21,-0.028,0.92,1,1,101.2,454.99,4.5,0,0,0.0,0.0,0,0,benign_travel,0
TXN_UPI_100736,USR_4107,2025-01-21 23:50:00,204.54,Gaming_Crypto,DEV_BOTNET_16,Automated Script Bot,Chennai,13.0827,80.2707,9964.25,17079.4,-0.571,0.02,0,1,3.4833,0.0,0.0,0,14,0.0,0.0,0,1,credential_stuffing_burst,1
TXN_UPI_100014,USR_4091,2025-01-21 23:51:00,6016.3,Travel_Ticketing,DEV_IN_IPH15_001,iPhone 15,Delhi,28.6139,77.209,8283.9,25584.06,-0.089,0.73,1,1,75.5167,1739.8,23.04,0,0,0.0,0.0,0,0,benign_travel,0
TXN_UPI_102670,USR_4150,2025-01-22 01:01:00,8844.2,Travel_Ticketing,DEV_IN_SAMS23_060,Samsung Galaxy S23,Jaipur,26.9124,75.7873,8526.71,16306.63,0.019,1.04,1,1,0.01,920.74,92074.24,1,1,0.0,0.0,1,0,benign_travel,0
TXN_UPI_101768,USR_4130,2025-01-22 01:11:00,437.99,P2P_Transfer,DEV_IN_SAMS23_040,Samsung Galaxy S23,Pune,18.5204,73.8567,10871.52,23564.06,-0.443,0.04,1,1,52.8833,0.0,0.0,1,0,0.0,0.0,0,0,emergency_nocturnal_legit,0
TXN_UPI_102676,USR_4150,2025-01-22 02:29:00,1957.46,P2P_Transfer,DEV_IN_SAMS23_060,Samsung Galaxy S23,Mumbai,19.076,72.8777,7366.65,14023.29,-0.386,0.27,1,1,0.01,0.0,0.0,1,2,0.0,0.0,0,0,emergency_nocturnal_legit,0
TXN_UPI_101322,USR_4120,2025-01-22 03:03:00,16433.04,Travel_Ticketing,DEV_IN_OP12_030,OnePlus 12,Delhi,28.6139,77.209,6497.32,15290.84,0.65,2.53,1,1,0.01,1303.83,130383.35,1,1,0.0,0.0,1,0,benign_travel,0
TXN_UPI_102225,USR_4140,2025-01-22 03:54:00,4122.19,Food_Dining,DEV_IN_XRN13_050,Xiaomi Redmi Note 13,Chennai,13.0827,80.2707,4138.44,11986.87,-0.001,1.0,1,1,0.01,0.0,0.0,1,2,0.0,0.0,0,0,emergency_nocturnal_legit,0
TXN_UPI_101230,USR_4118,2025-01-22 04:22:00,5805.52,Utility_Bills,DEV_IN_IPH15_028,iPhone 15,Hyderabad,17.385,78.4867,6514.44,18534.5,-0.038,0.89,1,1,30.4667,0.0,0.0,1,0,0.0,0.0,0,0,emergency_nocturnal_legit,0
TXN_UPI_101588,USR_4126,2025-01-22 04:37:00,97102.13,P2P_Transfer,DEV_ROGUE_EMU_35,Linux Cloud Emulator,Chennai,13.0827,80.2707,9771.08,22261.57,3.923,9.94,0,1,33.3,0.0,0.0,1,0,1.5,2.87,0,1,hostile_account_takeover,1
TXN_UPI_101774,USR_4130,2025-01-22 04:59:00,36418.51,P2P_Transfer,DEV_ROGUE_EMU_39,Linux Cloud Emulator,Pune,18.5204,73.8567,8285.54,19798.91,1.421,4.4,0,1,39.4167,0.0,0.0,1,5,1.5,2.02,0,1,hostile_account_takeover,1
TXN_UPI_100918,USR_4111,2025-01-22 08:00:00,126.09,Groceries_Daily,DEV_IN_SAMS23_021,Samsung Galaxy S23,Hyderabad,17.385,78.4867,11747.27,23796.08,-0.488,0.01,1,1,68.8,0.0,0.0,0,2,0.0,0.0,0,0,normal_routine,0
TXN_UPI_101589,USR_4126,2025-01-22 08:06:00,112.79,Food_Dining,DEV_IN_OP12_036,OnePlus 12,Chennai,13.0827,80.2707,16488.85,31606.93,-0.518,0.01,1,1,3.4833,0.0,0.0,0,0,0.0,0.0,0,0,normal_routine,0
TXN_UPI_100868,USR_4110,2025-01-22 08:33:00,439.81,Groceries_Daily,DEV_IN_OP12_020,OnePlus 12,Jaipur,26.9124,75.7873,1952.03,4404.53,-0.343,0.23,1,1,201.3167,1302.74,6.47,0,0,0.0,0.0,0,0,normal_routine,0
TXN_UPI_102180,USR_4139,2025-01-22 08:55:00,274.73,Food_Dining,DEV_IN_OP12_049,OnePlus 12,Pune,18.5204,73.8567,3837.36,9354.08,-0.381,0.07,1,1,0.01,0.0,0.0,0,1,0.0,0.0,0,0,normal_routine,0
TXN_UPI_102533,USR_4147,2025-01-22 08:58:00,1491.73,Utility_Bills,DEV_IN_XRN13_057,Xiaomi Redmi Note 13,Pune,18.5204,73.8567,11553.7,23921.51,-0.421,0.13,1,1,227.6667,0.0,0.0,0,0,0.0,0.0,0,0,normal_routine,0
TXN_UPI_102219,USR_4140,2025-01-22 09:02:00,1209.42,Utility_Bills,DEV_IN_XRN13_050,Xiaomi Redmi Note 13,Chennai,13.0827,80.2707,5809.4,14181.05,-0.324,0.21,1,1,132.4167,0.0,0.0,0,0,0.0,0.0,0,0,normal_routine,0
TXN_UPI_101597,USR_4126,2025-01-22 09:08:00,26763.84,Food_Dining,DEV_IN_NEW_036,Samsung Galaxy S24,Chennai,13.0827,80.2707,11399.89,25947.15,0.592,2.35,0,1,0.01,0.0,0.0,0,4,0.0,0.0,0,0,benign_new_device,0
TXN_UPI_101462,USR_4123,2025-01-22 09:20:00,1642.43,Utility_Bills,DEV_IN_OP12_033,OnePlus 12,Chennai,13.0827,80.2707,4620.45,10599.48,-0.281,0.36,1,1,0.01,0.0,0.0,0,4,0.0,0.0,0,0,normal_routine,0
TXN_UPI_100961,USR_4112,2025-01-22 09:24:00,989.94,Utility_Bills,DEV_IN_SAMS23_022,Samsung Galaxy S23,Hyderabad,17.385,78.4867,1037.56,1470.41,-0.032,0.95,1,1,0.01,0.0,0.0,0,2,0.0,0.0,0,0,normal_routine,0
TXN_UPI_101639,USR_4127,2025-01-22 09:28:00,1094.3,Utility_Bills,DEV_IN_XRN13_037,Xiaomi Redmi Note 13,Mumbai,19.076,72.8777,11534.61,24480.21,-0.426,0.09,1,1,13.0667,0.0,0.0,0,2,0.0,0.0,0,0,normal_routine,0
TXN_UPI_102624,USR_4149,2025-01-22 09:28:00,627.45,P2P_Transfer,DEV_IN_SAMS23_059,Samsung Galaxy S23,Hyderabad,17.385,78.4867,7113.52,14849.69,-0.437,0.09,1,1,207.0167,0.0,0.0,0,0,0.0,0.0,0,0,normal_routine,0
TXN_UPI_101366,USR_4121,2025-01-22 09:29:00,424.45,Groceries_Daily,DEV_IN_OP12_031,OnePlus 12,Kolkata,22.5726,88.3639,7057.82,16533.39,-0.401,0.06,1,1,84.6833,0.0,0.0,0,0,0.0,0.0,0,0,normal_routine,0
TXN_UPI_103396,USR_4166,2025-01-22 09:46:00,447.78,Utility_Bills,DEV_IN_SAMS23_076,Samsung Galaxy S23,Bengaluru,12.9716,77.5946,8119.72,18940.92,-0.405,0.06,1,1,0.01,0.0,0.0,0,1,0.0,0.0,0,0,normal_routine,0
TXN_UPI_101911,USR_4133,2025-01-22 09:50:00,1156.78,Utility_Bills,DEV_IN_IPH15_043,iPhone 15,Delhi,28.6139,77.209,5648.67,16599.38,-0.271,0.2,1,1,0.01,0.0,0.0,0,1,0.0,0.0,0,0,normal_routine,0
TXN_UPI_103256,USR_4163,2025-01-22 09:52:00,1795.26,Utility_Bills,DEV_IN_XRN13_073,Xiaomi Redmi Note 13,Chennai,13.0827,80.2707,5827.82,13693.16,-0.294,0.31,1,1,68.0,0.0,0.0,0,2,0.0,0.0,0,0,normal_routine,0
TXN_UPI_102227,USR_4140,2025-01-22 11:19:00,612.17,Food_Dining,DEV_IN_XRN13_050,Xiaomi Redmi Note 13,Chennai,13.0827,80.2707,3951.71,11432.06,-0.292,0.15,1,1,0.01,0.0,0.0,0,4,0.0,0.0,0,0,normal_routine,0
TXN_UPI_100196,USR_4095,2025-01-22 11:29:00,1247.27,P2P_Transfer,DEV_IN_IPH15_005,iPhone 15,Kolkata,22.5726,88.3639,21237.54,27273.65,-0.733,0.06,1,1,0.01,0.0,0.0,0,1,0.0,0.0,0,0,normal_routine,0
TXN_UPI_101237,USR_4118,2025-01-22 11:29:00,709.35,P2P_Transfer,DEV_IN_IPH15_028,iPhone 15,Hyderabad,17.385,78.4867,6107.55,15572.53,-0.347,0.12,1,1,0.01,0.0,0.0,0,5,0.0,0.0,0,0,normal_routine,0
TXN_UPI_102311,USR_4142,2025-01-22 11:35:00,1807.16,Utility_Bills,DEV_IN_IPH15_052,iPhone 15,Hyderabad,17.385,78.4867,3084.17,7523.44,-0.17,0.59,1,1,88.7333,0.0,0.0,0,0,0.0,0.0,0,0,normal_routine,0
TXN_UPI_100154,USR_4094,2025-01-22 11:42:00,916.31,P2P_Transfer,DEV_IN_SAMS23_004,Samsung Galaxy S23,Bengaluru,12.9716,77.5946,6649.59,16020.64,-0.358,0.14,1,1,56.65,0.0,0.0,0,5,0.0,0.0,0,0,normal_routine,0
TXN_UPI_102985,USR_4157,2025-01-22 11:42:00,411.15,Groceries_Daily,DEV_IN_SAMS23_067,Samsung Galaxy S23,Jaipur,26.9124,75.7873,4280.61,10451.07,-0.37,0.1,1,1,103.5333,0.0,0.0,0,0,0.0,0.0,0,0,normal_routine,0
TXN_UPI_103350,USR_4165,2025-01-22 11:43:00,1079.08,Utility_Bills,DEV_IN_IPH15_075,iPhone 15,Bengaluru,12.9716,77.5946,9762.82,23366.49,-0.372,0.11,1,1,38.7167,0.0,0.0,0,0,0.0,0.0,0,0,normal_routine,0
TXN_UPI_103258,USR_4163,2025-01-22 11:59:00,29369.87,Jewelry_Luxury,DEV_IN_XRN13_073,Xiaomi Redmi Note 13,Chennai,13.0827,80.2707,5259.15,12959.34,1.86,5.58,1,1,0.01,0.0,0.0,0,4,0.0,0.0,0,0,benign_festive_spend,0
TXN_UPI_103257,USR_4163,2025-01-22 13:04:00,193.0,Groceries_Daily,DEV_IN_XRN13_073,Xiaomi Redmi Note 13,Chennai,13.0827,80.2707,5575.78,13294.23,-0.405,0.03,1,1,3.2,0.0,0.0,0,3,0.0,0.0,0,0,normal_routine,0
TXN_UPI_101461,USR_4123,2025-01-22 13:05:00,1420.13,Utility_Bills,DEV_IN_OP12_033,OnePlus 12,Chennai,13.0827,80.2707,4780.46,10836.45,-0.31,0.3,1,1,41.6667,0.0,0.0,0,3,0.0,0.0,0,0,normal_routine,0
TXN_UPI_103351,USR_4165,2025-01-22 13:08:00,1596.41,Utility_Bills,DEV_IN_IPH15_075,iPhone 15,Bengaluru,12.9716,77.5946,9328.63,22853.34,-0.338,0.17,1,1,1.4167,0.0,0.0,0,0,0.0,0.0,0,0,normal_routine,0
TXN_UPI_101723,USR_4129,2025-01-22 13:18:00,241.26,Food_Dining,DEV_IN_SAMS23_039,Samsung Galaxy S23,Bengaluru,12.9716,77.5946,5741.5,12287.32,-0.448,0.04,1,1,40.4833,0.0,0.0,0,0,0.0,0.0,0,0,normal_routine,0
TXN_UPI_100555,USR_4103,2025-01-22 13:22:00,634.98,P2P_Transfer,DEV_IN_SAMS23_013,Samsung Galaxy S23,Hyderabad,17.385,78.4867,1958.88,4397.82,-0.301,0.32,1,1,52.6667,0.0,0.0,0,0,0.0,0.0,0,0,normal_routine,0
TXN_UPI_100374,USR_4099,2025-01-22 13:23:00,1370.23,P2P_Transfer,DEV_IN_XRN13_009,Xiaomi Redmi Note 13,Mumbai,19.076,72.8777,836.49,652.37,0.818,1.64,1,1,76.4,0.0,0.0,0,0,0.0,0.0,0,0,normal_routine,0
TXN_UPI_100870,USR_4110,2025-01-22 13:30:00,2203.92,Travel_Ticketing,DEV_IN_OP12_020,OnePlus 12,Goa,15.2993,74.124,1720.93,4117.1,0.117,1.28,1,1,120.25,1302.74,10.83,0,0,0.0,0.0,0,0,benign_travel,0
TXN_UPI_102403,USR_4144,2025-01-22 13:59:00,326.09,Food_Dining,DEV_IN_OP12_054,OnePlus 12,Jaipur,26.9124,75.7873,5202.4,12106.5,-0.403,0.06,1,1,0.01,0.0,0.0,0,1,0.0,0.0,0,0,normal_routine,0
TXN_UPI_100598,USR_4104,2025-01-22 15:55:00,17643.14,Travel_Ticketing,DEV_IN_OP12_014,OnePlus 12,Jaipur,26.9124,75.7873,13056.59,24134.53,0.19,1.35,1,1,25.0,1302.74,52.11,0,0,0.0,0.0,0,0,benign_travel,0
TXN_UPI_101730,USR_4129,2025-01-22 17:01:00,12839.38,Travel_Ticketing,DEV_IN_SAMS23_039,Samsung Galaxy S23,Jaipur,26.9124,75.7873,5731.69,12337.52,0.576,2.24,1,1,43.9167,1561.54,35.56,0,5,0.0,0.0,0,0,benign_travel,0
TXN_UPI_100058,USR_4092,2025-01-22 18:01:00,552.76,Groceries_Daily,DEV_IN_OP12_002,OnePlus 12,Kolkata,22.5726,88.3639,5449.67,9023.96,-0.543,0.1,1,1,239.3667,0.0,0.0,0,0,0.0,0.0,0,0,normal_routine,0
TXN_UPI_101727,USR_4129,2025-01-22 18:05:00,215.04,Groceries_Daily,DEV_IN_SAMS23_039,Samsung Galaxy S23,Bengaluru,12.9716,77.5946,6607.87,13257.92,-0.482,0.03,1,1,0.01,0.0,0.0,0,2,0.0,0.0,0,0,normal_routine,0
TXN_UPI_100016,USR_4091,2025-01-22 18:11:00,199.92,Food_Dining,DEV_IN_IPH15_001,iPhone 15,Bengaluru,12.9716,77.5946,7658.9,23887.06,-0.312,0.03,1,1,165.55,0.0,0.0,0,0,0.0,0.0,0,0,normal_routine,0
TXN_UPI_102269,USR_4141,2025-01-22 18:14:00,158.52,Food_Dining,DEV_IN_OP12_051,OnePlus 12,Hyderabad,17.385,78.4867,3665.85,10749.04,-0.326,0.04,1,1,0.01,0.0,0.0,0,1,0.0,0.0,0,0,normal_routine,0
TXN_UPI_100288,USR_4097,2025-01-22 18:17:00,14635.91,Travel_Ticketing,DEV_IN_XRN13_007,Xiaomi Redmi Note 13,Goa,15.2993,74.124,5650.69,12259.52,0.733,2.59,1,1,22.4667,1514.09,67.39,0,2,0.0,0.0,0,0,benign_travel,0
TXN_UPI_102857,USR_4154,2025-01-22 18:35:00,14097.32,Travel_Ticketing,DEV_IN_IPH15_064,iPhone 15,Jaipur,26.9124,75.7873,10166.13,18182.09,0.216,1.39,1,1,0.01,1607.1,160709.92,0,3,0.0,0.0,1,0,benign_travel,0
TXN_UPI_103169,USR_4161,2025-01-22 18:37:00,955.05,P2P_Transfer,DEV_IN_OP12_071,OnePlus 12,Kolkata,22.5726,88.3639,7483.99,19683.72,-0.332,0.13,1,1,69.4,0.0,0.0,0,2,0.0,0.0,0,0,normal_routine,0
TXN_UPI_101012,USR_4113,2025-01-22 18:41:00,8090.13,Travel_Ticketing,DEV_IN_OP12_023,OnePlus 12,Mumbai,19.076,72.8777,2695.77,5961.99,0.905,3.0,1,1,0.01,1148.09,114809.49,0,1,0.0,0.0,1,0,benign_travel,0
TXN_UPI_103389,USR_4166,2025-01-22 18:52:00,78245.21,Jewelry_Luxury,DEV_IN_SAMS23_076,Samsung Galaxy S23,Bengaluru,12.9716,77.5946,6155.22,12010.36,6.002,12.71,1,1,177.2333,0.0,0.0,0,0,0.0,0.0,0,0,benign_festive_spend,0
TXN_UPI_102399,USR_4144,2025-01-22 18:59:00,562.4,P2P_Transfer,DEV_IN_OP12_054,OnePlus 12,Jaipur,26.9124,75.7873,6650.95,13518.19,-0.45,0.08,1,1,0.01,0.0,0.0,0,1,0.0,0.0,0,0,normal_routine,0
TXN_UPI_101999,USR_4135,2025-01-22 19:01:00,179.9,Food_Dining,DEV_IN_OP12_045,OnePlus 12,Bengaluru,12.9716,77.5946,5021.45,13224.75,-0.366,0.04,1,1,55.1167,0.0,0.0,0,0,0.0,0.0,0,0,normal_routine,0
TXN_UPI_102358,USR_4143,2025-01-22 19:12:00,1643.95,Gaming_Crypto,DEV_BURNER_52,Itel A50 Burner,Pune,18.5204,73.8567,5354.19,17512.69,-0.212,0.31,0,1,70.8833,0.0,0.0,0,0,0.0,0.0,0,1,stealth_micro_fraud,1
TXN_UPI_100649,USR_4105,2025-01-22 19:15:00,53260.17,Jewelry_Luxury,DEV_IN_SAMS23_015,Samsung Galaxy S23,Mumbai,19.076,72.8777,9347.39,18360.62,2.392,5.7,1,1,0.01,0.0,0.0,0,1,0.0,0.0,0,0,benign_festive_spend,0
TXN_UPI_101596,USR_4126,2025-01-22 19:20:00,134.87,Food_Dining,DEV_IN_OP12_036,OnePlus 12,Chennai,13.0827,80.2707,11963.14,26462.33,-0.447,0.01,1,1,0.01,0.0,0.0,0,3,0.0,0.0,0,0,normal_routine,0
TXN_UPI_100152,USR_4094,2025-01-22 19:22:00,1376.97,P2P_Transfer,DEV_IN_SAMS23_004,Samsung Galaxy S23,Bengaluru,12.9716,77.5946,7382.07,16848.49,-0.356,0.19,1,1,34.8167,0.0,0.0,0,3,0.0,0.0,0,0,normal_routine,0
TXN_UPI_102002,USR_4135,2025-01-22 19:22:00,1640.57,Utility_Bills,DEV_IN_OP12_045,OnePlus 12,Bengaluru,12.9716,77.5946,4397.97,12339.28,-0.223,0.37,1,1,0.01,0.0,0.0,0,1,0.0,0.0,0,0,normal_routine,0
TXN_UPI_100510,USR_4102,2025-01-22 19:23:00,242.87,Groceries_Daily,DEV_IN_SAMS23_012,Samsung Galaxy S23,Hyderabad,17.385,78.4867,1805.11,2742.09,-0.57,0.13,1,1,0.01,0.0,0.0,0,1,0.0,0.0,0,0,normal_routine,0
TXN_UPI_101454,USR_4123,2025-01-22 19:24:00,784.28,P2P_Transfer,DEV_IN_OP12_033,OnePlus 12,Chennai,13.0827,80.2707,4164.86,9515.44,-0.355,0.19,1,1,141.5167,0.0,0.0,0,0,0.0,0.0,0,0,normal_routine,0
TXN_UPI_101544,USR_4125,2025-01-22 19:32:00,533.96,Groceries_Daily,DEV_IN_OP12_035,OnePlus 12,Pune,18.5204,73.8567,7308.84,19401.48,-0.349,0.07,1,1,54.0167,0.0,0.0,0,0,0.0,0.0,0,0,normal_routine,0
TXN_UPI_102536,USR_4147,2025-01-22 19:38:00,149.61,Food_Dining,DEV_IN_XRN13_057,Xiaomi Redmi Note 13,Pune,18.5204,73.8567,10316.36,21712.16,-0.468,0.01,1,1,95.3833,0.0,0.0,0,0,0.0,0.0,0,0,normal_routine,0
TXN_UPI_100375,USR_4099,2025-01-22 19:42:00,43448.92,Electronics_Gadgets,DEV_IN_NEW_009,Samsung Galaxy S24,Mumbai,19.076,72.8777,874.62,643.49,66.162,49.68,0,1,6.3167,0.0,0.0,0,0,0.0,0.0,0,0,benign_new_device,0
TXN_UPI_102896,USR_4155,2025-01-22 19:45:00,288.37,Groceries_Daily,DEV_IN_SAMS23_065,Samsung Galaxy S23,Hyderabad,17.385,78.4867,3386.91,6728.21,-0.461,0.09,1,1,25.75,0.0,0.0,0,0,0.0,0.0,0,0,normal_routine,0
TXN_UPI_102045,USR_4136,2025-01-22 19:55:00,426.36,Food_Dining,DEV_IN_SAMS23_046,Samsung Galaxy S23,Pune,18.5204,73.8567,2490.97,5818.05,-0.355,0.17,1,1,0.01,0.0,0.0,0,4,0.0,0.0,0,0,normal_routine,0
TXN_UPI_100960,USR_4112,2025-01-22 19:58:00,190.3,Groceries_Daily,DEV_IN_SAMS23_022,Samsung Galaxy S23,Hyderabad,17.385,78.4867,1098.08,1503.86,-0.604,0.17,1,1,0.01,0.0,0.0,0,1,0.0,0.0,0,0,normal_routine,0
TXN_UPI_102398,USR_4144,2025-01-22 20:00:00,1001.41,Gaming_Crypto,DEV_BURNER_53,Realme C11,Jaipur,26.9124,75.7873,7121.74,13967.41,-0.438,0.14,0,1,48.05,0.0,0.0,0,0,0.0,0.0,0,1,stealth_micro_fraud,1
TXN_UPI_102129,USR_4138,2025-01-22 20:14:00,48019.63,Electronics_Gadgets,DEV_IN_IPH15_048,iPhone 15,Delhi,28.6139,77.209,8789.47,19324.76,2.03,5.46,1,1,83.1167,0.0,0.0,0,0,0.0,0.0,0,0,benign_festive_spend,0
TXN_UPI_102855,USR_4154,2025-01-22 20:16:00,65032.2,Food_Dining,DEV_IN_IPH15_064,iPhone 15,Chennai,13.0827,80.2707,7808.69,14001.84,4.087,8.33,1,1,0.01,0.0,0.0,0,1,0.0,0.0,0,0,benign_festive_spend,0
TXN_UPI_103568,USR_4170,2025-01-22 20:29:00,415.51,Food_Dining,DEV_IN_IPH15_080,iPhone 15,Chennai,13.0827,80.2707,4289.47,9802.4,-0.395,0.1,1,1,44.8833,1755.8,39.12,0,0,0.0,0.0,0,0,normal_routine,0
TXN_UPI_102812,USR_4153,2025-01-22 20:32:00,217.57,Food_Dining,DEV_IN_XRN13_063,Xiaomi Redmi Note 13,Mumbai,19.076,72.8777,7788.0,16886.05,-0.448,0.03,1,1,0.01,0.0,0.0,0,2,0.0,0.0,0,0,normal_routine,0
TXN_UPI_102767,USR_4152,2025-01-22 20:35:00,1932.68,P2P_Transfer,DEV_IN_OP12_062,OnePlus 12,Bengaluru,12.9716,77.5946,3391.57,9123.54,-0.16,0.57,1,1,0.01,0.0,0.0,0,3,0.0,0.0,0,0,normal_routine,0
TXN_UPI_100916,USR_4111,2025-01-22 20:41:00,1470.08,P2P_Transfer,DEV_IN_SAMS23_021,Samsung Galaxy S23,Hyderabad,17.385,78.4867,7787.2,17186.02,-0.368,0.19,1,1,121.9333,0.0,0.0,0,0,0.0,0.0,0,0,normal_routine,0
TXN_UPI_102584,USR_4148,2025-01-22 20:48:00,179.8,Food_Dining,DEV_IN_XRN13_058,Xiaomi Redmi Note 13,Pune,18.5204,73.8567,8569.42,19476.01,-0.431,0.02,1,1,0.01,0.0,0.0,0,2,0.0,0.0,0,0,normal_routine,0
TXN_UPI_103480,USR_4168,2025-01-22 20:48:00,25838.13,Food_Dining,DEV_IN_XRN13_078,Xiaomi Redmi Note 13,Pune,18.5204,73.8567,2111.25,3856.25,6.153,12.24,1,1,0.01,0.0,0.0,0,1,0.0,0.0,0,0,benign_festive_spend,0
TXN_UPI_101101,USR_4115,2025-01-22 21:01:00,199.83,Groceries_Daily,DEV_IN_XRN13_025,Xiaomi Redmi Note 13,Bengaluru,12.9716,77.5946,5662.98,17729.67,-0.308,0.04,1,1,55.8167,0.0,0.0,0,2,0.0,0.0,0,0,normal_routine,0
TXN_UPI_100197,USR_4095,2025-01-22 21:04:00,1098.83,P2P_Transfer,DEV_IN_IPH15_005,iPhone 15,Kolkata,22.5726,88.3639,19988.15,26847.27,-0.704,0.05,1,1,9.5833,0.0,0.0,0,2,0.0,0.0,0,0,normal_routine,0
TXN_UPI_102808,USR_4153,2025-01-22 21:08:00,758.17,P2P_Transfer,DEV_IN_XRN13_063,Xiaomi Redmi Note 13,Mumbai,19.076,72.8777,9504.08,18350.97,-0.477,0.08,1,1,0.01,0.0,0.0,0,1,0.0,0.0,0,0,normal_routine,0
TXN_UPI_100832,USR_4109,2025-01-22 21:11:00,229.15,Groceries_Daily,DEV_IN_IPH15_019,iPhone 15,Pune,18.5204,73.8567,7614.29,17592.21,-0.42,0.03,1,1,0.01,0.0,0.0,0,1,0.0,0.0,0,0,normal_routine,0
TXN_UPI_101500,USR_4124,2025-01-22 21:11:00,423.46,Groceries_Daily,DEV_IN_IPH15_034,iPhone 15,Kolkata,22.5726,88.3639,10453.65,18520.19,-0.542,0.04,1,1,107.8333,0.0,0.0,0,0,0.0,0.0,0,0,normal_routine,0
TXN_UPI_100605,USR_4104,2025-01-22 21:13:00,75482.81,Food_Dining,DEV_IN_OP12_014,OnePlus 12,Mumbai,19.076,72.8777,12161.57,20771.92,3.048,6.21,1,1,73.7833,0.0,0.0,0,2,0.0,0.0,0,0,benign_festive_spend,0
TXN_UPI_102090,USR_4137,2025-01-22 21:34:00,558.98,Groceries_Daily,DEV_IN_OP12_047,OnePlus 12,Hyderabad,17.385,78.4867,15486.17,22908.55,-0.652,0.04,1,1,0.01,0.0,0.0,0,3,0.0,0.0,0,0,normal_routine,0
TXN_UPI_102761,USR_4152,2025-01-23 00:32:00,8272.54,Travel_Ticketing,DEV_IN_OP12_062,OnePlus 12,Goa,15.2993,74.124,3948.92,10584.38,0.408,2.09,1,1,172.2,454.99,2.64,0,0,0.0,0.0,0,0,benign_travel,0
TXN_UPI_102852,USR_4154,2025-01-23 01:36:00,114.93,Gaming_Crypto,DEV_BOTNET_63,Automated Script Bot,Chennai,13.0827,80.2707,6520.46,11987.67,-0.534,0.02,0,1,86.1167,0.0,0.0,1,14,1.5,0.11,0,1,credential_stuffing_burst,1
TXN_UPI_101732,USR_4129,2025-01-23 01:42:00,10126.79,Travel_Ticketing,DEV_IN_SAMS23_039,Samsung Galaxy S23,Mumbai,19.076,72.8777,5802.99,11900.31,0.363,1.75,1,1,26.4167,845.32,32.0,1,7,0.0,0.0,0,0,benign_travel,0
TXN_UPI_101726,USR_4129,2025-01-23 03:05:00,36103.78,P2P_Transfer,DEV_ROGUE_EMU_38,Linux Cloud Emulator,Bengaluru,12.9716,77.5946,4641.48,11208.18,2.807,7.78,0,1,0.01,0.0,0.0,1,1,1.5,2.61,0,1,hostile_account_takeover,1
TXN_UPI_100468,USR_4101,2025-01-23 03:06:00,76862.64,P2P_Transfer,DEV_ROGUE_EMU_10,Linux Cloud Emulator,Mumbai,19.076,72.8777,6902.89,13817.09,5.063,11.13,0,1,80.05,0.0,0.0,1,0,1.5,2.99,0,1,hostile_account_takeover,1
TXN_UPI_100829,USR_4109,2025-01-23 04:21:00,1426.81,P2P_Transfer,DEV_IN_IPH15_019,iPhone 15,Pune,18.5204,73.8567,8757.71,18758.26,-0.391,0.16,1,1,0.01,0.0,0.0,1,1,0.0,0.0,0,0,emergency_nocturnal_legit,0
TXN_UPI_100333,USR_4098,2025-01-23 08:07:00,668.22,P2P_Transfer,DEV_IN_IPH15_008,iPhone 15,Hyderabad,17.385,78.4867,10367.51,23946.67,-0.405,0.06,1,1,0.01,0.0,0.0,0,1,0.0,0.0,0,0,normal_routine,0
TXN_UPI_100329,USR_4098,2025-01-23 08:30:00,217.82,Groceries_Daily,DEV_IN_IPH15_008,iPhone 15,Hyderabad,17.385,78.4867,5802.08,12270.54,-0.455,0.04,1,1,222.5833,0.0,0.0,0,0,0.0,0.0,0,0,normal_routine,0
TXN_UPI_100291,USR_4097,2025-01-23 08:34:00,2074.78,Utility_Bills,DEV_IN_XRN13_007,Xiaomi Redmi Note 13,Delhi,28.6139,77.209,9283.35,18945.98,-0.38,0.22,1,1,0.01,0.0,0.0,0,1,0.0,0.0,0,0,normal_routine,0
TXN_UPI_100646,USR_4105,2025-01-23 08:36:00,554.65,Utility_Bills,DEV_IN_SAMS23_015,Samsung Galaxy S23,Mumbai,19.076,72.8777,11086.29,19656.44,-0.536,0.05,1,1,35.85,0.0,0.0,0,0,0.0,0.0,0,0,normal_routine,0
TXN_UPI_100509,USR_4102,2025-01-23 08:45:00,424.24,Groceries_Daily,DEV_IN_SAMS23_012,Samsung Galaxy S23,Hyderabad,17.385,78.4867,1911.33,2817.71,-0.528,0.22,1,1,214.9667,0.0,0.0,0,0,0.0,0.0,0,0,normal_routine,0
TXN_UPI_103530,USR_4169,2025-01-23 09:01:00,157.84,Groceries_Daily,DEV_IN_IPH15_079,iPhone 15,Kolkata,22.5726,88.3639,7687.35,17316.47,-0.435,0.02,1,1,0.01,0.0,0.0,0,1,0.0,0.0,0,0,normal_routine,0
TXN_UPI_100149,USR_4094,2025-01-23 09:04:00,370.45,Groceries_Daily,DEV_IN_SAMS23_004,Samsung Galaxy S23,Bengaluru,12.9716,77.5946,8908.9,18353.2,-0.465,0.04,1,1,167.6667,0.0,0.0,0,0,0.0,0.0,0,0,normal_routine,0
TXN_UPI_101642,USR_4127,2025-01-23 09:11:00,220.67,Groceries_Daily,DEV_IN_XRN13_037,Xiaomi Redmi Note 13,Mumbai,19.076,72.8777,14184.72,28335.79,-0.493,0.02,1,1,0.01,0.0,0.0,0,1,0.0,0.0,0,0,normal_routine,0
TXN_UPI_100739,USR_4107,2025-01-23 09:13:00,2251.48,P2P_Transfer,DEV_IN_OP12_017,OnePlus 12,Chennai,13.0827,80.2707,8358.43,15999.53,-0.382,0.27,1,1,0.01,0.0,0.0,0,1,0.0,0.0,0,0,normal_routine,0
TXN_UPI_103172,USR_4161,2025-01-23 09:14:00,397.58,Food_Dining,DEV_IN_OP12_071,OnePlus 12,Kolkata,22.5726,88.3639,6543.02,18368.84,-0.335,0.06,1,1,0.01,0.0,0.0,0,2,0.0,0.0,0,0,normal_routine,0
TXN_UPI_101187,USR_4117,2025-01-23 09:25:00,2245.18,Utility_Bills,DEV_IN_SAMS23_027,Samsung Galaxy S23,Kolkata,22.5726,88.3639,1612.36,2497.52,0.253,1.39,1,1,0.01,0.0,0.0,0,1,0.0,0.0,0,0,normal_routine,0
TXN_UPI_103300,USR_4164,2025-01-23 09:28:00,101.35,Food_Dining,DEV_IN_IPH15_074,iPhone 15,Delhi,28.6139,77.209,11163.95,20367.65,-0.543,0.01,1,1,174.9333,235.29,1.35,0,0,0.0,0.0,0,0,normal_routine,0
TXN_UPI_102264,USR_4141,2025-01-23 09:51:00,231.18,Groceries_Daily,DEV_IN_OP12_051,OnePlus 12,Hyderabad,17.385,78.4867,1309.5,1789.06,-0.603,0.18,1,1,181.6167,0.0,0.0,0,0,0.0,0.0,0,0,normal_routine,0
TXN_UPI_103479,USR_4168,2025-01-23 09:51:00,105.23,Food_Dining,DEV_IN_XRN13_078,Xiaomi Redmi Note 13,Pune,18.5204,73.8567,2265.56,3959.95,-0.546,0.05,1,1,111.5333,0.0,0.0,0,0,0.0,0.0,0,0,normal_routine,0
TXN_UPI_103573,USR_4170,2025-01-23 09:51:00,355.58,Food_Dining,DEV_IN_IPH15_080,iPhone 15,Chennai,13.0827,80.2707,3421.78,8354.05,-0.367,0.1,1,1,36.8167,0.0,0.0,0,3,0.0,0.0,0,0,normal_routine,0
TXN_UPI_102132,USR_4138,2025-01-23 09:54:00,182.52,Groceries_Daily,DEV_IN_IPH15_048,iPhone 15,Delhi,28.6139,77.209,10262.83,20127.57,-0.501,0.02,1,1,0.01,0.0,0.0,0,1,0.0,0.0,0,0,normal_routine,0
TXN_UPI_100967,USR_4112,2025-01-23 09:58:00,637.1,P2P_Transfer,DEV_IN_SAMS23_022,Samsung Galaxy S23,Hyderabad,17.385,78.4867,4563.48,15586.59,-0.252,0.14,1,1,0.01,0.0,0.0,0,3,0.0,0.0,0,0,normal_routine,0
TXN_UPI_101049,USR_4114,2025-01-23 11:05:00,285.06,Groceries_Daily,DEV_IN_SAMS23_024,Samsung Galaxy S23,Delhi,28.6139,77.209,5687.55,16680.82,-0.324,0.05,1,1,208.4667,0.0,0.0,0,0,0.0,0.0,0,0,normal_routine,0
TXN_UPI_102543,USR_4147,2025-01-23 11:22:00,258.96,Food_Dining,DEV_IN_XRN13_057,Xiaomi Redmi Note 13,Pune,18.5204,73.8567,12520.47,22525.31,-0.544,0.02,1,1,0.01,0.0,0.0,0,1,0.0,0.0,0,0,normal_routine,0
TXN_UPI_100965,USR_4112,2025-01-23 11:48:00,74033.1,Electronics_Gadgets,DEV_IN_SAMS23_022,Samsung Galaxy S23,Hyderabad,17.385,78.4867,1085.1,1346.37,54.181,68.23,1,1,0.01,0.0,0.0,0,1,0.0,0.0,0,0,benign_festive_spend,0
TXN_UPI_101637,USR_4127,2025-01-23 12:46:00,11174.63,Travel_Ticketing,DEV_IN_XRN13_037,Xiaomi Redmi Note 13,Delhi,28.6139,77.209,12248.61,25807.4,-0.042,0.91,1,1,51.7,1148.09,22.21,0,0,0.0,0.0,0,0,benign_travel,0
TXN_UPI_100195,USR_4095,2025-01-23 13:26:00,757.53,Utility_Bills,DEV_IN_IPH15_005,iPhone 15,Kolkata,22.5726,88.3639,22700.4,27656.55,-0.793,0.03,1,1,195.6333,0.0,0.0,0,0,0.0,0.0,0,0,normal_routine,0
TXN_UPI_103254,USR_4163,2025-01-23 13:34:00,1287.32,Utility_Bills,DEV_IN_XRN13_073,Xiaomi Redmi Note 13,Chennai,13.0827,80.2707,6595.89,14556.56,-0.365,0.2,1,1,72.1,0.0,0.0,0,0,0.0,0.0,0,0,normal_routine,0
TXN_UPI_100738,USR_4107,2025-01-23 13:41:00,526.92,Groceries_Daily,DEV_IN_OP12_017,OnePlus 12,Chennai,13.0827,80.2707,8819.1,16346.96,-0.507,0.06,1,1,146.2167,0.0,0.0,0,0,0.0,0.0,0,0,normal_routine,0
TXN_UPI_102948,USR_4156,2025-01-23 13:44:00,414.63,P2P_Transfer,DEV_IN_SAMS23_066,Samsung Galaxy S23,Jaipur,26.9124,75.7873,2645.62,4937.0,-0.452,0.16,1,1,0.01,0.0,0.0,0,1,0.0,0.0,0,0,normal_routine,0
TXN_UPI_101865,USR_4132,2025-01-23 13:45:00,300.05,Groceries_Daily,DEV_IN_OP12_042,OnePlus 12,Hyderabad,17.385,78.4867,1003.4,1449.42,-0.485,0.3,1,1,0.01,0.0,0.0,0,1,0.0,0.0,0,0,normal_routine,0
TXN_UPI_102540,USR_4147,2025-01-23 13:45:00,193.71,Groceries_Daily,DEV_IN_XRN13_057,Xiaomi Redmi Note 13,Pune,18.5204,73.8567,13408.92,23936.21,-0.552,0.01,1,1,0.01,120.15,12015.23,0,1,0.0,0.0,1,0,normal_routine,0
TXN_UPI_102451,USR_4145,2025-01-23 13:47:00,188.31,Food_Dining,DEV_IN_SAMS23_055,Samsung Galaxy S23,Mumbai,19.076,72.8777,14940.62,23793.23,-0.62,0.01,1,1,0.01,0.0,0.0,0,3,0.0,0.0,0,0,normal_routine,0
TXN_UPI_102182,USR_4139,2025-01-23 13:53:00,1227.16,Utility_Bills,DEV_IN_OP12_049,OnePlus 12,Pune,18.5204,73.8567,3497.85,8958.83,-0.253,0.35,1,1,0.01,0.0,0.0,0,3,0.0,0.0,0,0,normal_routine,0
TXN_UPI_103119,USR_4160,2025-01-23 13:57:00,1296.53,P2P_Transfer,DEV_IN_OP12_070,OnePlus 12,Chennai,13.0827,80.2707,5675.31,10036.92,-0.436,0.23,1,1,113.1,0.0,0.0,0,0,0.0,0.0,0,0,normal_routine,0
TXN_UPI_102226,USR_4140,2025-01-23 18:02:00,233.37,Food_Dining,DEV_IN_XRN13_050,Xiaomi Redmi Note 13,Chennai,13.0827,80.2707,4137.63,11683.36,-0.334,0.06,1,1,38.1333,0.0,0.0,0,3,0.0,0.0,0,0,normal_routine,0
TXN_UPI_102362,USR_4143,2025-01-23 18:10:00,1536.22,Utility_Bills,DEV_IN_XRN13_053,Xiaomi Redmi Note 13,Pune,18.5204,73.8567,4565.48,15841.75,-0.191,0.34,1,1,0.01,0.0,0.0,0,1,0.0,0.0,0,0,normal_routine,0
TXN_UPI_102988,USR_4157,2025-01-23 18:12:00,35025.41,Electronics_Gadgets,DEV_IN_SAMS23_067,Samsung Galaxy S23,Jaipur,26.9124,75.7873,6415.61,14190.74,2.016,5.46,1,1,0.01,0.0,0.0,0,1,0.0,0.0,0,0,benign_festive_spend,0
TXN_UPI_103528,USR_4169,2025-01-23 18:18:00,242.16,Groceries_Daily,DEV_IN_IPH15_079,iPhone 15,Kolkata,22.5726,88.3639,4726.68,11258.37,-0.398,0.05,1,1,104.7333,0.0,0.0,0,3,0.0,0.0,0,0,normal_routine,0
TXN_UPI_102673,USR_4150,2025-01-23 18:29:00,296.58,Food_Dining,DEV_IN_SAMS23_060,Samsung Galaxy S23,Mumbai,19.076,72.8777,8352.94,14971.6,-0.538,0.04,1,1,105.0167,0.0,0.0,0,2,0.0,0.0,0,0,normal_routine,0
TXN_UPI_101414,USR_4122,2025-01-23 18:30:00,1145.15,Utility_Bills,DEV_IN_XRN13_032,Xiaomi Redmi Note 13,Delhi,28.6139,77.209,5958.14,12509.99,-0.385,0.19,1,1,0.01,0.0,0.0,0,1,0.0,0.0,0,0,normal_routine,0
TXN_UPI_102719,USR_4151,2025-01-23 18:52:00,750.27,Utility_Bills,DEV_IN_SAMS23_061,Samsung Galaxy S23,Bengaluru,12.9716,77.5946,11080.05,22185.28,-0.466,0.07,1,1,0.01,0.0,0.0,0,3,0.0,0.0,0,0,normal_routine,0
TXN_UPI_100470,USR_4101,2025-01-23 18:57:00,519.67,P2P_Transfer,DEV_IN_IPH15_011,iPhone 15,Mumbai,19.076,72.8777,13082.11,22554.58,-0.557,0.04,1,1,81.5667,0.0,0.0,0,0,0.0,0.0,0,0,normal_routine,0
TXN_UPI_102627,USR_4149,2025-01-23 18:57:00,553.08,Groceries_Daily,DEV_IN_SAMS23_059,Samsung Galaxy S23,Hyderabad,17.385,78.4867,5933.34,13610.35,-0.395,0.09,1,1,0.01,0.0,0.0,0,1,0.0,0.0,0,0,normal_routine,0
TXN_UPI_100241,USR_4096,2025-01-23 19:00:00,2110.33,P2P_Transfer,DEV_IN_SAMS23_006,Samsung Galaxy S23,Jaipur,26.9124,75.7873,645.13,454.64,3.223,3.27,1,1,93.0833,0.0,0.0,0,0,0.0,0.0,0,0,normal_routine,0
TXN_UPI_100962,USR_4112,2025-01-23 19:09:00,901.51,P2P_Transfer,DEV_IN_SAMS23_022,Samsung Galaxy S23,Hyderabad,17.385,78.4867,1034.59,1423.76,-0.093,0.87,1,1,33.75,0.0,0.0,0,3,0.0,0.0,0,0,normal_routine,0
TXN_UPI_101507,USR_4124,2025-01-23 19:09:00,1397.94,Utility_Bills,DEV_IN_IPH15_034,iPhone 15,Kolkata,22.5726,88.3639,11070.51,22284.29,-0.434,0.13,1,1,0.01,0.0,0.0,0,3,0.0,0.0,0,0,normal_routine,0
TXN_UPI_102856,USR_4154,2025-01-23 19:12:00,91.43,Food_Dining,DEV_IN_IPH15_064,iPhone 15,Chennai,13.0827,80.2707,10669.87,18487.54,-0.572,0.01,1,1,22.9333,0.0,0.0,0,2,0.0,0.0,0,0,normal_routine,0
TXN_UPI_103083,USR_4159,2025-01-23 19:12:00,466.2,P2P_Transfer,DEV_IN_XRN13_069,Xiaomi Redmi Note 13,Delhi,28.6139,77.209,7306.13,15886.36,-0.431,0.06,1,1,0.01,0.0,0.0,0,2,0.0,0.0,0,0,normal_routine,0
TXN_UPI_101550,USR_4125,2025-01-23 19:14:00,1733.17,P2P_Transfer,DEV_IN_OP12_035,OnePlus 12,Pune,18.5204,73.8567,6744.91,17106.39,-0.293,0.26,1,1,70.6333,0.0,0.0,0,3,0.0,0.0,0,0,normal_routine,0
TXN_UPI_103532,USR_4169,2025-01-23 19:21:00,471.5,Groceries_Daily,DEV_IN_IPH15_079,iPhone 15,Kolkata,22.5726,88.3639,6968.44,16619.63,-0.391,0.07,1,1,0.01,0.0,0.0,0,1,0.0,0.0,0,0,normal_routine,0
TXN_UPI_101139,USR_4116,2025-01-23 19:29:00,338.45,Food_Dining,DEV_IN_OP12_026,OnePlus 12,Hyderabad,17.385,78.4867,9066.76,22771.18,-0.383,0.04,1,1,178.7833,0.0,0.0,0,0,0.0,0.0,0,0,normal_routine,0
TXN_UPI_103302,USR_4164,2025-01-23 19:44:00,161.45,Food_Dining,DEV_IN_IPH15_074,iPhone 15,Delhi,28.6139,77.209,9790.57,19395.61,-0.496,0.02,1,1,47.5667,0.0,0.0,0,0,0.0,0.0,0,0,normal_routine,0
TXN_UPI_102181,USR_4139,2025-01-23 19:51:00,270.22,P2P_Transfer,DEV_IN_OP12_049,OnePlus 12,Pune,18.5204,73.8567,3659.23,9150.23,-0.37,0.07,1,1,34.9333,0.0,0.0,0,2,0.0,0.0,0,0,normal_routine,0
TXN_UPI_101148,USR_4116,2025-01-23 19:55:00,263.48,Groceries_Daily,DEV_IN_OP12_026,OnePlus 12,Hyderabad,17.385,78.4867,7086.18,18618.89,-0.366,0.04,1,1,0.01,621.46,62146.29,0,1,0.0,0.0,1,0,normal_routine,0
TXN_UPI_103030,USR_4158,2025-01-23 19:58:00,288.82,Food_Dining,DEV_IN_SAMS23_068,Samsung Galaxy S23,Jaipur,26.9124,75.7873,6646.39,13907.44,-0.457,0.04,1,1,198.7,0.0,0.0,0,0,0.0,0.0,0,0,normal_routine,0
TXN_UPI_100063,USR_4092,2025-01-23 20:04:00,727.16,Groceries_Daily,DEV_IN_OP12_002,OnePlus 12,Kolkata,22.5726,88.3639,4026.54,7905.52,-0.417,0.18,1,1,96.4333,0.0,0.0,0,4,0.0,0.0,0,0,normal_routine,0
TXN_UPI_101371,USR_4121,2025-01-23 20:09:00,365.66,Food_Dining,DEV_IN_OP12_031,OnePlus 12,Kolkata,22.5726,88.3639,5612.12,14538.28,-0.361,0.07,1,1,0.01,0.0,0.0,0,1,0.0,0.0,0,0,normal_routine,0
TXN_UPI_102406,USR_4144,2025-01-23 20:18:00,617.83,Groceries_Daily,DEV_IN_OP12_054,OnePlus 12,Jaipur,26.9124,75.7873,4499.15,11287.21,-0.344,0.14,1,1,0.01,0.0,0.0,0,1,0.0,0.0,0,0,normal_routine,0
TXN_UPI_102675,USR_4150,2025-01-23 20:22:00,4637.96,Food_Dining,DEV_IN_NEW_060,Samsung Galaxy S24,Mumbai,19.076,72.8777,7510.27,14373.25,-0.2,0.62,0,1,0.01,0.0,0.0,0,1,0.0,0.0,0,0,benign_new_device,0
TXN_UPI_101552,USR_4125,2025-01-23 20:24:00,264.43,Food_Dining,DEV_IN_OP12_035,OnePlus 12,Pune,18.5204,73.8567,6227.97,16349.75,-0.365,0.04,1,1,0.01,0.0,0.0,0,5,0.0,0.0,0,0,normal_routine,0
TXN_UPI_100381,USR_4099,2025-01-23 20:26:00,84986.4,Jewelry_Luxury,DEV_IN_XRN13_009,Xiaomi Redmi Note 13,Mumbai,19.076,72.8777,4506.08,10031.57,8.023,18.86,1,1,0.01,0.0,0.0,0,1,0.0,0.0,0,0,benign_festive_spend,0
TXN_UPI_103488,USR_4168,2025-01-23 20:31:00,820.48,Utility_Bills,DEV_IN_XRN13_078,Xiaomi Redmi Note 13,Pune,18.5204,73.8567,2764.67,5940.69,-0.327,0.3,1,1,0.01,0.0,0.0,0,1,0.0,0.0,0,0,normal_routine,0
TXN_UPI_101417,USR_4122,2025-01-23 20:32:00,440.73,Food_Dining,DEV_IN_XRN13_032,Xiaomi Redmi Note 13,Delhi,28.6139,77.209,5177.1,11740.25,-0.403,0.09,1,1,0.01,0.0,0.0,0,1,0.0,0.0,0,0,normal_routine,0
TXN_UPI_101906,USR_4133,2025-01-23 20:43:00,245.89,Groceries_Daily,DEV_IN_IPH15_043,iPhone 15,Delhi,28.6139,77.209,7373.04,18853.68,-0.378,0.03,1,1,0.01,0.0,0.0,0,1,0.0,0.0,0,0,normal_routine,0
TXN_UPI_101769,USR_4130,2025-01-23 20:47:00,938.06,P2P_Transfer,DEV_IN_SAMS23_040,Samsung Galaxy S23,Pune,18.5204,73.8567,10068.94,22809.69,-0.4,0.09,1,1,43.6,0.0,0.0,0,0,0.0,0.0,0,0,normal_routine,0
TXN_UPI_102318,USR_4142,2025-01-23 20:51:00,240.13,Food_Dining,DEV_IN_IPH15_052,iPhone 15,Hyderabad,17.385,78.4867,3648.04,7152.96,-0.476,0.07,1,1,0.01,520.05,52004.67,0,2,0.0,0.0,1,0,normal_routine,0
TXN_UPI_102991,USR_4157,2025-01-23 20:51:00,468.62,Food_Dining,DEV_IN_SAMS23_067,Samsung Galaxy S23,Jaipur,26.9124,75.7873,7284.22,14646.04,-0.465,0.06,1,1,0.01,0.0,0.0,0,4,0.0,0.0,0,0,normal_routine,0
TXN_UPI_101411,USR_4122,2025-01-23 20:58:00,1209.89,P2P_Transfer,DEV_IN_XRN13_032,Xiaomi Redmi Note 13,Delhi,28.6139,77.209,6975.93,13474.27,-0.428,0.17,1,1,201.95,0.0,0.0,0,0,0.0,0.0,0,0,normal_routine,0
TXN_UPI_101819,USR_4131,2025-01-23 20:58:00,1175.84,Utility_Bills,DEV_IN_OP12_041,OnePlus 12,Bengaluru,12.9716,77.5946,6957.83,13990.19,-0.413,0.17,1,1,57.3833,0.0,0.0,0,0,0.0,0.0,0,0,normal_routine,0
TXN_UPI_102089,USR_4137,2025-01-23 21:05:00,224.28,Groceries_Daily,DEV_IN_OP12_047,OnePlus 12,Hyderabad,17.385,78.4867,16334.05,23244.31,-0.693,0.01,1,1,85.0,0.0,0.0,0,2,0.0,0.0,0,0,normal_routine,0
TXN_UPI_103569,USR_4170,2025-01-23 21:06:00,1175.5,P2P_Transfer,DEV_IN_IPH15_080,iPhone 15,Chennai,13.0827,80.2707,3991.47,9474.25,-0.297,0.29,1,1,24.6167,0.0,0.0,0,0,0.0,0.0,0,0,normal_routine,0
TXN_UPI_101728,USR_4129,2025-01-23 21:07:00,826.87,Utility_Bills,DEV_IN_SAMS23_039,Samsung Galaxy S23,Bengaluru,12.9716,77.5946,6231.82,12949.73,-0.417,0.13,1,1,27.0333,0.0,0.0,0,3,0.0,0.0,0,0,normal_routine,0
TXN_UPI_100959,USR_4112,2025-01-23 21:12:00,470.63,Groceries_Daily,DEV_IN_SAMS23_022,Samsung Galaxy S23,Hyderabad,17.385,78.4867,1146.35,1550.15,-0.436,0.41,1,1,56.1667,0.0,0.0,0,0,0.0,0.0,0,0,normal_routine,0
TXN_UPI_100059,USR_4092,2025-01-23 21:24:00,199.13,Food_Dining,DEV_IN_OP12_002,OnePlus 12,Kolkata,22.5726,88.3639,5072.99,8767.58,-0.556,0.04,1,1,27.3833,0.0,0.0,0,0,0.0,0.0,0,0,normal_routine,0
TXN_UPI_102626,USR_4149,2025-01-23 21:25:00,1447.53,Utility_Bills,DEV_IN_SAMS23_059,Samsung Galaxy S23,Hyderabad,17.385,78.4867,6232.39,14005.71,-0.342,0.23,1,1,129.6667,0.0,0.0,0,0,0.0,0.0,0,0,normal_routine,0
TXN_UPI_102669,USR_4150,2025-01-23 21:30:00,259.28,Groceries_Daily,DEV_IN_SAMS23_060,Samsung Galaxy S23,Mumbai,19.076,72.8777,9162.67,16754.06,-0.531,0.03,1,1,98.3167,0.0,0.0,0,0,0.0,0.0,0,0,normal_routine,0
TXN_UPI_100472,USR_4101,2025-01-23 21:40:00,296.81,Groceries_Daily,DEV_IN_IPH15_011,iPhone 15,Mumbai,19.076,72.8777,11909.12,21756.32,-0.534,0.02,1,1,0.01,0.0,0.0,0,1,0.0,0.0,0,0,normal_routine,0
TXN_UPI_103215,USR_4162,2025-01-23 21:42:00,294.77,Groceries_Daily,DEV_IN_XRN13_072,Xiaomi Redmi Note 13,Bengaluru,12.9716,77.5946,10765.77,20780.59,-0.504,0.03,1,1,0.01,454.99,45498.72,0,1,0.0,0.0,1,0,normal_routine,0
TXN_UPI_102040,USR_4136,2025-01-23 21:45:00,253.72,Food_Dining,DEV_IN_SAMS23_046,Samsung Galaxy S23,Pune,18.5204,73.8567,2318.83,6145.28,-0.336,0.11,1,1,223.8167,0.0,0.0,0,0,0.0,0.0,0,0,normal_routine,0
TXN_UPI_102130,USR_4138,2025-01-23 21:49:00,592.31,P2P_Transfer,DEV_IN_IPH15_048,iPhone 15,Delhi,28.6139,77.209,11591.63,21186.04,-0.519,0.05,1,1,25.5833,0.0,0.0,0,0,0.0,0.0,0,0,normal_routine,0
TXN_UPI_100425,USR_4100,2025-01-23 21:56:00,214.69,Groceries_Daily,DEV_IN_OP12_010,OnePlus 12,Pune,18.5204,73.8567,6854.95,17984.73,-0.369,0.03,1,1,0.01,0.0,0.0,0,1,0.0,0.0,0,0,normal_routine,0
TXN_UPI_102671,USR_4150,2025-01-24 00:08:00,13329.14,Travel_Ticketing,DEV_IN_SAMS23_060,Samsung Galaxy S23,Goa,15.2993,74.124,8547.88,15753.9,0.303,1.56,1,1,47.1167,1302.74,27.65,0,0,0.0,0.0,0,0,benign_travel,0
TXN_UPI_101595,USR_4126,2025-01-24 01:32:00,4039.3,Food_Dining,DEV_IN_OP12_036,OnePlus 12,Chennai,13.0827,80.2707,12380.18,27085.65,-0.308,0.33,1,1,102.2333,0.0,0.0,1,2,0.0,0.0,0,0,emergency_nocturnal_legit,0
TXN_UPI_103570,USR_4170,2025-01-24 01:35:00,2485.24,Travel_Ticketing,DEV_IN_IPH15_080,iPhone 15,Jaipur,26.9124,75.7873,3790.33,9158.37,-0.143,0.66,1,1,4.4833,1607.1,358.46,1,0,0.0,0.0,0,0,benign_travel,0
TXN_UPI_101952,USR_4134,2025-01-24 02:53:00,16793.49,Travel_Ticketing,DEV_IN_OP12_044,OnePlus 12,Goa,15.2993,74.124,5068.19,10458.48,1.121,3.31,1,1,0.01,706.92,70691.62,1,1,0.0,0.0,1,0,benign_travel,0
TXN_UPI_100511,USR_4102,2025-01-24 03:36:00,63108.18,P2P_Transfer,DEV_ROGUE_EMU_11,Linux Cloud Emulator,Hyderabad,17.385,78.4867,1700.96,2677.62,22.934,37.1,0,1,32.2167,0.0,0.0,1,0,1.5,4.37,0,1,hostile_account_takeover,1
TXN_UPI_100557,USR_4103,2025-01-24 03:42:00,80293.65,P2P_Transfer,DEV_ROGUE_EMU_12,Linux Cloud Emulator,Hyderabad,17.385,78.4867,2721.95,5281.75,14.687,29.5,0,1,121.4167,1095.15,9.02,1,0,1.5,4.1,0,1,hostile_account_takeover,1
TXN_UPI_100332,USR_4098,2025-01-24 04:29:00,4640.16,P2P_Transfer,DEV_IN_IPH15_008,iPhone 15,Hyderabad,17.385,78.4867,10725.47,24639.5,-0.247,0.43,1,1,168.35,0.0,0.0,1,0,0.0,0.0,0,0,emergency_nocturnal_legit,0
TXN_UPI_100338,USR_4098,2025-01-24 08:01:00,746.13,P2P_Transfer,DEV_IN_IPH15_008,iPhone 15,Hyderabad,17.385,78.4867,9618.63,21905.74,-0.405,0.08,1,1,0.01,0.0,0.0,0,4,0.0,0.0,0,0,normal_routine,0
TXN_UPI_101329,USR_4120,2025-01-24 08:16:00,590.99,Groceries_Daily,DEV_IN_OP12_030,OnePlus 12,Kolkata,22.5726,88.3639,5377.26,13227.52,-0.362,0.11,1,1,0.01,0.0,0.0,0,1,0.0,0.0,0,0,normal_routine,0
TXN_UPI_101324,USR_4120,2025-01-24 08:23:00,1476.65,P2P_Transfer,DEV_IN_OP12_030,OnePlus 12,Kolkata,22.5726,88.3639,6710.84,14674.19,-0.357,0.22,1,1,0.01,0.0,0.0,0,1,0.0,0.0,0,0,normal_routine,0
TXN_UPI_101545,USR_4125,2025-01-24 09:08:00,180.26,Food_Dining,DEV_IN_OP12_035,OnePlus 12,Pune,18.5204,73.8567,6824.92,18776.98,-0.354,0.03,1,1,37.6,0.0,0.0,0,0,0.0,0.0,0,0,normal_routine,0
TXN_UPI_102449,USR_4145,2025-01-24 09:08:00,410.24,Groceries_Daily,DEV_IN_SAMS23_055,Samsung Galaxy S23,Mumbai,19.076,72.8777,16546.61,24560.68,-0.657,0.02,1,1,0.01,0.0,0.0,0,1,0.0,0.0,0,0,normal_routine,0
TXN_UPI_100871,USR_4110,2025-01-24 09:10:00,360.3,Food_Dining,DEV_IN_OP12_020,OnePlus 12,Jaipur,26.9124,75.7873,1753.13,3979.32,-0.35,0.21,1,1,43.6667,1302.74,29.83,0,0,0.0,0.0,0,0,normal_routine,0
TXN_UPI_102272,USR_4141,2025-01-24 09:10:00,239.51,Food_Dining,DEV_IN_OP12_051,OnePlus 12,Hyderabad,17.385,78.4867,6501.31,17370.38,-0.36,0.04,1,1,0.01,0.0,0.0,0,4,0.0,0.0,0,0,normal_routine,0
TXN_UPI_103216,USR_4162,2025-01-24 09:13:00,1190.37,P2P_Transfer,DEV_IN_XRN13_072,Xiaomi Redmi Note 13,Bengaluru,12.9716,77.5946,10242.22,20382.57,-0.444,0.12,1,1,11.5167,0.0,0.0,0,2,0.0,0.0,0,0,normal_routine,0
TXN_UPI_100242,USR_4096,2025-01-24 09:17:00,376.0,Gaming_Crypto,DEV_BURNER_05,Itel A50 Burner,Jaipur,26.9124,75.7873,736.7,565.3,-0.638,0.51,0,1,14.2833,0.0,0.0,0,0,0.0,0.0,0,1,stealth_micro_fraud,1
TXN_UPI_102814,USR_4153,2025-01-24 09:18:00,332.98,Groceries_Daily,DEV_IN_XRN13_063,Xiaomi Redmi Note 13,Mumbai,19.076,72.8777,7130.25,16275.34,-0.418,0.05,1,1,0.01,0.0,0.0,0,1,0.0,0.0,0,0,normal_routine,0
TXN_UPI_102175,USR_4139,2025-01-24 09:20:00,34696.47,Electronics_Gadgets,DEV_IN_OP12_049,OnePlus 12,Pune,18.5204,73.8567,586.54,438.77,77.74,59.15,1,1,68.0167,0.0,0.0,0,0,0.0,0.0,0,0,benign_festive_spend,0
TXN_UPI_102809,USR_4153,2025-01-24 09:33:00,310.4,Food_Dining,DEV_IN_XRN13_063,Xiaomi Redmi Note 13,Mumbai,19.076,72.8777,9018.19,17946.11,-0.485,0.03,1,1,36.4167,0.0,0.0,0,2,0.0,0.0,0,0,normal_routine,0
TXN_UPI_102990,USR_4157,2025-01-24 09:38:00,1063.75,P2P_Transfer,DEV_IN_SAMS23_067,Samsung Galaxy S23,Jaipur,26.9124,75.7873,7611.61,14955.02,-0.438,0.14,1,1,110.4667,0.0,0.0,0,3,0.0,0.0,0,0,normal_routine,0
TXN_UPI_102043,USR_4136,2025-01-24 09:41:00,546.54,Food_Dining,DEV_IN_SAMS23_046,Samsung Galaxy S23,Pune,18.5204,73.8567,2733.99,6104.85,-0.358,0.2,1,1,120.7,0.0,0.0,0,2,0.0,0.0,0,0,normal_routine,0
TXN_UPI_101369,USR_4121,2025-01-24 09:50:00,2014.02,Electronics_Gadgets,DEV_IN_NEW_031,Samsung Galaxy S24,Kolkata,22.5726,88.3639,6028.61,15267.91,-0.263,0.33,0,1,0.01,0.0,0.0,0,1,0.0,0.0,0,0,benign_new_device,0
TXN_UPI_101368,USR_4121,2025-01-24 11:06:00,1209.71,P2P_Transfer,DEV_IN_OP12_031,OnePlus 12,Kolkata,22.5726,88.3639,6312.07,15664.45,-0.326,0.19,1,1,117.9833,0.0,0.0,0,0,0.0,0.0,0,0,normal_routine,0
TXN_UPI_102044,USR_4136,2025-01-24 11:08:00,304.03,Groceries_Daily,DEV_IN_SAMS23_046,Samsung Galaxy S23,Pune,18.5204,73.8567,2612.47,5953.97,-0.388,0.12,1,1,1.45,0.0,0.0,0,3,0.0,0.0,0,0,normal_routine,0
TXN_UPI_102944,USR_4156,2025-01-24 11:37:00,622.66,P2P_Transfer,DEV_IN_SAMS23_066,Samsung Galaxy S23,Jaipur,26.9124,75.7873,2371.13,4899.57,-0.357,0.26,1,1,0.01,7937.78,793778.08,0,2,0.0,0.0,1,0,normal_routine,0
TXN_UPI_101951,USR_4134,2025-01-24 13:04:00,1550.68,Utility_Bills,DEV_IN_OP12_044,OnePlus 12,Chennai,13.0827,80.2707,5302.69,10760.67,-0.349,0.29,1,1,90.0833,1607.1,17.84,0,0,0.0,0.0,0,0,normal_routine,0
TXN_UPI_101553,USR_4125,2025-01-24 13:06:00,366.41,Groceries_Daily,DEV_IN_OP12_035,OnePlus 12,Pune,18.5204,73.8567,5956.9,16022.07,-0.349,0.06,1,1,16.7,0.0,0.0,0,6,0.0,0.0,0,0,normal_routine,0
TXN_UPI_103259,USR_4163,2025-01-24 13:11:00,501.23,P2P_Transfer,DEV_IN_XRN13_073,Xiaomi Redmi Note 13,Chennai,13.0827,80.2707,6598.63,13751.94,-0.443,0.08,1,1,49.2,0.0,0.0,0,0,0.0,0.0,0,0,normal_routine,0
TXN_UPI_103079,USR_4159,2025-01-24 13:28:00,737.26,P2P_Transfer,DEV_BURNER_68,Realme C11,Delhi,28.6139,77.209,8771.71,17222.5,-0.467,0.08,0,1,113.15,0.0,0.0,0,3,0.0,0.0,0,1,stealth_micro_fraud,1
TXN_UPI_102723,USR_4151,2025-01-24 13:45:00,523.42,Food_Dining,DEV_IN_SAMS23_061,Samsung Galaxy S23,Bengaluru,12.9716,77.5946,9153.42,20479.44,-0.421,0.06,1,1,0.01,0.0,0.0,0,1,0.0,0.0,0,0,normal_routine,0
TXN_UPI_101905,USR_4133,2025-01-24 13:47:00,635.78,Groceries_Daily,DEV_IN_IPH15_043,iPhone 15,Delhi,28.6139,77.209,7854.28,19426.2,-0.372,0.08,1,1,135.85,0.0,0.0,0,0,0.0,0.0,0,0,normal_routine,0
TXN_UPI_101505,USR_4124,2025-01-24 13:49:00,229.71,Groceries_Daily,DEV_IN_IPH15_034,iPhone 15,Kolkata,22.5726,88.3639,12198.73,23140.76,-0.517,0.02,1,1,0.01,0.0,0.0,0,1,0.0,0.0,0,0,normal_routine,0
TXN_UPI_102408,USR_4144,2025-01-24 13:49:00,1793.72,Utility_Bills,DEV_IN_OP12_054,OnePlus 12,Jaipur,26.9124,75.7873,4798.25,11017.68,-0.273,0.37,1,1,0.01,0.0,0.0,0,1,0.0,0.0,0,0,normal_routine,0
TXN_UPI_100336,USR_4098,2025-01-24 18:00:00,1050.24,P2P_Transfer,DEV_IN_IPH15_008,iPhone 15,Hyderabad,17.385,78.4867,10471.66,22800.07,-0.413,0.1,1,1,0.01,0.0,0.0,0,2,0.0,0.0,0,0,normal_routine,0
TXN_UPI_100740,USR_4107,2025-01-24 18:05:00,1335.78,P2P_Transfer,DEV_IN_OP12_017,OnePlus 12,Chennai,13.0827,80.2707,8037.01,15632.39,-0.429,0.17,1,1,32.8667,0.0,0.0,0,0,0.0,0.0,0,0,normal_routine,0
TXN_UPI_102900,USR_4155,2025-01-24 18:05:00,965.9,Utility_Bills,DEV_IN_SAMS23_065,Samsung Galaxy S23,Hyderabad,17.385,78.4867,2893.54,6057.54,-0.318,0.33,1,1,0.01,0.0,0.0,0,1,0.0,0.0,0,0,normal_routine,0
TXN_UPI_100106,USR_4093,2025-01-24 18:08:00,1105.55,Utility_Bills,DEV_IN_IPH15_003,iPhone 15,Mumbai,19.076,72.8777,2005.88,4960.53,-0.181,0.55,1,1,118.1833,0.0,0.0,0,0,0.0,0.0,0,0,normal_routine,0
TXN_UPI_101419,USR_4122,2025-01-24 18:08:00,1236.74,Utility_Bills,DEV_IN_XRN13_032,Xiaomi Redmi Note 13,Delhi,28.6139,77.209,4755.72,11301.03,-0.311,0.26,1,1,0.01,0.0,0.0,0,3,0.0,0.0,0,0,normal_routine,0
TXN_UPI_100337,USR_4098,2025-01-24 18:10:00,1126.47,Utility_Bills,DEV_IN_IPH15_008,iPhone 15,Hyderabad,17.385,78.4867,10023.02,22340.86,-0.398,0.11,1,1,0.1667,0.0,0.0,0,3,0.0,0.0,0,0,normal_routine,0
TXN_UPI_101725,USR_4129,2025-01-24 18:27:00,175.69,Groceries_Daily,DEV_IN_SAMS23_039,Samsung Galaxy S23,Bengaluru,12.9716,77.5946,4960.46,11535.6,-0.415,0.04,1,1,101.35,0.0,0.0,0,0,0.0,0.0,0,0,normal_routine,0
TXN_UPI_103352,USR_4165,2025-01-24 18:39:00,367.25,Food_Dining,DEV_IN_IPH15_075,iPhone 15,Bengaluru,12.9716,77.5946,8960.43,22363.28,-0.384,0.04,1,1,53.5167,0.0,0.0,0,0,0.0,0.0,0,0,normal_routine,0
TXN_UPI_100513,USR_4102,2025-01-24 18:55:00,2178.61,P2P_Transfer,DEV_IN_SAMS23_012,Samsung Galaxy S23,Hyderabad,17.385,78.4867,5236.64,14688.06,-0.208,0.42,1,1,0.01,0.0,0.0,0,1,0.0,0.0,0,0,normal_routine,0
TXN_UPI_101186,USR_4117,2025-01-24 18:58:00,2528.58,P2P_Transfer,DEV_IN_SAMS23_027,Samsung Galaxy S23,Kolkata,22.5726,88.3639,1551.27,2567.83,0.381,1.63,1,1,71.6667,0.0,0.0,0,0,0.0,0.0,0,0,normal_routine,0
TXN_UPI_103213,USR_4162,2025-01-24 19:01:00,1610.86,P2P_Transfer,DEV_IN_XRN13_072,Xiaomi Redmi Note 13,Bengaluru,12.9716,77.5946,11233.08,21849.53,-0.44,0.14,1,1,142.1667,0.0,0.0,0,0,0.0,0.0,0,0,normal_routine,0
TXN_UPI_102270,USR_4141,2025-01-24 19:07:00,70015.26,Food_Dining,DEV_IN_OP12_051,OnePlus 12,Hyderabad,17.385,78.4867,3481.26,10491.62,6.342,20.11,1,1,48.8833,0.0,0.0,0,2,0.0,0.0,0,0,benign_festive_spend,0
TXN_UPI_102994,USR_4157,2025-01-24 19:08:00,194.55,Food_Dining,DEV_IN_SAMS23_067,Samsung Galaxy S23,Jaipur,26.9124,75.7873,6376.74,13857.13,-0.446,0.03,1,1,0.01,0.0,0.0,0,1,0.0,0.0,0,0,normal_routine,0
TXN_UPI_101321,USR_4120,2025-01-24 19:10:00,576.17,P2P_Transfer,DEV_IN_OP12_030,OnePlus 12,Kolkata,22.5726,88.3639,6892.07,15713.18,-0.402,0.08,1,1,125.2667,0.0,0.0,0,0,0.0,0.0,0,0,normal_routine,0
TXN_UPI_101284,USR_4119,2025-01-24 19:28:00,68786.22,Jewelry_Luxury,DEV_IN_OP12_029,OnePlus 12,Bengaluru,12.9716,77.5946,7643.53,14871.92,4.111,9.0,1,1,0.01,1739.8,173980.21,0,1,0.0,0.0,1,0,benign_festive_spend,0
TXN_UPI_103392,USR_4166,2025-01-24 19:28:00,276.85,Groceries_Daily,DEV_IN_SAMS23_076,Samsung Galaxy S23,Bengaluru,12.9716,77.5946,9957.41,20773.45,-0.466,0.03,1,1,101.8333,0.0,0.0,0,2,0.0,0.0,0,0,normal_routine,0
TXN_UPI_103390,USR_4166,2025-01-24 19:32:00,108.05,Food_Dining,DEV_IN_SAMS23_076,Samsung Galaxy S23,Bengaluru,12.9716,77.5946,11304.51,21877.89,-0.512,0.01,1,1,48.6667,0.0,0.0,0,0,0.0,0.0,0,0,normal_routine,0
TXN_UPI_100384,USR_4099,2025-01-24 19:36:00,499.5,Groceries_Daily,DEV_IN_XRN13_009,Xiaomi Redmi Note 13,Mumbai,19.076,72.8777,7725.42,18967.25,-0.381,0.06,1,1,0.01,0.0,0.0,0,2,0.0,0.0,0,0,normal_routine,0
TXN_UPI_103031,USR_4158,2025-01-24 19:38:00,473.36,Groceries_Daily,DEV_IN_SAMS23_068,Samsung Galaxy S23,Jaipur,26.9124,75.7873,6222.55,13529.13,-0.425,0.08,1,1,23.6667,0.0,0.0,0,0,0.0,0.0,0,0,normal_routine,0
TXN_UPI_101869,USR_4132,2025-01-24 19:41:00,1323.44,P2P_Transfer,DEV_IN_OP12_042,OnePlus 12,Hyderabad,17.385,78.4867,904.55,1335.77,0.314,1.46,1,1,0.01,0.0,0.0,0,1,0.0,0.0,0,0,normal_routine,0
TXN_UPI_102450,USR_4145,2025-01-24 19:45:00,563.07,Food_Dining,DEV_IN_SAMS23_055,Samsung Galaxy S23,Mumbai,19.076,72.8777,15697.33,24175.64,-0.626,0.04,1,1,10.6167,0.0,0.0,0,2,0.0,0.0,0,0,normal_routine,0
TXN_UPI_100690,USR_4106,2025-01-24 19:56:00,482.43,Groceries_Daily,DEV_IN_OP12_016,OnePlus 12,Pune,18.5204,73.8567,1859.93,4493.11,-0.307,0.26,1,1,184.8167,0.0,0.0,0,0,0.0,0.0,0,0,normal_routine,0
TXN_UPI_101954,USR_4134,2025-01-24 19:56:00,1702.85,Utility_Bills,DEV_IN_OP12_044,OnePlus 12,Chennai,13.0827,80.2707,6409.69,10565.84,-0.445,0.27,1,1,89.5833,1755.8,19.6,0,0,0.0,0.0,0,0,normal_routine,0
TXN_UPI_100653,USR_4105,2025-01-24 19:57:00,656.76,Groceries_Daily,DEV_IN_SAMS23_015,Samsung Galaxy S23,Mumbai,19.076,72.8777,12601.54,21362.8,-0.559,0.05,1,1,0.01,0.0,0.0,0,3,0.0,0.0,0,0,normal_routine,0
TXN_UPI_103165,USR_4161,2025-01-24 19:57:00,34317.74,Jewelry_Luxury,DEV_IN_OP12_071,OnePlus 12,Kolkata,22.5726,88.3639,6799.2,20953.02,1.313,5.05,1,1,168.8167,0.0,0.0,0,0,0.0,0.0,0,0,benign_festive_spend,0
TXN_UPI_100110,USR_4093,2025-01-24 20:01:00,119.58,Food_Dining,DEV_IN_IPH15_003,iPhone 15,Mumbai,19.076,72.8777,3739.55,9493.12,-0.381,0.03,1,1,0.01,0.0,0.0,0,2,0.0,0.0,0,0,normal_routine,0
TXN_UPI_100512,USR_4102,2025-01-24 20:01:00,400.26,P2P_Transfer,DEV_IN_SAMS23_012,Samsung Galaxy S23,Hyderabad,17.385,78.4867,5538.91,15088.72,-0.341,0.07,1,1,16.4167,0.0,0.0,0,0,0.0,0.0,0,0,normal_routine,0
TXN_UPI_100109,USR_4093,2025-01-24 20:02:00,39333.86,Electronics_Gadgets,DEV_IN_IPH15_003,iPhone 15,Mumbai,19.076,72.8777,1762.09,4563.91,8.232,22.32,1,1,0.01,0.0,0.0,0,1,0.0,0.0,0,0,benign_festive_spend,0
TXN_UPI_102453,USR_4145,2025-01-24 20:02:00,481.84,P2P_Transfer,DEV_IN_SAMS23_055,Samsung Galaxy S23,Mumbai,19.076,72.8777,13613.92,23070.68,-0.569,0.04,1,1,0.01,0.0,0.0,0,1,0.0,0.0,0,0,normal_routine,0
TXN_UPI_101236,USR_4118,2025-01-24 20:07:00,138.47,Food_Dining,DEV_IN_IPH15_028,iPhone 15,Hyderabad,17.385,78.4867,6406.0,15898.37,-0.394,0.02,1,1,91.15,1255.39,13.77,0,4,0.0,0.0,0,0,normal_routine,0
TXN_UPI_101775,USR_4130,2025-01-24 20:20:00,196.8,Food_Dining,DEV_IN_SAMS23_040,Samsung Galaxy S23,Pune,18.5204,73.8567,9766.22,20268.92,-0.472,0.02,1,1,63.35,0.0,0.0,0,0,0.0,0.0,0,0,normal_routine,0
TXN_UPI_102446,USR_4145,2025-01-24 20:31:00,31011.99,Electronics_Gadgets,DEV_IN_SAMS23_055,Samsung Galaxy S23,Mumbai,19.076,72.8777,17172.02,26244.28,0.527,1.81,1,1,97.2167,0.0,0.0,0,0,0.0,0.0,0,0,benign_festive_spend,0
TXN_UPI_101593,USR_4126,2025-01-24 20:32:00,198.03,P2P_Transfer,DEV_IN_OP12_036,OnePlus 12,Chennai,13.0827,80.2707,13794.54,28300.79,-0.48,0.01,1,1,82.4667,8429.29,102.21,0,0,0.0,0.0,0,0,normal_routine,0
TXN_UPI_101958,USR_4134,2025-01-24 20:35:00,54527.86,Electronics_Gadgets,DEV_IN_OP12_044,OnePlus 12,Chennai,13.0827,80.2707,9008.7,18030.12,2.525,6.05,1,1,0.01,0.0,0.0,0,2,0.0,0.0,0,0,benign_festive_spend,0
TXN_UPI_101326,USR_4120,2025-01-24 20:42:00,348.38,Groceries_Daily,DEV_IN_OP12_030,OnePlus 12,Kolkata,22.5726,88.3639,6129.29,14031.26,-0.412,0.06,1,1,98.55,0.0,0.0,0,3,0.0,0.0,0,0,normal_routine,0
TXN_UPI_100647,USR_4105,2025-01-24 20:52:00,1044.53,Utility_Bills,DEV_IN_SAMS23_015,Samsung Galaxy S23,Mumbai,19.076,72.8777,10428.06,19202.24,-0.489,0.1,1,1,36.2667,0.0,0.0,0,0,0.0,0.0,0,0,normal_routine,0
TXN_UPI_102133,USR_4138,2025-01-24 20:52:00,333.07,Food_Dining,DEV_IN_IPH15_048,iPhone 15,Delhi,28.6139,77.209,9669.87,19670.14,-0.475,0.03,1,1,34.9667,0.0,0.0,0,2,0.0,0.0,0,0,normal_routine,0
TXN_UPI_100021,USR_4091,2025-01-24 21:13:00,713.12,P2P_Transfer,DEV_IN_IPH15_001,iPhone 15,Bengaluru,12.9716,77.5946,7114.22,21306.39,-0.3,0.1,1,1,0.01,0.0,0.0,0,1,0.0,0.0,0,0,normal_routine,0
TXN_UPI_103525,USR_4169,2025-01-24 21:24:00,1074.05,Utility_Bills,DEV_IN_IPH15_079,iPhone 15,Kolkata,22.5726,88.3639,5614.54,12223.7,-0.371,0.19,1,1,98.9667,0.0,0.0,0,0,0.0,0.0,0,0,normal_routine,0
TXN_UPI_102674,USR_4150,2025-01-24 21:28:00,398.56,Groceries_Daily,DEV_IN_SAMS23_060,Samsung Galaxy S23,Mumbai,19.076,72.8777,7905.37,14666.34,-0.512,0.05,1,1,26.9833,0.0,0.0,0,0,0.0,0.0,0,0,normal_routine,0
TXN_UPI_101050,USR_4114,2025-01-24 21:36:00,459.24,Food_Dining,DEV_IN_SAMS23_024,Samsung Galaxy S23,Delhi,28.6139,77.209,5301.66,16134.15,-0.3,0.09,1,1,34.5167,0.0,0.0,0,0,0.0,0.0,0,0,normal_routine,0
TXN_UPI_103534,USR_4169,2025-01-24 21:36:00,5238.91,Travel_Ticketing,DEV_IN_IPH15_079,iPhone 15,Goa,15.2993,74.124,6400.93,15986.72,-0.073,0.82,1,1,0.01,1700.57,170056.57,0,3,0.0,0.0,1,0,benign_travel,0
TXN_UPI_101280,USR_4119,2025-01-24 21:40:00,994.66,P2P_Transfer,DEV_IN_OP12_029,OnePlus 12,Bengaluru,12.9716,77.5946,8667.56,16076.19,-0.477,0.11,1,1,0.01,0.0,0.0,0,1,0.0,0.0,0,0,normal_routine,0
TXN_UPI_101190,USR_4117,2025-01-25 00:42:00,5708.21,Travel_Ticketing,DEV_IN_SAMS23_027,Samsung Galaxy S23,Mumbai,19.076,72.8777,1590.17,2319.11,1.776,3.59,1,1,0.01,1654.84,165483.91,0,1,0.0,0.0,1,0,benign_travel,0
TXN_UPI_100376,USR_4099,2025-01-25 01:01:00,16563.44,Travel_Ticketing,DEV_IN_XRN13_009,Xiaomi Redmi Note 13,Jaipur,26.9124,75.7873,3712.9,10638.08,1.208,4.46,1,1,53.3167,920.74,17.27,1,0,0.0,0.0,0,0,benign_travel,0
TXN_UPI_101640,USR_4127,2025-01-25 01:19:00,88901.23,P2P_Transfer,DEV_ROGUE_EMU_36,Linux Cloud Emulator,Mumbai,19.076,72.8777,10985.12,23941.06,3.254,8.09,0,1,63.85,0.0,0.0,1,0,1.5,2.65,0,1,hostile_account_takeover,1
TXN_UPI_103214,USR_4162,2025-01-25 02:11:00,11976.32,Travel_Ticketing,DEV_IN_XRN13_072,Xiaomi Redmi Note 13,Goa,15.2993,74.124,10698.51,21348.01,0.06,1.12,1,1,7.1667,454.99,63.49,1,0,0.0,0.0,0,0,benign_travel,0
TXN_UPI_100066,USR_4092,2025-01-25 02:28:00,79.72,Gaming_Crypto,DEV_BOTNET_01,Automated Script Bot,Kolkata,22.5726,88.3639,7465.28,18148.93,-0.407,0.01,0,1,109.35,0.0,0.0,1,13,1.5,0.11,0,1,credential_stuffing_burst,1
TXN_UPI_102086,USR_4137,2025-01-25 08:01:00,568.5,P2P_Transfer,DEV_IN_OP12_047,OnePlus 12,Hyderabad,17.385,78.4867,16026.47,24528.07,-0.63,0.04,1,1,126.3667,0.0,0.0,0,0,0.0,0.0,0,0,normal_routine,0
TXN_UPI_100783,USR_4108,2025-01-25 08:09:00,310.7,Food_Dining,DEV_IN_IPH15_018,iPhone 15,Delhi,28.6139,77.209,16321.82,21980.52,-0.728,0.02,1,1,133.2167,0.0,0.0,0,0,0.0,0.0,0,0,normal_routine,0
TXN_UPI_102718,USR_4151,2025-01-25 08:12:00,870.12,Food_Dining,DEV_IN_SAMS23_061,Samsung Galaxy S23,Bengaluru,12.9716,77.5946,11680.63,22685.82,-0.477,0.07,1,1,116.5833,0.0,0.0,0,2,0.0,0.0,0,0,normal_routine,0
TXN_UPI_102224,USR_4140,2025-01-25 08:20:00,307.96,Food_Dining,DEV_IN_XRN13_050,Xiaomi Redmi Note 13,Chennai,13.0827,80.2707,4351.25,12280.36,-0.329,0.07,1,1,0.01,0.0,0.0,0,1,0.0,0.0,0,0,normal_routine,0
TXN_UPI_100784,USR_4108,2025-01-25 08:25:00,46688.21,Gaming_Crypto,DEV_CLONE_17,Virtual Android,Lagos,6.5244,3.3792,15432.31,21673.78,1.442,3.03,0,0,0.2667,8084.29,30316.11,0,1,3.0,2.09,1,1,impossible_travel_jump,1
TXN_UPI_100160,USR_4094,2025-01-25 08:36:00,100.12,Food_Dining,DEV_IN_SAMS23_004,Samsung Galaxy S23,Bengaluru,12.9716,77.5946,8461.53,20260.48,-0.413,0.01,1,1,0.01,0.0,0.0,0,1,0.0,0.0,0,0,normal_routine,0
TXN_UPI_100108,USR_4093,2025-01-25 08:37:00,268.64,Groceries_Daily,DEV_IN_IPH15_003,iPhone 15,Mumbai,19.076,72.8777,1849.94,4681.41,-0.338,0.15,1,1,117.3167,0.0,0.0,0,0,0.0,0.0,0,0,normal_routine,0
TXN_UPI_101503,USR_4124,2025-01-25 08:41:00,403.58,Utility_Bills,DEV_IN_IPH15_034,iPhone 15,Kolkata,22.5726,88.3639,13522.3,24120.89,-0.544,0.03,1,1,168.25,0.0,0.0,0,0,0.0,0.0,0,0,normal_routine,0
TXN_UPI_101192,USR_4117,2025-01-25 08:42:00,38511.02,Food_Dining,DEV_IN_NEW_027,Samsung Galaxy S24,Kolkata,22.5726,88.3639,1727.91,2392.94,15.372,22.29,0,1,0.01,0.0,0.0,0,3,0.0,0.0,0,0,benign_new_device,0
TXN_UPI_101278,USR_4119,2025-01-25 08:54:00,969.71,Food_Dining,DEV_IN_OP12_029,OnePlus 12,Bengaluru,12.9716,77.5946,9515.92,16792.37,-0.509,0.1,1,1,95.2167,0.0,0.0,0,2,0.0,0.0,0,0,normal_routine,0
TXN_UPI_100024,USR_4091,2025-01-25 08:56:00,1186.94,Utility_Bills,DEV_IN_IPH15_001,iPhone 15,Bengaluru,12.9716,77.5946,7958.39,21082.94,-0.321,0.15,1,1,0.01,8140.55,814055.39,0,4,0.0,0.0,1,0,normal_routine,0
TXN_UPI_102131,USR_4138,2025-01-25 09:17:00,1330.18,P2P_Transfer,DEV_IN_IPH15_048,iPhone 15,Delhi,28.6139,77.209,10858.34,20650.74,-0.461,0.12,1,1,35.4667,0.0,0.0,0,0,0.0,0.0,0,0,normal_routine,0
TXN_UPI_102314,USR_4142,2025-01-25 09:18:00,988.93,Utility_Bills,DEV_IN_IPH15_052,iPhone 15,Hyderabad,17.385,78.4867,3353.45,7179.97,-0.329,0.29,1,1,109.7167,8215.23,74.88,0,0,0.0,0.0,0,0,normal_routine,0
TXN_UPI_101097,USR_4115,2025-01-25 09:25:00,143.0,Groceries_Daily,DEV_IN_XRN13_025,Xiaomi Redmi Note 13,Bengaluru,12.9716,77.5946,6946.87,19612.14,-0.347,0.02,1,1,0.01,0.0,0.0,0,1,0.0,0.0,0,0,normal_routine,0
TXN_UPI_103035,USR_4158,2025-01-25 09:25:00,452.7,Groceries_Daily,DEV_IN_SAMS23_068,Samsung Galaxy S23,Jaipur,26.9124,75.7873,6846.22,13748.03,-0.465,0.07,1,1,131.5333,0.0,0.0,0,0,0.0,0.0,0,0,normal_routine,0
TXN_UPI_101233,USR_4118,2025-01-25 09:26:00,18126.03,Electronics_Gadgets,DEV_IN_IPH15_028,iPhone 15,Hyderabad,17.385,78.4867,5796.28,16921.48,0.729,3.13,1,1,0.01,0.0,0.0,0,1,0.0,0.0,0,0,benign_festive_spend,0
TXN_UPI_103127,USR_4160,2025-01-25 09:49:00,946.71,Utility_Bills,DEV_IN_OP12_070,OnePlus 12,Chennai,13.0827,80.2707,7291.37,17352.42,-0.366,0.13,1,1,0.01,0.0,0.0,0,1,0.0,0.0,0,0,normal_routine,0
TXN_UPI_102899,USR_4155,2025-01-25 09:52:00,1135.33,P2P_Transfer,DEV_IN_SAMS23_065,Samsung Galaxy S23,Hyderabad,17.385,78.4867,2991.22,6208.95,-0.299,0.38,1,1,164.1,0.0,0.0,0,0,0.0,0.0,0,0,normal_routine,0
TXN_UPI_102766,USR_4152,2025-01-25 09:58:00,93.03,Food_Dining,DEV_IN_OP12_062,OnePlus 12,Bengaluru,12.9716,77.5946,3556.5,9318.24,-0.372,0.03,1,1,0.01,0.0,0.0,0,2,0.0,0.0,0,0,normal_routine,0
TXN_UPI_100423,USR_4100,2025-01-25 11:16:00,693.89,Utility_Bills,DEV_IN_OP12_010,OnePlus 12,Pune,18.5204,73.8567,7587.49,18878.7,-0.365,0.09,1,1,95.5833,0.0,0.0,0,0,0.0,0.0,0,0,normal_routine,0
TXN_UPI_103263,USR_4163,2025-01-25 11:19:00,1072.04,P2P_Transfer,DEV_IN_XRN13_073,Xiaomi Redmi Note 13,Chennai,13.0827,80.2707,5955.33,12560.62,-0.389,0.18,1,1,0.01,0.0,0.0,0,1,0.0,0.0,0,0,normal_routine,0
TXN_UPI_102807,USR_4153,2025-01-25 11:43:00,1100.62,P2P_Transfer,DEV_IN_XRN13_063,Xiaomi Redmi Note 13,Mumbai,19.076,72.8777,10029.29,18791.38,-0.475,0.11,1,1,89.0833,0.0,0.0,0,0,0.0,0.0,0,0,normal_routine,0
TXN_UPI_102271,USR_4141,2025-01-25 11:53:00,368.45,Groceries_Daily,DEV_IN_OP12_051,OnePlus 12,Hyderabad,17.385,78.4867,6807.96,17743.79,-0.363,0.05,1,1,16.7667,0.0,0.0,0,3,0.0,0.0,0,0,normal_routine,0
TXN_UPI_101240,USR_4118,2025-01-25 11:54:00,437.4,Groceries_Daily,DEV_IN_IPH15_028,iPhone 15,Hyderabad,17.385,78.4867,7257.63,16507.0,-0.413,0.06,1,1,0.01,0.0,0.0,0,2,0.0,0.0,0,0,normal_routine,0
TXN_UPI_100834,USR_4109,2025-01-25 13:01:00,985.22,Utility_Bills,DEV_IN_IPH15_019,iPhone 15,Pune,18.5204,73.8567,6984.14,16933.55,-0.354,0.14,1,1,0.01,0.0,0.0,0,3,0.0,0.0,0,0,normal_routine,0
TXN_UPI_103076,USR_4159,2025-01-25 13:03:00,373.19,Groceries_Daily,DEV_IN_XRN13_069,Xiaomi Redmi Note 13,Delhi,28.6139,77.209,10348.91,18465.79,-0.54,0.04,1,1,159.7833,8084.29,50.6,0,0,0.0,0.0,0,0,normal_routine,0
TXN_UPI_103171,USR_4161,2025-01-25 13:09:00,710.15,P2P_Transfer,DEV_IN_OP12_071,OnePlus 12,Kolkata,22.5726,88.3639,6834.66,18774.95,-0.326,0.1,1,1,0.01,0.0,0.0,0,1,0.0,0.0,0,0,normal_routine,0
TXN_UPI_103484,USR_4168,2025-01-25 13:13:00,201.11,Food_Dining,DEV_IN_XRN13_078,Xiaomi Redmi Note 13,Pune,18.5204,73.8567,3159.53,6495.64,-0.455,0.06,1,1,147.5333,0.0,0.0,0,0,0.0,0.0,0,0,normal_routine,0
TXN_UPI_102047,USR_4136,2025-01-25 13:20:00,1724.98,Utility_Bills,DEV_IN_SAMS23_046,Samsung Galaxy S23,Pune,18.5204,73.8567,2277.09,5573.47,-0.099,0.76,1,1,0.01,0.0,0.0,0,1,0.0,0.0,0,0,normal_routine,0
TXN_UPI_102402,USR_4144,2025-01-25 13:41:00,286.39,Food_Dining,DEV_IN_OP12_054,OnePlus 12,Jaipur,26.9124,75.7873,5509.65,12414.62,-0.421,0.05,1,1,171.9167,0.0,0.0,0,0,0.0,0.0,0,0,normal_routine,0
TXN_UPI_102041,USR_4136,2025-01-25 13:43:00,12444.7,Travel_Ticketing,DEV_IN_SAMS23_046,Samsung Galaxy S23,Delhi,28.6139,77.209,2181.15,5959.21,1.722,5.71,1,1,39.9667,1172.99,29.35,0,0,0.0,0.0,0,0,benign_travel,0
TXN_UPI_100744,USR_4107,2025-01-25 13:46:00,156.63,Food_Dining,DEV_IN_OP12_017,OnePlus 12,Chennai,13.0827,80.2707,6731.75,14491.48,-0.454,0.02,1,1,0.01,0.0,0.0,0,2,0.0,0.0,0,0,normal_routine,0
TXN_UPI_100874,USR_4110,2025-01-25 13:53:00,538.2,Groceries_Daily,DEV_IN_OP12_020,OnePlus 12,Jaipur,26.9124,75.7873,1585.67,3654.57,-0.287,0.34,1,1,91.35,0.0,0.0,0,2,0.0,0.0,0,0,normal_routine,0
TXN_UPI_103440,USR_4167,2025-01-25 13:55:00,178.16,Groceries_Daily,DEV_IN_XRN13_077,Xiaomi Redmi Note 13,Hyderabad,17.385,78.4867,9908.29,17772.39,-0.547,0.02,1,1,89.0167,0.0,0.0,0,0,0.0,0.0,0,0,normal_routine,0
TXN_UPI_102000,USR_4135,2025-01-25 13:58:00,906.65,P2P_Transfer,DEV_IN_OP12_045,OnePlus 12,Bengaluru,12.9716,77.5946,4766.63,12917.35,-0.299,0.19,1,1,66.95,0.0,0.0,0,0,0.0,0.0,0,0,normal_routine,0
TXN_UPI_101776,USR_4130,2025-01-25 13:59:00,1032.44,P2P_Transfer,DEV_IN_SAMS23_040,Samsung Galaxy S23,Pune,18.5204,73.8567,9287.75,19865.48,-0.416,0.11,1,1,17.65,0.0,0.0,0,0,0.0,0.0,0,0,normal_routine,0
TXN_UPI_100875,USR_4110,2025-01-25 14:03:00,52052.83,P2P_Transfer,DEV_CLONE_19,Virtual Android,Lagos,6.5244,3.3792,1530.54,3564.77,14.173,34.01,0,0,0.1667,7937.78,47626.68,0,3,3.0,5.33,1,1,impossible_travel_jump,1
TXN_UPI_102087,USR_4137,2025-01-25 14:58:00,15493.15,Travel_Ticketing,DEV_IN_OP12_047,OnePlus 12,Delhi,28.6139,77.209,15060.35,24042.16,0.018,1.03,1,1,6.95,1255.39,180.63,0,0,0.0,0.0,0,0,benign_travel,0
TXN_UPI_102184,USR_4139,2025-01-25 16:30:00,17876.3,Travel_Ticketing,DEV_IN_OP12_049,OnePlus 12,Jaipur,26.9124,75.7873,3262.43,8595.35,1.7,5.48,1,1,0.01,953.87,95387.07,0,1,0.0,0.0,1,0,benign_travel,0
TXN_UPI_102317,USR_4142,2025-01-25 17:05:00,16881.65,Travel_Ticketing,DEV_IN_IPH15_052,iPhone 15,Goa,15.2993,74.124,3017.87,6698.11,2.07,5.59,1,1,0.01,520.05,52004.67,0,1,0.0,0.0,1,0,benign_travel,0
TXN_UPI_103220,USR_4162,2025-01-25 17:47:00,13835.96,Travel_Ticketing,DEV_IN_XRN13_072,Xiaomi Redmi Note 13,Delhi,28.6139,77.209,8690.38,18928.46,0.272,1.59,1,1,0.01,1739.8,173980.21,0,1,0.0,0.0,1,0,benign_travel,0
TXN_UPI_101864,USR_4132,2025-01-25 18:07:00,944.82,Groceries_Daily,DEV_IN_OP12_042,OnePlus 12,Hyderabad,17.385,78.4867,1006.65,1489.07,-0.042,0.94,1,1,116.1333,0.0,0.0,0,0,0.0,0.0,0,0,normal_routine,0
TXN_UPI_100335,USR_4098,2025-01-25 18:15:00,685.33,Food_Dining,DEV_IN_IPH15_008,iPhone 15,Hyderabad,17.385,78.4867,10986.73,23278.69,-0.443,0.06,1,1,0.01,0.0,0.0,0,1,0.0,0.0,0,0,normal_routine,0
TXN_UPI_100427,USR_4100,2025-01-25 18:21:00,455.36,Food_Dining,DEV_IN_OP12_010,OnePlus 12,Pune,18.5204,73.8567,6261.73,17204.79,-0.337,0.07,1,1,0.01,0.0,0.0,0,1,0.0,0.0,0,0,normal_routine,0
TXN_UPI_102716,USR_4151,2025-01-25 18:30:00,1577.97,Utility_Bills,DEV_IN_SAMS23_061,Samsung Galaxy S23,Bengaluru,12.9716,77.5946,12977.64,23852.63,-0.478,0.12,1,1,119.95,0.0,0.0,0,0,0.0,0.0,0,0,normal_routine,0
TXN_UPI_100204,USR_4095,2025-01-25 18:31:00,461.65,Utility_Bills,DEV_IN_IPH15_005,iPhone 15,Kolkata,22.5726,88.3639,14432.41,23945.88,-0.583,0.03,1,1,0.01,0.0,0.0,0,3,0.0,0.0,0,0,normal_routine,0
TXN_UPI_100428,USR_4100,2025-01-25 18:38:00,24520.31,Electronics_Gadgets,DEV_CLONE_09,Virtual Android,Lagos,6.5244,3.3792,5997.8,16852.68,1.099,4.09,0,0,0.2833,7723.26,27258.58,0,2,3.0,2.44,1,0,impossible_travel_jump,1
TXN_UPI_102763,USR_4152,2025-01-25 18:39:00,519.14,Groceries_Daily,DEV_IN_OP12_062,OnePlus 12,Bengaluru,12.9716,77.5946,3990.82,10035.64,-0.346,0.13,1,1,165.7667,0.0,0.0,0,0,0.0,0.0,0,0,normal_routine,0
TXN_UPI_101191,USR_4117,2025-01-25 18:40:00,364.64,Groceries_Daily,DEV_IN_SAMS23_027,Samsung Galaxy S23,Kolkata,22.5726,88.3639,1796.08,2432.05,-0.589,0.2,1,1,17.9667,1654.84,92.11,0,2,0.0,0.0,0,0,normal_routine,0
TXN_UPI_101276,USR_4119,2025-01-25 18:47:00,425.07,Groceries_Daily,DEV_IN_OP12_029,OnePlus 12,Bengaluru,12.9716,77.5946,10728.79,17523.63,-0.588,0.04,1,1,199.25,0.0,0.0,0,0,0.0,0.0,0,0,normal_routine,0
TXN_UPI_100379,USR_4099,2025-01-25 18:48:00,535.54,Utility_Bills,DEV_IN_XRN13_009,Xiaomi Redmi Note 13,Mumbai,19.076,72.8777,4906.37,10497.45,-0.416,0.11,1,1,0.01,920.74,92074.24,0,1,0.0,0.0,1,0,normal_routine,0
TXN_UPI_100562,USR_4103,2025-01-25 18:55:00,916.08,Utility_Bills,DEV_IN_SAMS23_013,Samsung Galaxy S23,Hyderabad,17.385,78.4867,6090.34,17237.52,-0.3,0.15,1,1,0.01,0.0,0.0,0,1,0.0,0.0,0,0,normal_routine,0
TXN_UPI_102942,USR_4156,2025-01-25 19:03:00,253.09,Food_Dining,DEV_IN_SAMS23_066,Samsung Galaxy S23,Jaipur,26.9124,75.7873,1510.85,3196.93,-0.393,0.17,1,1,94.2667,0.0,0.0,0,0,0.0,0.0,0,0,normal_routine,0
TXN_UPI_103444,USR_4167,2025-01-25 19:04:00,468.33,Utility_Bills,DEV_IN_XRN13_077,Xiaomi Redmi Note 13,Hyderabad,17.385,78.4867,8340.41,16511.82,-0.477,0.06,1,1,0.01,0.0,0.0,0,1,0.0,0.0,0,0,normal_routine,0
TXN_UPI_100475,USR_4101,2025-01-25 19:13:00,847.07,Utility_Bills,DEV_IN_IPH15_011,iPhone 15,Mumbai,19.076,72.8777,10518.12,20681.61,-0.468,0.08,1,1,0.01,0.0,0.0,0,2,0.0,0.0,0,0,normal_routine,0
TXN_UPI_100922,USR_4111,2025-01-25 19:15:00,1819.16,Utility_Bills,DEV_IN_SAMS23_021,Samsung Galaxy S23,Hyderabad,17.385,78.4867,9784.99,21793.31,-0.366,0.19,1,1,0.01,0.0,0.0,0,1,0.0,0.0,0,0,normal_routine,0
TXN_UPI_101866,USR_4132,2025-01-25 19:26:00,511.82,Food_Dining,DEV_IN_OP12_042,OnePlus 12,Hyderabad,17.385,78.4867,968.23,1421.01,-0.321,0.53,1,1,53.6833,0.0,0.0,0,0,0.0,0.0,0,0,normal_routine,0
TXN_UPI_102583,USR_4148,2025-01-25 19:26:00,1123.82,Utility_Bills,DEV_IN_XRN13_058,Xiaomi Redmi Note 13,Pune,18.5204,73.8567,9007.4,19954.31,-0.395,0.12,1,1,0.01,0.0,0.0,0,1,0.0,0.0,0,0,normal_routine,0
TXN_UPI_100652,USR_4105,2025-01-25 19:27:00,235.62,Groceries_Daily,DEV_IN_SAMS23_015,Samsung Galaxy S23,Mumbai,19.076,72.8777,13190.4,21690.38,-0.597,0.02,1,1,106.4667,0.0,0.0,0,2,0.0,0.0,0,0,normal_routine,0
TXN_UPI_102943,USR_4156,2025-01-25 19:27:00,18253.54,P2P_Transfer,DEV_CLONE_65,Virtual Android,Lagos,6.5244,3.3792,1436.87,3115.57,5.398,12.7,0,0,0.4,7937.78,19844.45,0,1,3.0,3.93,1,1,impossible_travel_jump,1
TXN_UPI_103485,USR_4168,2025-01-25 19:28:00,816.34,Groceries_Daily,DEV_IN_XRN13_078,Xiaomi Redmi Note 13,Pune,18.5204,73.8567,3003.83,6356.81,-0.344,0.27,1,1,6.25,0.0,0.0,0,0,0.0,0.0,0,0,normal_routine,0
TXN_UPI_102137,USR_4138,2025-01-25 19:42:00,1771.34,Utility_Bills,DEV_IN_IPH15_048,iPhone 15,Delhi,28.6139,77.209,7915.01,18064.22,-0.34,0.22,1,1,0.01,0.0,0.0,0,1,0.0,0.0,0,0,normal_routine,0
TXN_UPI_101506,USR_4124,2025-01-25 19:47:00,474.98,Groceries_Daily,DEV_IN_IPH15_034,iPhone 15,Kolkata,22.5726,88.3639,11600.28,22705.18,-0.49,0.04,1,1,29.9667,0.0,0.0,0,2,0.0,0.0,0,0,normal_routine,0
TXN_UPI_100294,USR_4097,2025-01-25 19:52:00,164.84,Groceries_Daily,DEV_IN_XRN13_007,Xiaomi Redmi Note 13,Delhi,28.6139,77.209,8200.41,17889.55,-0.449,0.02,1,1,0.01,0.0,0.0,0,1,0.0,0.0,0,0,normal_routine,0
TXN_UPI_100340,USR_4098,2025-01-25 19:58:00,21081.38,Food_Dining,DEV_IN_IPH15_008,iPhone 15,Hyderabad,17.385,78.4867,8865.06,21121.6,0.578,2.38,1,1,0.01,0.0,0.0,0,1,0.0,0.0,0,0,benign_festive_spend,0
TXN_UPI_100069,USR_4092,2025-01-25 20:00:00,731.93,P2P_Transfer,DEV_IN_OP12_002,OnePlus 12,Kolkata,22.5726,88.3639,9757.93,21963.42,-0.411,0.08,1,1,0.01,0.0,0.0,0,1,0.0,0.0,0,0,normal_routine,0
TXN_UPI_103124,USR_4160,2025-01-25 20:02:00,75551.5,Jewelry_Luxury,DEV_IN_OP12_070,OnePlus 12,Chennai,13.0827,80.2707,4288.52,8820.81,8.079,17.62,1,1,179.9667,0.0,0.0,0,2,0.0,0.0,0,0,benign_festive_spend,0
TXN_UPI_101554,USR_4125,2025-01-25 20:08:00,360.71,Groceries_Daily,DEV_IN_OP12_035,OnePlus 12,Pune,18.5204,73.8567,5713.84,15711.31,-0.341,0.06,1,1,31.0333,0.0,0.0,0,7,0.0,0.0,0,0,normal_routine,0
TXN_UPI_101096,USR_4115,2025-01-25 20:12:00,625.68,P2P_Transfer,DEV_IN_XRN13_025,Xiaomi Redmi Note 13,Bengaluru,12.9716,77.5946,7368.29,20185.07,-0.334,0.08,1,1,155.6,0.0,0.0,0,0,0.0,0.0,0,0,normal_routine,0
TXN_UPI_100471,USR_4101,2025-01-25 20:20:00,1011.78,P2P_Transfer,DEV_IN_IPH15_011,iPhone 15,Mumbai,19.076,72.8777,12453.99,22153.32,-0.517,0.08,1,1,49.3833,0.0,0.0,0,0,0.0,0.0,0,0,normal_routine,0
TXN_UPI_101420,USR_4122,2025-01-25 20:27:00,760.4,P2P_Transfer,DEV_IN_XRN13_032,Xiaomi Redmi Note 13,Delhi,28.6139,77.209,4609.09,11085.42,-0.347,0.16,1,1,26.3167,0.0,0.0,0,4,0.0,0.0,0,0,normal_routine,0
TXN_UPI_100286,USR_4097,2025-01-25 20:30:00,865.58,P2P_Transfer,DEV_IN_XRN13_007,Xiaomi Redmi Note 13,Delhi,28.6139,77.209,6290.07,12917.45,-0.42,0.14,1,1,214.9167,0.0,0.0,0,0,0.0,0.0,0,0,normal_routine,0
TXN_UPI_100245,USR_4096,2025-01-25 20:34:00,792.98,Utility_Bills,DEV_IN_SAMS23_006,Samsung Galaxy S23,Jaipur,26.9124,75.7873,796.54,578.46,-0.006,1.0,1,1,0.01,0.0,0.0,0,1,0.0,0.0,0,0,normal_routine,0
TXN_UPI_103397,USR_4166,2025-01-25 20:38:00,1362.89,P2P_Transfer,DEV_IN_SAMS23_076,Samsung Galaxy S23,Bengaluru,12.9716,77.5946,7754.39,18556.51,-0.344,0.18,1,1,82.8667,0.0,0.0,0,2,0.0,0.0,0,0,normal_routine,0
TXN_UPI_100519,USR_4102,2025-01-25 20:53:00,865.23,P2P_Transfer,DEV_IN_SAMS23_012,Samsung Galaxy S23,Hyderabad,17.385,78.4867,7737.8,18088.49,-0.38,0.11,1,1,0.01,0.0,0.0,0,1,0.0,0.0,0,0,normal_routine,0
TXN_UPI_101684,USR_4128,2025-01-25 20:53:00,156.78,Food_Dining,DEV_IN_SAMS23_038,Samsung Galaxy S23,Bengaluru,12.9716,77.5946,6569.26,16316.2,-0.393,0.02,1,1,151.1833,0.0,0.0,0,0,0.0,0.0,0,0,normal_routine,0
TXN_UPI_101189,USR_4117,2025-01-25 21:01:00,1933.46,Utility_Bills,DEV_IN_SAMS23_027,Samsung Galaxy S23,Kolkata,22.5726,88.3639,1571.1,2381.21,0.152,1.23,1,1,167.2,0.0,0.0,0,0,0.0,0.0,0,0,normal_routine,0
TXN_UPI_100560,USR_4103,2025-01-25 21:24:00,1643.35,Utility_Bills,DEV_IN_SAMS23_013,Samsung Galaxy S23,Hyderabad,17.385,78.4867,6642.97,18031.49,-0.277,0.25,1,1,98.7833,0.0,0.0,0,0,0.0,0.0,0,0,normal_routine,0
TXN_UPI_101102,USR_4115,2025-01-25 21:35:00,208.05,Food_Dining,DEV_IN_XRN13_025,Xiaomi Redmi Note 13,Bengaluru,12.9716,77.5946,5402.83,17341.46,-0.3,0.04,1,1,72.5667,0.0,0.0,0,3,0.0,0.0,0,0,normal_routine,0
TXN_UPI_101418,USR_4122,2025-01-25 21:38:00,221.64,Groceries_Daily,DEV_IN_XRN13_032,Xiaomi Redmi Note 13,Delhi,28.6139,77.209,4961.81,11512.67,-0.412,0.04,1,1,49.1,0.0,0.0,0,2,0.0,0.0,0,0,normal_routine,0
TXN_UPI_102361,USR_4143,2025-01-25 21:38:00,1105.94,P2P_Transfer,DEV_IN_XRN13_053,Xiaomi Redmi Note 13,Pune,18.5204,73.8567,4738.45,16213.6,-0.224,0.23,1,1,128.5667,0.0,0.0,0,0,0.0,0.0,0,0,normal_routine,0
TXN_UPI_102992,USR_4157,2025-01-25 21:41:00,136.71,Food_Dining,DEV_IN_SAMS23_067,Samsung Galaxy S23,Jaipur,26.9124,75.7873,6959.66,14366.58,-0.475,0.02,1,1,48.8333,0.0,0.0,0,5,0.0,0.0,0,0,normal_routine,0
TXN_UPI_102275,USR_4141,2025-01-25 21:48:00,9461.98,Travel_Ticketing,DEV_IN_OP12_051,OnePlus 12,Jaipur,26.9124,75.7873,7612.52,18127.12,0.102,1.24,1,1,0.01,1095.15,109514.66,0,1,0.0,0.0,1,0,benign_travel,0
TXN_UPI_101010,USR_4113,2025-01-25 21:51:00,1224.47,P2P_Transfer,DEV_IN_OP12_023,OnePlus 12,Delhi,28.6139,77.209,2902.25,6230.09,-0.269,0.42,1,1,145.3667,0.0,0.0,0,0,0.0,0.0,0,0,normal_routine,0
TXN_UPI_103303,USR_4164,2025-01-25 22:01:00,16330.7,Travel_Ticketing,DEV_IN_IPH15_074,iPhone 15,Jaipur,26.9124,75.7873,9224.15,18952.42,0.375,1.77,1,1,50.2833,235.29,4.68,0,0,0.0,0.0,0,0,benign_travel,0
TXN_UPI_103304,USR_4164,2025-01-25 22:23:00,28665.65,Gaming_Crypto,DEV_CLONE_73,Virtual Android,Lagos,6.5244,3.3792,9618.96,18490.24,1.03,2.98,0,0,0.3667,7937.78,21648.49,0,1,3.0,2.07,1,1,impossible_travel_jump,1
TXN_UPI_100925,USR_4111,2025-01-26 00:30:00,13398.1,Travel_Ticketing,DEV_IN_SAMS23_021,Samsung Galaxy S23,Jaipur,26.9124,75.7873,8678.52,20596.24,0.229,1.54,1,1,0.01,1095.15,109514.66,0,1,0.0,0.0,1,0,benign_travel,0
TXN_UPI_101961,USR_4134,2025-01-26 01:17:00,3671.64,P2P_Transfer,DEV_IN_OP12_044,OnePlus 12,Chennai,13.0827,80.2707,10180.16,19309.66,-0.337,0.36,1,1,0.01,0.0,0.0,1,2,0.0,0.0,0,0,emergency_nocturnal_legit,0
TXN_UPI_102582,USR_4148,2025-01-26 03:11:00,5362.14,Food_Dining,DEV_IN_XRN13_058,Xiaomi Redmi Note 13,Pune,18.5204,73.8567,9235.23,20546.97,-0.188,0.58,1,1,199.9333,0.0,0.0,1,0,0.0,0.0,0,0,emergency_nocturnal_legit,0
TXN_UPI_102046,USR_4136,2025-01-26 03:50:00,64.08,Gaming_Crypto,DEV_BOTNET_45,Automated Script Bot,Pune,18.5204,73.8567,2387.74,5688.56,-0.408,0.03,0,1,79.9167,0.0,0.0,1,9,1.5,0.11,0,1,credential_stuffing_burst,1
TXN_UPI_102273,USR_4141,2025-01-26 08:04:00,45306.03,Electronics_Gadgets,DEV_IN_NEW_051,Samsung Galaxy S24,Hyderabad,17.385,78.4867,6216.69,17021.06,2.297,7.29,0,1,46.9,0.0,0.0,0,5,0.0,0.0,0,0,benign_new_device,0
TXN_UPI_102544,USR_4147,2025-01-26 08:07:00,652.19,Utility_Bills,DEV_IN_XRN13_057,Xiaomi Redmi Note 13,Pune,18.5204,73.8567,11987.36,22171.64,-0.511,0.05,1,1,68.75,0.0,0.0,0,2,0.0,0.0,0,0,normal_routine,0
TXN_UPI_100963,USR_4112,2025-01-26 08:11:00,732.03,Utility_Bills,DEV_IN_SAMS23_022,Samsung Galaxy S23,Hyderabad,17.385,78.4867,1026.76,1381.61,-0.213,0.71,1,1,61.0333,0.0,0.0,0,0,0.0,0.0,0,0,normal_routine,0
TXN_UPI_102950,USR_4156,2025-01-26 08:15:00,227.64,Groceries_Daily,DEV_IN_SAMS23_066,Samsung Galaxy S23,Jaipur,26.9124,75.7873,2486.87,4756.98,-0.475,0.09,1,1,0.01,0.0,0.0,0,3,0.0,0.0,0,0,normal_routine,0
TXN_UPI_101232,USR_4118,2025-01-26 08:18:00,1254.1,P2P_Transfer,DEV_IN_IPH15_028,iPhone 15,Hyderabad,17.385,78.4867,6080.17,17402.95,-0.277,0.21,1,1,238.3167,0.0,0.0,0,0,0.0,0.0,0,0,normal_routine,0
TXN_UPI_101457,USR_4123,2025-01-26 08:18:00,1412.62,P2P_Transfer,DEV_IN_OP12_033,OnePlus 12,Chennai,13.0827,80.2707,3465.76,8700.35,-0.236,0.41,1,1,138.7,0.0,0.0,0,0,0.0,0.0,0,0,normal_routine,0
TXN_UPI_101413,USR_4122,2025-01-26 08:50:00,344.19,Food_Dining,DEV_IN_XRN13_032,Xiaomi Redmi Note 13,Delhi,28.6139,77.209,6288.38,12796.2,-0.465,0.05,1,1,107.3167,0.0,0.0,0,0,0.0,0.0,0,0,normal_routine,0
TXN_UPI_102494,USR_4146,2025-01-26 09:01:00,508.02,Groceries_Daily,DEV_IN_SAMS23_056,Samsung Galaxy S23,Hyderabad,17.385,78.4867,10727.47,23674.22,-0.432,0.05,1,1,163.3,0.0,0.0,0,0,0.0,0.0,0,0,normal_routine,0
TXN_UPI_103401,USR_4166,2025-01-26 09:05:00,191.74,Food_Dining,DEV_IN_SAMS23_076,Samsung Galaxy S23,Bengaluru,12.9716,77.5946,7080.81,17180.97,-0.401,0.03,1,1,0.01,845.32,84531.84,0,3,0.0,0.0,1,0,normal_routine,0
TXN_UPI_102987,USR_4157,2025-01-26 09:17:00,48343.97,Jewelry_Luxury,DEV_IN_SAMS23_067,Samsung Galaxy S23,Jaipur,26.9124,75.7873,3795.09,9860.12,4.518,12.74,1,1,187.9667,0.0,0.0,0,0,0.0,0.0,0,0,benign_festive_spend,0
TXN_UPI_100745,USR_4107,2025-01-26 09:21:00,1357.82,Utility_Bills,DEV_IN_OP12_017,OnePlus 12,Chennai,13.0827,80.2707,6457.79,14247.07,-0.358,0.21,1,1,19.5833,0.0,0.0,0,3,0.0,0.0,0,0,normal_routine,0
TXN_UPI_100603,USR_4104,2025-01-26 09:46:00,966.59,Utility_Bills,DEV_IN_OP12_014,OnePlus 12,Mumbai,19.076,72.8777,12618.83,21770.72,-0.535,0.08,1,1,181.0167,0.0,0.0,0,0,0.0,0.0,0,0,normal_routine,0
TXN_UPI_102455,USR_4145,2025-01-26 09:57:00,875.39,Utility_Bills,DEV_IN_SAMS23_055,Samsung Galaxy S23,Mumbai,19.076,72.8777,12541.2,22373.31,-0.521,0.07,1,1,0.01,0.0,0.0,0,1,0.0,0.0,0,0,normal_routine,0
TXN_UPI_101323,USR_4120,2025-01-26 09:58:00,404.98,Groceries_Daily,DEV_IN_OP12_030,OnePlus 12,Kolkata,22.5726,88.3639,7081.78,15017.38,-0.445,0.06,1,1,102.9167,1303.83,12.67,0,0,0.0,0.0,0,0,normal_routine,0
TXN_UPI_103353,USR_4165,2025-01-26 11:10:00,22390.55,Jewelry_Luxury,DEV_IN_IPH15_075,iPhone 15,Bengaluru,12.9716,77.5946,8569.83,21922.31,0.63,2.61,1,1,40.5167,0.0,0.0,0,0,0.0,0.0,0,0,benign_festive_spend,0
TXN_UPI_100515,USR_4102,2025-01-26 11:15:00,383.51,Groceries_Daily,DEV_IN_SAMS23_012,Samsung Galaxy S23,Hyderabad,17.385,78.4867,8301.55,19540.88,-0.405,0.05,1,1,161.2,0.0,0.0,0,0,0.0,0.0,0,0,normal_routine,0
TXN_UPI_100516,USR_4102,2025-01-26 11:27:00,18344.03,Electronics_Gadgets,DEV_CLONE_11,Virtual Android,Lagos,6.5244,3.3792,7905.65,19124.12,0.546,2.32,0,0,0.2,8215.23,41076.14,0,1,3.0,1.8,1,0,impossible_travel_jump,1
TXN_UPI_102541,USR_4147,2025-01-26 11:38:00,3195.23,Utility_Bills,DEV_IN_XRN13_057,Xiaomi Redmi Note 13,Pune,18.5204,73.8567,12748.16,23507.24,-0.406,0.25,1,1,69.8833,0.0,0.0,0,2,0.0,0.0,0,0,normal_routine,0
TXN_UPI_103167,USR_4161,2025-01-26 11:41:00,625.14,Groceries_Daily,DEV_IN_OP12_071,OnePlus 12,Kolkata,22.5726,88.3639,8226.34,20756.07,-0.366,0.08,1,1,112.6667,0.0,0.0,0,0,0.0,0.0,0,0,normal_routine,0
TXN_UPI_102495,USR_4146,2025-01-26 11:45:00,310.72,Groceries_Daily,DEV_IN_SAMS23_056,Samsung Galaxy S23,Hyderabad,17.385,78.4867,10189.61,23155.51,-0.427,0.03,1,1,2.7333,0.0,0.0,0,0,0.0,0.0,0,0,normal_routine,0
TXN_UPI_103575,USR_4170,2025-01-26 11:45:00,64537.67,Electronics_Gadgets,DEV_IN_IPH15_080,iPhone 15,Chennai,13.0827,80.2707,3092.01,7960.44,7.719,20.87,1,1,134.4833,0.0,0.0,0,0,0.0,0.0,0,0,benign_festive_spend,0
TXN_UPI_101054,USR_4114,2025-01-26 13:07:00,690.57,Utility_Bills,DEV_IN_SAMS23_024,Samsung Galaxy S23,Delhi,28.6139,77.209,4202.22,14376.93,-0.244,0.16,1,1,0.01,0.0,0.0,0,1,0.0,0.0,0,0,normal_routine,0
TXN_UPI_100830,USR_4109,2025-01-26 13:18:00,205.01,Food_Dining,DEV_IN_IPH15_019,iPhone 15,Pune,18.5204,73.8567,8371.87,18331.18,-0.446,0.02,1,1,80.95,0.0,0.0,0,2,0.0,0.0,0,0,normal_routine,0
TXN_UPI_102901,USR_4155,2025-01-26 13:25:00,666.08,P2P_Transfer,DEV_IN_SAMS23_065,Samsung Galaxy S23,Hyderabad,17.385,78.4867,2797.16,5919.09,-0.36,0.24,1,1,43.3333,0.0,0.0,0,0,0.0,0.0,0,0,normal_routine,0
TXN_UPI_102585,USR_4148,2025-01-26 13:36:00,468.15,Groceries_Daily,DEV_IN_XRN13_058,Xiaomi Redmi Note 13,Pune,18.5204,73.8567,8127.87,19048.9,-0.402,0.06,1,1,88.8,0.0,0.0,0,0,0.0,0.0,0,0,normal_routine,0
TXN_UPI_100790,USR_4108,2025-01-26 13:40:00,238.96,Groceries_Daily,DEV_IN_IPH15_018,iPhone 15,Delhi,28.6139,77.209,13737.18,20816.46,-0.648,0.02,1,1,0.01,0.0,0.0,0,1,0.0,0.0,0,0,normal_routine,0
TXN_UPI_101331,USR_4120,2025-01-26 13:53:00,465.72,Food_Dining,DEV_IN_OP12_030,OnePlus 12,Kolkata,22.5726,88.3639,4993.08,12754.1,-0.355,0.09,1,1,0.01,0.0,0.0,0,1,0.0,0.0,0,0,normal_routine,0
TXN_UPI_103041,USR_4158,2025-01-26 13:55:00,1109.06,P2P_Transfer,DEV_IN_SAMS23_068,Samsung Galaxy S23,Jaipur,26.9124,75.7873,5501.93,12239.27,-0.359,0.2,1,1,0.01,0.0,0.0,0,1,0.0,0.0,0,0,normal_routine,0
TXN_UPI_102001,USR_4135,2025-01-26 13:59:00,884.79,P2P_Transfer,DEV_IN_OP12_045,OnePlus 12,Bengaluru,12.9716,77.5946,4573.63,12618.35,-0.292,0.19,1,1,24.0167,0.0,0.0,0,0,0.0,0.0,0,0,normal_routine,0
TXN_UPI_103400,USR_4166,2025-01-26 14:43:00,11681.03,Travel_Ticketing,DEV_IN_SAMS23_076,Samsung Galaxy S23,Mumbai,19.076,72.8777,6889.13,17509.05,0.274,1.7,1,1,0.01,845.32,84531.84,0,2,0.0,0.0,1,0,benign_travel,0
TXN_UPI_100608,USR_4104,2025-01-26 18:01:00,528.78,Food_Dining,DEV_IN_OP12_014,OnePlus 12,Mumbai,19.076,72.8777,16455.43,25029.22,-0.636,0.03,1,1,0.01,0.0,0.0,0,1,0.0,0.0,0,0,normal_routine,0
TXN_UPI_102949,USR_4156,2025-01-26 18:07:00,1066.62,P2P_Transfer,DEV_IN_SAMS23_066,Samsung Galaxy S23,Jaipur,26.9124,75.7873,2548.63,4849.87,-0.306,0.42,1,1,76.3833,0.0,0.0,0,2,0.0,0.0,0,0,normal_routine,0
TXN_UPI_102222,USR_4140,2025-01-26 18:34:00,648.98,Groceries_Daily,DEV_IN_XRN13_050,Xiaomi Redmi Note 13,Chennai,13.0827,80.2707,4845.74,12940.22,-0.324,0.13,1,1,168.15,0.0,0.0,0,0,0.0,0.0,0,0,normal_routine,0
TXN_UPI_101551,USR_4125,2025-01-26 18:41:00,900.96,Utility_Bills,DEV_IN_OP12_035,OnePlus 12,Pune,18.5204,73.8567,6494.32,16708.98,-0.335,0.14,1,1,71.45,0.0,0.0,0,4,0.0,0.0,0,0,normal_routine,0
TXN_UPI_102497,USR_4146,2025-01-26 18:45:00,253.48,Groceries_Daily,DEV_IN_SAMS23_056,Samsung Galaxy S23,Hyderabad,17.385,78.4867,9243.49,22217.5,-0.405,0.03,1,1,0.01,0.0,0.0,0,1,0.0,0.0,0,0,normal_routine,0
TXN_UPI_102051,USR_4136,2025-01-26 18:54:00,310.75,Groceries_Daily,DEV_IN_SAMS23_046,Samsung Galaxy S23,Pune,18.5204,73.8567,2043.13,5141.3,-0.337,0.15,1,1,0.01,0.0,0.0,0,2,0.0,0.0,0,0,normal_routine,0
TXN_UPI_101372,USR_4121,2025-01-26 18:55:00,1178.86,Utility_Bills,DEV_IN_OP12_031,OnePlus 12,Kolkata,22.5726,88.3639,5362.29,14231.83,-0.294,0.22,1,1,70.7667,0.0,0.0,0,2,0.0,0.0,0,0,normal_routine,0
TXN_UPI_102500,USR_4146,2025-01-26 18:57:00,32898.41,Food_Dining,DEV_IN_SAMS23_056,Samsung Galaxy S23,Hyderabad,17.385,78.4867,8160.15,20979.67,1.179,4.03,1,1,0.01,0.0,0.0,0,1,0.0,0.0,0,0,benign_festive_spend,0
TXN_UPI_103579,USR_4170,2025-01-26 18:59:00,371.2,Groceries_Daily,DEV_IN_IPH15_080,iPhone 15,Chennai,13.0827,80.2707,6938.68,14937.1,-0.44,0.05,1,1,0.01,0.0,0.0,0,2,0.0,0.0,0,0,normal_routine,0
TXN_UPI_102179,USR_4139,2025-01-26 19:14:00,26962.78,Groceries_Daily,DEV_IN_NEW_049,Samsung Galaxy S24,Pune,18.5204,73.8567,2552.61,7810.19,3.125,10.56,0,1,127.4167,0.0,0.0,0,0,0.0,0.0,0,0,benign_new_device,0
TXN_UPI_102405,USR_4144,2025-01-26 19:19:00,235.78,Groceries_Daily,DEV_IN_OP12_054,OnePlus 12,Jaipur,26.9124,75.7873,4723.54,11536.88,-0.389,0.05,1,1,173.3333,0.0,0.0,0,0,0.0,0.0,0,0,normal_routine,0
TXN_UPI_101547,USR_4125,2025-01-26 19:23:00,944.71,P2P_Transfer,DEV_IN_OP12_035,OnePlus 12,Pune,18.5204,73.8567,6073.67,17677.78,-0.29,0.16,1,1,237.8833,0.0,0.0,0,0,0.0,0.0,0,0,normal_routine,0
TXN_UPI_103122,USR_4160,2025-01-26 19:36:00,162.71,Food_Dining,DEV_IN_OP12_070,OnePlus 12,Chennai,13.0827,80.2707,4766.4,9244.77,-0.498,0.03,1,1,192.0,0.0,0.0,0,0,0.0,0.0,0,0,normal_routine,0
TXN_UPI_101146,USR_4116,2025-01-26 19:39:00,1417.8,P2P_Transfer,DEV_IN_OP12_026,OnePlus 12,Hyderabad,17.385,78.4867,7589.93,19455.03,-0.317,0.19,1,1,154.5333,0.0,0.0,0,3,0.0,0.0,0,0,normal_routine,0
TXN_UPI_101327,USR_4120,2025-01-26 19:40:00,321.87,Groceries_Daily,DEV_IN_OP12_030,OnePlus 12,Kolkata,22.5726,88.3639,5854.01,13748.33,-0.402,0.05,1,1,46.9667,0.0,0.0,0,0,0.0,0.0,0,0,normal_routine,0
TXN_UPI_101548,USR_4125,2025-01-26 19:45:00,28839.5,Electronics_Gadgets,DEV_CLONE_34,Virtual Android,Lagos,6.5244,3.3792,5771.97,17192.38,1.342,5.0,0,0,0.3667,7723.26,21063.45,0,1,3.0,2.69,1,0,impossible_travel_jump,1
TXN_UPI_100919,USR_4111,2025-01-26 19:49:00,1860.82,Utility_Bills,DEV_IN_SAMS23_021,Samsung Galaxy S23,Hyderabad,17.385,78.4867,11101.65,23278.34,-0.397,0.17,1,1,107.8167,0.0,0.0,0,0,0.0,0.0,0,0,normal_routine,0
TXN_UPI_100565,USR_4103,2025-01-26 19:51:00,323.97,Groceries_Daily,DEV_IN_SAMS23_013,Samsung Galaxy S23,Hyderabad,17.385,78.4867,5477.27,16206.32,-0.318,0.06,1,1,0.01,0.0,0.0,0,1,0.0,0.0,0,0,normal_routine,0
TXN_UPI_100334,USR_4098,2025-01-26 20:02:00,31831.98,Jewelry_Luxury,DEV_IN_IPH15_008,iPhone 15,Hyderabad,17.385,78.4867,9828.66,23377.8,0.941,3.24,1,1,83.9167,0.0,0.0,0,0,0.0,0.0,0,0,benign_festive_spend,0
TXN_UPI_102679,USR_4150,2025-01-26 20:07:00,252.17,Food_Dining,DEV_IN_SAMS23_060,Samsung Galaxy S23,Mumbai,19.076,72.8777,6665.54,13204.63,-0.486,0.04,1,1,0.01,0.0,0.0,0,2,0.0,0.0,0,0,normal_routine,0
TXN_UPI_102366,USR_4143,2025-01-26 20:13:00,156.5,Groceries_Daily,DEV_IN_XRN13_053,Xiaomi Redmi Note 13,Pune,18.5204,73.8567,3946.9,14589.63,-0.26,0.04,1,1,0.01,0.0,0.0,0,3,0.0,0.0,0,0,normal_routine,0
TXN_UPI_101957,USR_4134,2025-01-26 20:14:00,992.42,P2P_Transfer,DEV_IN_OP12_044,OnePlus 12,Chennai,13.0827,80.2707,9390.43,18367.36,-0.457,0.11,1,1,0.01,0.0,0.0,0,1,0.0,0.0,0,0,normal_routine,0
TXN_UPI_103306,USR_4164,2025-01-26 20:28:00,203.33,Food_Dining,DEV_IN_IPH15_074,iPhone 15,Delhi,28.6139,77.209,10096.25,18169.33,-0.544,0.02,1,1,151.2,0.0,0.0,0,0,0.0,0.0,0,0,normal_routine,0
TXN_UPI_100474,USR_4101,2025-01-26 20:30:00,980.16,Utility_Bills,DEV_IN_IPH15_011,iPhone 15,Mumbai,19.076,72.8777,10932.81,21028.52,-0.473,0.09,1,1,0.01,0.0,0.0,0,1,0.0,0.0,0,0,normal_routine,0
TXN_UPI_103311,USR_4164,2025-01-26 20:46:00,269.95,Groceries_Daily,DEV_IN_IPH15_074,iPhone 15,Delhi,28.6139,77.209,8589.22,16595.83,-0.501,0.03,1,1,0.01,0.0,0.0,0,3,0.0,0.0,0,0,normal_routine,0
TXN_UPI_101055,USR_4114,2025-01-26 20:49:00,154.19,Food_Dining,DEV_IN_SAMS23_024,Samsung Galaxy S23,Delhi,28.6139,77.209,4017.39,14015.43,-0.276,0.04,1,1,7.7,0.0,0.0,0,2,0.0,0.0,0,0,normal_routine,0
TXN_UPI_101912,USR_4133,2025-01-26 20:51:00,1135.48,P2P_Transfer,DEV_IN_IPH15_043,iPhone 15,Delhi,28.6139,77.209,5434.77,16227.55,-0.265,0.21,1,1,107.0167,0.0,0.0,0,2,0.0,0.0,0,0,normal_routine,0
TXN_UPI_100424,USR_4100,2025-01-26 20:58:00,562.93,Food_Dining,DEV_IN_OP12_010,OnePlus 12,Pune,18.5204,73.8567,7204.51,18414.62,-0.361,0.08,1,1,33.7,0.0,0.0,0,0,0.0,0.0,0,0,normal_routine,0
TXN_UPI_100521,USR_4102,2025-01-26 20:58:00,465.64,P2P_Transfer,DEV_IN_SAMS23_012,Samsung Galaxy S23,Hyderabad,17.385,78.4867,7167.09,17457.64,-0.384,0.06,1,1,0.01,0.0,0.0,0,1,0.0,0.0,0,0,normal_routine,0
TXN_UPI_103081,USR_4159,2025-01-26 20:59:00,801.41,Utility_Bills,DEV_IN_XRN13_069,Xiaomi Redmi Note 13,Delhi,28.6139,77.209,7937.62,16529.49,-0.432,0.1,1,1,141.25,0.0,0.0,0,0,0.0,0.0,0,0,normal_routine,0
TXN_UPI_102267,USR_4141,2025-01-26 21:09:00,522.99,P2P_Transfer,DEV_IN_OP12_051,OnePlus 12,Hyderabad,17.385,78.4867,4071.65,11335.84,-0.313,0.13,1,1,193.0,0.0,0.0,0,0,0.0,0.0,0,0,normal_routine,0
TXN_UPI_102448,USR_4145,2025-01-26 21:11:00,934.78,Utility_Bills,DEV_IN_SAMS23_055,Samsung Galaxy S23,Mumbai,19.076,72.8777,17464.95,24970.6,-0.662,0.05,1,1,221.1333,1148.09,5.19,0,0,0.0,0.0,0,0,normal_routine,0
TXN_UPI_100877,USR_4110,2025-01-26 21:12:00,257.97,Food_Dining,DEV_IN_OP12_020,OnePlus 12,Jaipur,26.9124,75.7873,3908.65,11287.42,-0.323,0.07,1,1,0.01,0.0,0.0,0,1,0.0,0.0,0,0,normal_routine,0
TXN_UPI_103082,USR_4159,2025-01-26 21:20:00,1181.03,P2P_Transfer,DEV_IN_XRN13_069,Xiaomi Redmi Note 13,Delhi,28.6139,77.209,7597.8,16202.55,-0.396,0.16,1,1,0.35,0.0,0.0,0,1,0.0,0.0,0,0,normal_routine,0
TXN_UPI_101016,USR_4113,2025-01-26 21:21:00,1775.19,Utility_Bills,DEV_IN_OP12_023,OnePlus 12,Delhi,28.6139,77.209,5082.72,12723.81,-0.26,0.35,1,1,0.01,0.0,0.0,0,1,0.0,0.0,0,0,normal_routine,0
TXN_UPI_100872,USR_4110,2025-01-26 21:31:00,687.27,P2P_Transfer,DEV_IN_OP12_020,OnePlus 12,Jaipur,26.9124,75.7873,1666.08,3867.69,-0.253,0.41,1,1,60.35,0.0,0.0,0,0,0.0,0.0,0,0,normal_routine,0
TXN_UPI_100157,USR_4094,2025-01-26 21:37:00,1667.85,P2P_Transfer,DEV_IN_SAMS23_004,Samsung Galaxy S23,Bengaluru,12.9716,77.5946,9565.37,21431.71,-0.368,0.17,1,1,0.01,0.0,0.0,0,2,0.0,0.0,0,0,normal_routine,0
TXN_UPI_103490,USR_4168,2025-01-26 21:40:00,54331.75,Jewelry_Luxury,DEV_IN_XRN13_078,Xiaomi Redmi Note 13,Pune,18.5204,73.8567,2585.91,5718.88,9.048,21.01,1,1,0.01,0.0,0.0,0,3,0.0,0.0,0,0,benign_festive_spend,0
TXN_UPI_101867,USR_4132,2025-01-26 21:47:00,585.83,P2P_Transfer,DEV_IN_OP12_042,OnePlus 12,Hyderabad,17.385,78.4867,946.5,1390.17,-0.259,0.62,1,1,26.35,0.0,0.0,0,0,0.0,0.0,0,0,normal_routine,0
TXN_UPI_102230,USR_4140,2025-01-26 21:48:00,977.24,P2P_Transfer,DEV_IN_XRN13_050,Xiaomi Redmi Note 13,Chennai,13.0827,80.2707,3578.32,10741.7,-0.242,0.27,1,1,0.01,0.0,0.0,0,1,0.0,0.0,0,0,normal_routine,0
TXN_UPI_101053,USR_4114,2025-01-26 21:57:00,407.49,Food_Dining,DEV_IN_SAMS23_024,Samsung Galaxy S23,Delhi,28.6139,77.209,4425.44,14763.39,-0.272,0.09,1,1,229.2333,0.0,0.0,0,0,0.0,0.0,0,0,normal_routine,0
TXN_UPI_100966,USR_4112,2025-01-26 21:58:00,1183.14,Gaming_Crypto,DEV_BURNER_21,Xiaomi Redmi 9A,Hyderabad,17.385,78.4867,4732.5,15952.72,-0.222,0.25,0,1,82.1667,0.0,0.0,0,2,0.0,0.0,0,1,stealth_micro_fraud,1
TXN_UPI_101056,USR_4114,2025-01-26 23:17:00,17307.9,Travel_Ticketing,DEV_IN_SAMS23_024,Samsung Galaxy S23,Jaipur,26.9124,75.7873,3824.23,13686.47,0.985,4.53,1,1,2.4667,235.29,95.39,0,0,0.0,0.0,0,0,benign_travel,0
TXN_UPI_100383,USR_4099,2025-01-26 23:31:00,206.0,Gaming_Crypto,DEV_BOTNET_08,Automated Script Bot,Mumbai,19.076,72.8777,8067.22,19324.14,-0.407,0.03,0,1,0.01,0.0,0.0,0,12,0.0,0.0,0,1,credential_stuffing_burst,1
TXN_UPI_100022,USR_4091,2025-01-27 01:10:00,196.12,Gaming_Crypto,DEV_BOTNET_00,Automated Script Bot,Bengaluru,12.9716,77.5946,6809.41,20837.55,-0.317,0.03,0,1,51.95,0.0,0.0,1,14,1.5,0.11,0,1,credential_stuffing_burst,1
TXN_UPI_100023,USR_4091,2025-01-27 01:23:00,39849.38,Electronics_Gadgets,DEV_CLONE_00,Virtual Android,Lagos,6.5244,3.3792,6508.8,20405.01,1.634,6.12,0,0,0.2167,8140.55,37571.79,1,3,4.5,5.3,1,0,impossible_travel_jump,1
TXN_UPI_100378,USR_4099,2025-01-27 01:24:00,15419.82,Travel_Ticketing,DEV_IN_XRN13_009,Xiaomi Redmi Note 13,Jaipur,26.9124,75.7873,4287.93,10478.27,1.062,3.6,1,1,167.7833,920.74,5.49,1,0,0.0,0.0,0,0,benign_travel,0
TXN_UPI_101913,USR_4133,2025-01-27 04:00:00,5481.91,Food_Dining,DEV_IN_IPH15_043,iPhone 15,Delhi,28.6139,77.209,5239.35,15879.73,0.015,1.05,1,1,7.15,0.0,0.0,1,3,0.0,0.0,0,0,emergency_nocturnal_legit,0
TXN_UPI_103170,USR_4161,2025-01-27 08:14:00,1026.43,Utility_Bills,DEV_IN_OP12_071,OnePlus 12,Kolkata,22.5726,88.3639,7140.36,19214.12,-0.318,0.14,1,1,109.6167,0.0,0.0,0,0,0.0,0.0,0,0,normal_routine,0
TXN_UPI_102811,USR_4153,2025-01-27 08:26:00,655.81,Food_Dining,DEV_IN_XRN13_063,Xiaomi Redmi Note 13,Mumbai,19.076,72.8777,8144.61,17225.7,-0.435,0.08,1,1,0.01,0.0,0.0,0,1,0.0,0.0,0,0,normal_routine,0
TXN_UPI_102048,USR_4136,2025-01-27 08:34:00,872.82,P2P_Transfer,DEV_IN_SAMS23_046,Samsung Galaxy S23,Pune,18.5204,73.8567,2251.99,5446.54,-0.253,0.39,1,1,43.2333,0.0,0.0,0,0,0.0,0.0,0,0,normal_routine,0
TXN_UPI_101194,USR_4117,2025-01-27 08:40:00,23322.36,Food_Dining,DEV_IN_NEW_027,Samsung Galaxy S24,Kolkata,22.5726,88.3639,3277.07,7855.7,2.552,7.12,0,1,0.01,0.0,0.0,0,1,0.0,0.0,0,0,benign_new_device,0
TXN_UPI_102319,USR_4142,2025-01-27 08:40:00,1400.77,P2P_Transfer,DEV_IN_IPH15_052,iPhone 15,Hyderabad,17.385,78.4867,3499.87,7030.17,-0.299,0.4,1,1,83.8167,0.0,0.0,0,3,0.0,0.0,0,0,normal_routine,0
TXN_UPI_102134,USR_4138,2025-01-27 09:28:00,388.73,Groceries_Daily,DEV_IN_IPH15_048,iPhone 15,Delhi,28.6139,77.209,9151.16,19235.21,-0.456,0.04,1,1,60.6,0.0,0.0,0,0,0.0,0.0,0,0,normal_routine,0
TXN_UPI_101822,USR_4131,2025-01-27 09:51:00,931.39,Utility_Bills,DEV_IN_OP12_041,OnePlus 12,Bengaluru,12.9716,77.5946,9531.04,19392.76,-0.443,0.1,1,1,0.01,0.0,0.0,0,1,0.0,0.0,0,0,normal_routine,0
TXN_UPI_103354,USR_4165,2025-01-27 11:04:00,976.81,Utility_Bills,DEV_IN_IPH15_075,iPhone 15,Bengaluru,12.9716,77.5946,9170.73,21624.9,-0.379,0.11,1,1,23.9,0.0,0.0,0,0,0.0,0.0,0,0,normal_routine,0
TXN_UPI_100648,USR_4105,2025-01-27 11:11:00,359.41,Groceries_Daily,DEV_IN_SAMS23_015,Samsung Galaxy S23,Mumbai,19.076,72.8777,9876.09,18759.3,-0.507,0.04,1,1,62.3167,0.0,0.0,0,0,0.0,0.0,0,0,normal_routine,0
TXN_UPI_101820,USR_4131,2025-01-27 11:17:00,73548.89,Electronics_Gadgets,DEV_IN_OP12_041,OnePlus 12,Bengaluru,12.9716,77.5946,6653.51,13678.12,4.891,11.05,1,1,86.3167,0.0,0.0,0,0,0.0,0.0,0,0,benign_festive_spend,0
TXN_UPI_100878,USR_4110,2025-01-27 11:32:00,1003.66,Utility_Bills,DEV_IN_OP12_020,OnePlus 12,Jaipur,26.9124,75.7873,3742.71,11054.09,-0.248,0.27,1,1,14.3333,0.0,0.0,0,2,0.0,0.0,0,0,normal_routine,0
TXN_UPI_101104,USR_4115,2025-01-27 11:34:00,357.45,Food_Dining,DEV_IN_XRN13_025,Xiaomi Redmi Note 13,Bengaluru,12.9716,77.5946,4956.49,16633.35,-0.276,0.07,1,1,0.01,0.0,0.0,0,1,0.0,0.0,0,0,normal_routine,0
TXN_UPI_102727,USR_4151,2025-01-27 11:37:00,855.81,P2P_Transfer,DEV_IN_SAMS23_061,Samsung Galaxy S23,Bengaluru,12.9716,77.5946,8470.48,19086.26,-0.399,0.1,1,1,0.01,1561.54,156153.6,0,1,0.0,0.0,1,0,normal_routine,0
TXN_UPI_101685,USR_4128,2025-01-27 11:51:00,344.83,Groceries_Daily,DEV_IN_SAMS23_038,Samsung Galaxy S23,Bengaluru,12.9716,77.5946,6231.76,15945.44,-0.369,0.06,1,1,38.9667,0.0,0.0,0,0,0.0,0.0,0,0,normal_routine,0
TXN_UPI_101281,USR_4119,2025-01-27 13:03:00,246.65,Food_Dining,DEV_IN_OP12_029,OnePlus 12,Bengaluru,12.9716,77.5946,8283.91,15758.11,-0.51,0.03,1,1,63.3833,0.0,0.0,0,2,0.0,0.0,0,0,normal_routine,0
TXN_UPI_102050,USR_4136,2025-01-27 13:05:00,280.98,Groceries_Daily,DEV_IN_SAMS23_046,Samsung Galaxy S23,Pune,18.5204,73.8567,2116.55,5234.46,-0.351,0.13,1,1,0.01,0.0,0.0,0,1,0.0,0.0,0,0,normal_routine,0
TXN_UPI_103126,USR_4160,2025-01-27 13:05:00,103.27,Food_Dining,DEV_IN_OP12_070,OnePlus 12,Chennai,13.0827,80.2707,7650.77,17704.49,-0.426,0.01,1,1,171.1,0.0,0.0,0,0,0.0,0.0,0,0,normal_routine,0
TXN_UPI_101781,USR_4130,2025-01-27 13:06:00,889.32,P2P_Transfer,DEV_IN_SAMS23_040,Samsung Galaxy S23,Pune,18.5204,73.8567,7600.95,18086.29,-0.371,0.12,1,1,0.01,0.0,0.0,0,1,0.0,0.0,0,0,normal_routine,0
TXN_UPI_101143,USR_4116,2025-01-27 13:12:00,30138.92,Electronics_Gadgets,DEV_IN_NEW_026,Samsung Galaxy S24,Hyderabad,17.385,78.4867,7117.41,20222.79,1.138,4.23,0,1,209.0667,0.0,0.0,0,0,0.0,0.0,0,0,benign_new_device,0
TXN_UPI_102004,USR_4135,2025-01-27 13:13:00,409.0,Food_Dining,DEV_IN_OP12_045,OnePlus 12,Bengaluru,12.9716,77.5946,4132.14,11822.34,-0.315,0.1,1,1,0.01,0.0,0.0,0,1,0.0,0.0,0,0,normal_routine,0
TXN_UPI_102411,USR_4144,2025-01-27 13:15:00,90.97,Food_Dining,DEV_IN_OP12_054,OnePlus 12,Jaipur,26.9124,75.7873,4351.02,10407.91,-0.409,0.02,1,1,0.01,0.0,0.0,0,1,0.0,0.0,0,0,normal_routine,0
TXN_UPI_101279,USR_4119,2025-01-27 13:18:00,1943.18,P2P_Transfer,DEV_IN_OP12_029,OnePlus 12,Bengaluru,12.9716,77.5946,9041.13,16436.25,-0.432,0.21,1,1,52.4,0.0,0.0,0,0,0.0,0.0,0,0,normal_routine,0
TXN_UPI_100517,USR_4102,2025-01-27 13:21:00,1127.83,Utility_Bills,DEV_IN_SAMS23_012,Samsung Galaxy S23,Hyderabad,17.385,78.4867,8402.71,18795.15,-0.387,0.13,1,1,25.9,8215.23,317.19,0,0,0.0,0.0,0,0,normal_routine,0
TXN_UPI_102817,USR_4153,2025-01-27 13:24:00,280.77,Groceries_Daily,DEV_IN_XRN13_063,Xiaomi Redmi Note 13,Mumbai,19.076,72.8777,6392.09,15443.75,-0.396,0.04,1,1,0.01,0.0,0.0,0,2,0.0,0.0,0,0,normal_routine,0
TXN_UPI_101689,USR_4128,2025-01-27 13:27:00,935.11,Utility_Bills,DEV_IN_SAMS23_038,Samsung Galaxy S23,Bengaluru,12.9716,77.5946,5237.67,14654.79,-0.294,0.18,1,1,0.01,0.0,0.0,0,2,0.0,0.0,0,0,normal_routine,0
TXN_UPI_101960,USR_4134,2025-01-27 13:40:00,1253.13,P2P_Transfer,DEV_IN_OP12_044,OnePlus 12,Chennai,13.0827,80.2707,10552.12,19619.89,-0.474,0.12,1,1,0.01,0.0,0.0,0,1,0.0,0.0,0,0,normal_routine,0
TXN_UPI_101644,USR_4127,2025-01-27 13:43:00,1636.86,Utility_Bills,DEV_IN_XRN13_037,Xiaomi Redmi Note 13,Mumbai,19.076,72.8777,12979.31,27356.09,-0.415,0.13,1,1,0.01,0.0,0.0,0,1,0.0,0.0,0,0,normal_routine,0
TXN_UPI_100156,USR_4094,2025-01-27 13:47:00,78402.77,Food_Dining,DEV_IN_SAMS23_004,Samsung Galaxy S23,Bengaluru,12.9716,77.5946,6123.5,15280.97,4.73,12.8,1,1,0.01,0.0,0.0,0,1,0.0,0.0,0,0,benign_festive_spend,0
TXN_UPI_103486,USR_4168,2025-01-27 13:51:00,1911.82,Utility_Bills,DEV_IN_XRN13_078,Xiaomi Redmi Note 13,Pune,18.5204,73.8567,2894.45,6214.17,-0.158,0.66,1,1,42.3833,0.0,0.0,0,0,0.0,0.0,0,0,normal_routine,0
TXN_UPI_102630,USR_4149,2025-01-27 13:52:00,987.41,Groceries_Daily,DEV_IN_SAMS23_059,Samsung Galaxy S23,Hyderabad,17.385,78.4867,5062.89,12650.52,-0.322,0.2,1,1,186.0333,0.0,0.0,0,0,0.0,0.0,0,0,normal_routine,0
TXN_UPI_100155,USR_4094,2025-01-27 13:55:00,1861.05,P2P_Transfer,DEV_IN_SAMS23_004,Samsung Galaxy S23,Bengaluru,12.9716,77.5946,6347.84,15645.81,-0.287,0.29,1,1,122.2167,0.0,0.0,0,0,0.0,0.0,0,0,normal_routine,0
TXN_UPI_103307,USR_4164,2025-01-27 14:38:00,9190.56,Travel_Ticketing,DEV_IN_IPH15_074,iPhone 15,Mumbai,19.076,72.8777,9625.16,17856.17,-0.024,0.95,1,1,18.1667,1148.09,63.2,0,0,0.0,0.0,0,0,benign_travel,0
TXN_UPI_100426,USR_4100,2025-01-27 18:02:00,1037.48,P2P_Transfer,DEV_IN_OP12_010,OnePlus 12,Pune,18.5204,73.8567,6522.94,17588.98,-0.312,0.16,1,1,92.1,0.0,0.0,0,0,0.0,0.0,0,0,normal_routine,0
TXN_UPI_101508,USR_4124,2025-01-27 18:16:00,402.33,Food_Dining,DEV_IN_IPH15_034,iPhone 15,Kolkata,22.5726,88.3639,10630.84,21864.96,-0.468,0.04,1,1,95.1167,0.0,0.0,0,4,0.0,0.0,0,0,normal_routine,0
TXN_UPI_103489,USR_4168,2025-01-27 18:16:00,418.72,Groceries_Daily,DEV_IN_XRN13_078,Xiaomi Redmi Note 13,Pune,18.5204,73.8567,2680.14,5823.62,-0.388,0.16,1,1,93.75,0.0,0.0,0,2,0.0,0.0,0,0,normal_routine,0
TXN_UPI_100246,USR_4096,2025-01-27 18:21:00,166.37,Groceries_Daily,DEV_IN_SAMS23_006,Samsung Galaxy S23,Jaipur,26.9124,75.7873,796.36,563.81,-1.117,0.21,1,1,45.7833,0.0,0.0,0,2,0.0,0.0,0,0,normal_routine,0
TXN_UPI_101778,USR_4130,2025-01-27 18:40:00,1171.79,Utility_Bills,DEV_IN_SAMS23_040,Samsung Galaxy S23,Pune,18.5204,73.8567,8543.16,19086.79,-0.386,0.14,1,1,0.01,0.0,0.0,0,1,0.0,0.0,0,0,normal_routine,0
TXN_UPI_100693,USR_4106,2025-01-27 18:55:00,998.85,P2P_Transfer,DEV_IN_OP12_016,OnePlus 12,Pune,18.5204,73.8567,2237.73,4612.63,-0.269,0.45,1,1,172.8,1172.99,6.79,0,0,0.0,0.0,0,0,normal_routine,0
TXN_UPI_102907,USR_4155,2025-01-27 18:59:00,65096.13,Food_Dining,DEV_IN_SAMS23_065,Samsung Galaxy S23,Hyderabad,17.385,78.4867,2448.8,5236.34,11.964,26.58,1,1,0.01,0.0,0.0,0,2,0.0,0.0,0,0,benign_festive_spend,0
TXN_UPI_100970,USR_4112,2025-01-27 19:06:00,235.17,Food_Dining,DEV_IN_SAMS23_022,Samsung Galaxy S23,Hyderabad,17.385,78.4867,4062.06,14640.42,-0.261,0.06,1,1,0.01,0.0,0.0,0,1,0.0,0.0,0,0,normal_routine,0
TXN_UPI_102810,USR_4153,2025-01-27 19:25:00,254.38,Food_Dining,DEV_IN_XRN13_063,Xiaomi Redmi Note 13,Mumbai,19.076,72.8777,8559.89,17575.35,-0.473,0.03,1,1,81.8667,0.0,0.0,0,0,0.0,0.0,0,0,normal_routine,0
TXN_UPI_103487,USR_4168,2025-01-27 19:26:00,1021.85,P2P_Transfer,DEV_IN_XRN13_078,Xiaomi Redmi Note 13,Pune,18.5204,73.8567,2847.66,6068.01,-0.301,0.36,1,1,5.5833,0.0,0.0,0,0,0.0,0.0,0,0,normal_routine,0
TXN_UPI_100828,USR_4109,2025-01-27 19:31:00,204.82,Food_Dining,DEV_IN_IPH15_019,iPhone 15,Pune,18.5204,73.8567,9260.82,19183.7,-0.472,0.02,1,1,143.7667,0.0,0.0,0,0,0.0,0.0,0,0,normal_routine,0
TXN_UPI_101195,USR_4117,2025-01-27 19:35:00,516.74,Food_Dining,DEV_IN_SAMS23_027,Samsung Galaxy S23,Kolkata,22.5726,88.3639,4112.29,8670.95,-0.415,0.13,1,1,10.9167,0.0,0.0,0,2,0.0,0.0,0,0,normal_routine,0
TXN_UPI_101511,USR_4124,2025-01-27 19:40:00,1143.99,Utility_Bills,DEV_IN_IPH15_034,iPhone 15,Kolkata,22.5726,88.3639,9535.09,20728.51,-0.405,0.12,1,1,0.01,0.0,0.0,0,2,0.0,0.0,0,0,normal_routine,0
TXN_UPI_102138,USR_4138,2025-01-27 19:44:00,531.03,P2P_Transfer,DEV_IN_IPH15_048,iPhone 15,Delhi,28.6139,77.209,7635.75,17695.23,-0.402,0.07,1,1,48.0333,0.0,0.0,0,2,0.0,0.0,0,0,normal_routine,0
TXN_UPI_101099,USR_4115,2025-01-27 19:48:00,421.21,Groceries_Daily,DEV_IN_XRN13_025,Xiaomi Redmi Note 13,Bengaluru,12.9716,77.5946,6253.67,18595.12,-0.314,0.07,1,1,144.9667,0.0,0.0,0,0,0.0,0.0,0,0,normal_routine,0
TXN_UPI_102854,USR_4154,2025-01-27 20:06:00,289.27,Food_Dining,DEV_IN_IPH15_064,iPhone 15,Chennai,13.0827,80.2707,8226.44,14269.82,-0.556,0.04,1,1,215.35,0.0,0.0,0,0,0.0,0.0,0,0,normal_routine,0
TXN_UPI_100833,USR_4109,2025-01-27 20:08:00,506.07,P2P_Transfer,DEV_IN_IPH15_019,iPhone 15,Pune,18.5204,73.8567,7278.6,17256.44,-0.392,0.07,1,1,118.95,0.0,0.0,0,2,0.0,0.0,0,0,normal_routine,0
TXN_UPI_102721,USR_4151,2025-01-27 20:11:00,485.36,Groceries_Daily,DEV_IN_SAMS23_061,Samsung Galaxy S23,Bengaluru,12.9716,77.5946,10022.7,21284.64,-0.448,0.05,1,1,150.4167,0.0,0.0,0,0,0.0,0.0,0,0,normal_routine,0
TXN_UPI_102268,USR_4141,2025-01-27 20:16:00,316.04,Food_Dining,DEV_IN_OP12_051,OnePlus 12,Hyderabad,17.385,78.4867,3862.9,11029.03,-0.322,0.08,1,1,23.1167,0.0,0.0,0,0,0.0,0.0,0,0,normal_routine,0
TXN_UPI_100700,USR_4106,2025-01-27 20:19:00,1321.17,P2P_Transfer,DEV_IN_OP12_016,OnePlus 12,Pune,18.5204,73.8567,1769.25,3953.12,-0.113,0.75,1,1,0.01,0.0,0.0,0,2,0.0,0.0,0,0,normal_routine,0
TXN_UPI_101422,USR_4122,2025-01-27 20:24:00,797.73,Utility_Bills,DEV_IN_XRN13_032,Xiaomi Redmi Note 13,Delhi,28.6139,77.209,4298.56,10704.84,-0.327,0.19,1,1,0.01,0.0,0.0,0,1,0.0,0.0,0,0,normal_routine,0
TXN_UPI_100473,USR_4101,2025-01-27 20:25:00,1066.35,Utility_Bills,DEV_IN_IPH15_011,iPhone 15,Mumbai,19.076,72.8777,11381.29,21393.29,-0.482,0.09,1,1,94.75,0.0,0.0,0,0,0.0,0.0,0,0,normal_routine,0
TXN_UPI_100429,USR_4100,2025-01-27 20:33:00,902.51,Utility_Bills,DEV_IN_OP12_010,OnePlus 12,Pune,18.5204,73.8567,6803.13,16909.54,-0.349,0.13,1,1,49.9167,7723.26,154.72,0,0,0.0,0.0,0,0,normal_routine,0
TXN_UPI_101458,USR_4123,2025-01-27 20:43:00,1218.1,P2P_Transfer,DEV_IN_OP12_033,OnePlus 12,Chennai,13.0827,80.2707,3344.99,8454.39,-0.252,0.36,1,1,36.4167,0.0,0.0,0,0,0.0,0.0,0,0,normal_routine,0
TXN_UPI_102223,USR_4140,2025-01-27 20:46:00,141.6,Groceries_Daily,DEV_IN_XRN13_050,Xiaomi Redmi Note 13,Chennai,13.0827,80.2707,4598.88,12592.63,-0.354,0.03,1,1,26.2,0.0,0.0,0,0,0.0,0.0,0,0,normal_routine,0
TXN_UPI_102636,USR_4149,2025-01-27 20:49:00,698.94,P2P_Transfer,DEV_IN_SAMS23_059,Samsung Galaxy S23,Hyderabad,17.385,78.4867,5385.23,11778.51,-0.398,0.13,1,1,0.01,1095.15,109514.66,0,1,0.0,0.0,1,0,normal_routine,0
TXN_UPI_101735,USR_4129,2025-01-27 21:15:00,647.64,P2P_Transfer,DEV_IN_SAMS23_039,Samsung Galaxy S23,Bengaluru,12.9716,77.5946,5549.91,11264.26,-0.435,0.12,1,1,0.01,0.0,0.0,0,2,0.0,0.0,0,0,normal_routine,0
TXN_UPI_101011,USR_4113,2025-01-27 21:17:00,244.04,Groceries_Daily,DEV_IN_OP12_023,OnePlus 12,Delhi,28.6139,77.209,2818.36,6083.34,-0.423,0.09,1,1,47.4333,0.0,0.0,0,0,0.0,0.0,0,0,normal_routine,0
TXN_UPI_100785,USR_4108,2025-01-27 21:23:00,937.43,Utility_Bills,DEV_IN_IPH15_018,iPhone 15,Delhi,28.6139,77.209,17077.36,22220.26,-0.726,0.05,1,1,60.9667,8084.29,132.6,0,0,0.0,0.0,0,0,normal_routine,0
TXN_UPI_103533,USR_4169,2025-01-27 21:40:00,412.73,Groceries_Daily,DEV_IN_IPH15_079,iPhone 15,Kolkata,22.5726,88.3639,6673.12,16293.81,-0.384,0.06,1,1,98.3167,0.0,0.0,0,2,0.0,0.0,0,0,normal_routine,0
TXN_UPI_101149,USR_4116,2025-01-27 21:46:00,1243.95,Gaming_Crypto,DEV_BURNER_25,Realme C11,Hyderabad,17.385,78.4867,6789.54,18262.71,-0.304,0.18,0,1,97.85,0.0,0.0,0,2,0.0,0.0,0,1,stealth_micro_fraud,1
TXN_UPI_103042,USR_4158,2025-01-27 21:55:00,1065.09,Utility_Bills,DEV_IN_SAMS23_068,Samsung Galaxy S23,Jaipur,26.9124,75.7873,5332.97,12031.29,-0.355,0.2,1,1,32.0,0.0,0.0,0,2,0.0,0.0,0,0,normal_routine,0
TXN_UPI_102321,USR_4142,2025-01-27 23:09:00,3470.3,Travel_Ticketing,DEV_IN_IPH15_052,iPhone 15,Delhi,28.6139,77.209,3525.67,6778.36,-0.008,0.98,1,1,0.01,1255.39,125539.34,0,1,0.0,0.0,1,0,benign_travel,0
TXN_UPI_102539,USR_4147,2025-01-28 00:01:00,14691.48,Travel_Ticketing,DEV_IN_XRN13_057,Xiaomi Redmi Note 13,Mumbai,19.076,72.8777,13337.67,24590.15,0.055,1.1,1,1,182.5,120.15,0.66,0,0,0.0,0.0,0,0,benign_travel,0
TXN_UPI_102860,USR_4154,2025-01-28 01:28:00,16795.93,Travel_Ticketing,DEV_IN_IPH15_064,iPhone 15,Jaipur,26.9124,75.7873,9510.14,17249.48,0.422,1.77,1,1,0.01,1607.1,160709.92,1,2,0.0,0.0,1,0,benign_travel,0
TXN_UPI_100964,USR_4112,2025-01-28 02:32:00,2429.9,Food_Dining,DEV_IN_SAMS23_022,Samsung Galaxy S23,Hyderabad,17.385,78.4867,1010.39,1344.38,1.056,2.4,1,1,42.35,0.0,0.0,1,0,0.0,0.0,0,0,emergency_nocturnal_legit,0
TXN_UPI_102587,USR_4148,2025-01-28 02:42:00,2816.88,Utility_Bills,DEV_IN_XRN13_058,Xiaomi Redmi Note 13,Pune,18.5204,73.8567,7392.17,18260.46,-0.251,0.38,1,1,0.01,0.0,0.0,1,1,0.0,0.0,0,0,emergency_nocturnal_legit,0
TXN_UPI_100200,USR_4095,2025-01-28 04:56:00,4176.58,Utility_Bills,DEV_IN_IPH15_005,iPhone 15,Kolkata,22.5726,88.3639,16907.23,25644.18,-0.496,0.25,1,1,201.5,0.0,0.0,1,0,0.0,0.0,0,0,emergency_nocturnal_legit,0
TXN_UPI_100247,USR_4096,2025-01-28 08:26:00,2712.4,Utility_Bills,DEV_IN_SAMS23_006,Samsung Galaxy S23,Jaipur,26.9124,75.7873,766.36,566.34,3.436,3.54,1,1,14.0833,0.0,0.0,0,3,0.0,0.0,0,0,normal_routine,0
TXN_UPI_100566,USR_4103,2025-01-28 08:33:00,566.35,P2P_Transfer,DEV_IN_SAMS23_013,Samsung Galaxy S23,Hyderabad,17.385,78.4867,5271.14,15910.96,-0.296,0.11,1,1,36.7,0.0,0.0,0,2,0.0,0.0,0,0,normal_routine,0
TXN_UPI_103580,USR_4170,2025-01-28 08:34:00,916.45,P2P_Transfer,DEV_IN_IPH15_080,iPhone 15,Chennai,13.0827,80.2707,6665.03,14681.37,-0.392,0.14,1,1,37.5833,0.0,0.0,0,3,0.0,0.0,0,0,normal_routine,0
TXN_UPI_103529,USR_4169,2025-01-28 08:42:00,65463.91,Food_Dining,DEV_IN_IPH15_079,iPhone 15,Kolkata,22.5726,88.3639,4477.54,10989.29,5.55,14.62,1,1,110.4,0.0,0.0,0,0,0.0,0.0,0,0,benign_festive_spend,0
TXN_UPI_100380,USR_4099,2025-01-28 08:59:00,1271.44,Utility_Bills,DEV_IN_XRN13_009,Xiaomi Redmi Note 13,Mumbai,19.076,72.8777,4676.32,10263.98,-0.332,0.27,1,1,62.1833,0.0,0.0,0,0,0.0,0.0,0,0,normal_routine,0
TXN_UPI_100697,USR_4106,2025-01-28 09:05:00,525.83,Groceries_Daily,DEV_IN_OP12_016,OnePlus 12,Pune,18.5204,73.8567,1938.75,4198.7,-0.337,0.27,1,1,0.01,0.0,0.0,0,1,0.0,0.0,0,0,normal_routine,0
TXN_UPI_101370,USR_4121,2025-01-28 09:05:00,1713.41,Utility_Bills,DEV_IN_OP12_031,OnePlus 12,Kolkata,22.5726,88.3639,5817.31,14887.7,-0.276,0.29,1,1,95.25,0.0,0.0,0,0,0.0,0.0,0,0,normal_routine,0
TXN_UPI_102092,USR_4137,2025-01-28 09:15:00,32448.84,Groceries_Daily,DEV_IN_NEW_047,Samsung Galaxy S24,Hyderabad,17.385,78.4867,14053.23,22233.49,0.827,2.31,0,1,0.01,0.0,0.0,0,1,0.0,0.0,0,0,benign_new_device,0
TXN_UPI_102095,USR_4137,2025-01-28 09:22:00,1344.7,P2P_Transfer,DEV_IN_OP12_047,OnePlus 12,Hyderabad,17.385,78.4867,14264.87,21307.56,-0.606,0.09,1,1,0.01,0.0,0.0,0,4,0.0,0.0,0,0,normal_routine,0
TXN_UPI_102632,USR_4149,2025-01-28 09:25:00,1419.3,Groceries_Daily,DEV_IN_SAMS23_059,Samsung Galaxy S23,Hyderabad,17.385,78.4867,5656.02,12579.62,-0.337,0.25,1,1,168.4167,0.0,0.0,0,0,0.0,0.0,0,0,normal_routine,0
TXN_UPI_101558,USR_4125,2025-01-28 09:30:00,2096.09,Utility_Bills,DEV_IN_OP12_035,OnePlus 12,Pune,18.5204,73.8567,4920.69,14625.07,-0.193,0.43,1,1,0.01,0.0,0.0,0,1,0.0,0.0,0,0,normal_routine,0
TXN_UPI_102231,USR_4140,2025-01-28 09:35:00,426.51,P2P_Transfer,DEV_IN_XRN13_050,Xiaomi Redmi Note 13,Chennai,13.0827,80.2707,3474.28,10537.01,-0.289,0.12,1,1,35.7833,0.0,0.0,0,2,0.0,0.0,0,0,normal_routine,0
TXN_UPI_102135,USR_4138,2025-01-28 09:37:00,875.2,P2P_Transfer,DEV_IN_IPH15_048,iPhone 15,Delhi,28.6139,77.209,8689.98,18824.14,-0.415,0.1,1,1,24.15,0.0,0.0,0,0,0.0,0.0,0,0,normal_routine,0
TXN_UPI_102678,USR_4150,2025-01-28 09:42:00,1032.54,P2P_Transfer,DEV_IN_SAMS23_060,Samsung Galaxy S23,Mumbai,19.076,72.8777,6921.58,13445.44,-0.438,0.15,1,1,0.01,1148.09,114809.49,0,1,0.0,0.0,1,0,normal_routine,0
TXN_UPI_100613,USR_4104,2025-01-28 09:48:00,163.06,Food_Dining,DEV_IN_OP12_014,OnePlus 12,Mumbai,19.076,72.8777,14217.01,23289.65,-0.603,0.01,1,1,0.01,0.0,0.0,0,1,0.0,0.0,0,0,normal_routine,0
TXN_UPI_100244,USR_4096,2025-01-28 09:52:00,1310.83,Utility_Bills,DEV_IN_SAMS23_006,Samsung Galaxy S23,Jaipur,26.9124,75.7873,767.97,581.11,0.934,1.71,1,1,157.1167,0.0,0.0,0,0,0.0,0.0,0,0,normal_routine,0
TXN_UPI_101103,USR_4115,2025-01-28 09:52:00,331.86,Food_Dining,DEV_IN_XRN13_025,Xiaomi Redmi Note 13,Bengaluru,12.9716,77.5946,5166.7,16977.27,-0.285,0.06,1,1,60.2833,0.0,0.0,0,0,0.0,0.0,0,0,normal_routine,0
TXN_UPI_102136,USR_4138,2025-01-28 11:15:00,230.31,Groceries_Daily,DEV_IN_IPH15_048,iPhone 15,Delhi,28.6139,77.209,8299.24,18426.38,-0.438,0.03,1,1,1.6333,0.0,0.0,0,0,0.0,0.0,0,0,normal_routine,0
TXN_UPI_102765,USR_4152,2025-01-28 11:55:00,248.64,Food_Dining,DEV_IN_OP12_062,OnePlus 12,Bengaluru,12.9716,77.5946,3730.59,9528.56,-0.365,0.07,1,1,0.01,0.0,0.0,0,1,0.0,0.0,0,0,normal_routine,0
TXN_UPI_100650,USR_4105,2025-01-28 13:04:00,55282.96,Jewelry_Luxury,DEV_IN_SAMS23_015,Samsung Galaxy S23,Mumbai,19.076,72.8777,11658.59,20384.29,2.14,4.74,1,1,137.8167,0.0,0.0,0,0,0.0,0.0,0,0,benign_festive_spend,0
TXN_UPI_101374,USR_4121,2025-01-28 13:10:00,704.74,P2P_Transfer,DEV_IN_OP12_031,OnePlus 12,Kolkata,22.5726,88.3639,6885.13,15818.18,-0.391,0.1,1,1,0.01,0.0,0.0,0,1,0.0,0.0,0,0,normal_routine,0
TXN_UPI_101504,USR_4124,2025-01-28 13:10:00,1493.32,P2P_Transfer,DEV_IN_IPH15_034,iPhone 15,Kolkata,22.5726,88.3639,12793.48,23633.11,-0.478,0.12,1,1,76.4833,0.0,0.0,0,0,0.0,0.0,0,0,normal_routine,0
TXN_UPI_103038,USR_4158,2025-01-28 13:10:00,718.55,P2P_Transfer,DEV_IN_SAMS23_068,Samsung Galaxy S23,Jaipur,26.9124,75.7873,6187.18,12896.08,-0.424,0.12,1,1,0.01,0.0,0.0,0,2,0.0,0.0,0,0,normal_routine,0
TXN_UPI_103175,USR_4161,2025-01-28 13:17:00,133.12,Food_Dining,DEV_IN_OP12_071,OnePlus 12,Kolkata,22.5726,88.3639,5775.27,17302.36,-0.326,0.02,1,1,0.01,0.0,0.0,0,2,0.0,0.0,0,0,normal_routine,0
TXN_UPI_102772,USR_4152,2025-01-28 13:18:00,494.12,P2P_Transfer,DEV_IN_OP12_062,OnePlus 12,Bengaluru,12.9716,77.5946,4091.29,8841.18,-0.407,0.12,1,1,0.01,0.0,0.0,0,3,0.0,0.0,0,0,normal_routine,0
TXN_UPI_101147,USR_4116,2025-01-28 13:24:00,2679.64,Travel_Ticketing,DEV_IN_OP12_026,OnePlus 12,Mumbai,19.076,72.8777,7296.02,19031.61,-0.243,0.37,1,1,41.75,621.46,14.89,0,0,0.0,0.0,0,0,benign_travel,0
TXN_UPI_102545,USR_4147,2025-01-28 13:25:00,1199.56,P2P_Transfer,DEV_IN_XRN13_057,Xiaomi Redmi Note 13,Pune,18.5204,73.8567,11515.06,21822.69,-0.473,0.1,1,1,53.3,0.0,0.0,0,3,0.0,0.0,0,0,normal_routine,0
TXN_UPI_103531,USR_4169,2025-01-28 13:28:00,119.69,Food_Dining,DEV_IN_IPH15_079,iPhone 15,Kolkata,22.5726,88.3639,7310.87,16957.59,-0.424,0.02,1,1,124.45,0.0,0.0,0,0,0.0,0.0,0,0,normal_routine,0
TXN_UPI_102859,USR_4154,2025-01-28 13:29:00,453.24,Food_Dining,DEV_IN_IPH15_064,iPhone 15,Chennai,13.0827,80.2707,9903.92,17514.56,-0.54,0.05,1,1,0.01,0.0,0.0,0,1,0.0,0.0,0,0,normal_routine,0
TXN_UPI_102764,USR_4152,2025-01-28 13:47:00,2518.18,Utility_Bills,DEV_IN_OP12_062,OnePlus 12,Bengaluru,12.9716,77.5946,3797.95,9785.26,-0.131,0.66,1,1,67.1333,0.0,0.0,0,0,0.0,0.0,0,0,normal_routine,0
TXN_UPI_100609,USR_4104,2025-01-28 13:49:00,473.19,Groceries_Daily,DEV_IN_OP12_014,OnePlus 12,Mumbai,19.076,72.8777,15762.97,24693.59,-0.619,0.03,1,1,43.8,0.0,0.0,0,2,0.0,0.0,0,0,normal_routine,0
TXN_UPI_100067,USR_4092,2025-01-28 13:52:00,330.05,Food_Dining,DEV_IN_OP12_002,OnePlus 12,Kolkata,22.5726,88.3639,7113.59,17781.24,-0.381,0.05,1,1,83.4,0.0,0.0,0,3,0.0,0.0,0,0,normal_routine,0
TXN_UPI_101600,USR_4126,2025-01-28 13:52:00,216.03,Groceries_Daily,DEV_IN_OP12_036,OnePlus 12,Chennai,13.0827,80.2707,11543.59,24557.92,-0.461,0.02,1,1,0.01,0.0,0.0,0,1,0.0,0.0,0,0,normal_routine,0
TXN_UPI_102593,USR_4148,2025-01-28 13:59:00,25881.08,Food_Dining,DEV_IN_XRN13_058,Xiaomi Redmi Note 13,Pune,18.5204,73.8567,6191.91,16319.38,1.206,4.18,1,1,0.01,0.0,0.0,0,2,0.0,0.0,0,0,benign_festive_spend,0
TXN_UPI_100202,USR_4095,2025-01-28 14:54:00,5947.73,Travel_Ticketing,DEV_IN_IPH15_005,iPhone 15,Goa,15.2993,74.124,15511.39,24776.11,-0.386,0.38,1,1,0.01,1700.57,170056.57,0,1,0.0,0.0,1,0,benign_travel,0
TXN_UPI_102725,USR_4151,2025-01-28 18:03:00,1513.32,Utility_Bills,DEV_IN_SAMS23_061,Samsung Galaxy S23,Bengaluru,12.9716,77.5946,8436.61,19751.17,-0.351,0.18,1,1,0.01,0.0,0.0,0,3,0.0,0.0,0,0,normal_routine,0
TXN_UPI_100292,USR_4097,2025-01-28 18:12:00,752.53,Utility_Bills,DEV_IN_XRN13_007,Xiaomi Redmi Note 13,Delhi,28.6139,77.209,8940.09,18553.0,-0.441,0.08,1,1,129.6333,0.0,0.0,0,2,0.0,0.0,0,0,normal_routine,0
TXN_UPI_100702,USR_4106,2025-01-28 18:15:00,421.44,Groceries_Daily,DEV_IN_OP12_016,OnePlus 12,Pune,18.5204,73.8567,1693.28,3810.09,-0.334,0.25,1,1,0.01,0.0,0.0,0,4,0.0,0.0,0,0,normal_routine,0
TXN_UPI_101692,USR_4128,2025-01-28 18:27:00,857.53,Utility_Bills,DEV_IN_SAMS23_038,Samsung Galaxy S23,Bengaluru,12.9716,77.5946,4739.35,13852.84,-0.28,0.18,1,1,0.01,0.0,0.0,0,5,0.0,0.0,0,0,normal_routine,0
TXN_UPI_102452,USR_4145,2025-01-28 18:29:00,505.54,P2P_Transfer,DEV_IN_SAMS23_055,Samsung Galaxy S23,Mumbai,19.076,72.8777,14238.12,23431.39,-0.586,0.04,1,1,124.7,0.0,0.0,0,0,0.0,0.0,0,0,normal_routine,0
TXN_UPI_102771,USR_4152,2025-01-28 18:33:00,589.26,Groceries_Daily,DEV_IN_OP12_062,OnePlus 12,Bengaluru,12.9716,77.5946,4231.37,8987.94,-0.405,0.14,1,1,0.01,1561.54,156153.6,0,2,0.0,0.0,1,0,normal_routine,0
TXN_UPI_103222,USR_4162,2025-01-28 18:39:00,457.04,Food_Dining,DEV_IN_XRN13_072,Xiaomi Redmi Note 13,Bengaluru,12.9716,77.5946,8566.33,18287.27,-0.443,0.05,1,1,0.01,0.0,0.0,0,1,0.0,0.0,0,0,normal_routine,0
TXN_UPI_101870,USR_4132,2025-01-28 18:42:00,830.2,Utility_Bills,DEV_IN_OP12_042,OnePlus 12,Hyderabad,17.385,78.4867,922.0,1310.32,-0.07,0.9,1,1,95.0167,0.0,0.0,0,2,0.0,0.0,0,0,normal_routine,0
TXN_UPI_100113,USR_4093,2025-01-28 18:46:00,776.31,Utility_Bills,DEV_IN_IPH15_003,iPhone 15,Mumbai,19.076,72.8777,3333.81,8882.83,-0.288,0.23,1,1,0.01,0.0,0.0,0,1,0.0,0.0,0,0,normal_routine,0
TXN_UPI_101282,USR_4119,2025-01-28 18:56:00,296.84,Groceries_Daily,DEV_IN_OP12_029,OnePlus 12,Bengaluru,12.9716,77.5946,7901.18,15473.3,-0.491,0.04,1,1,29.8833,0.0,0.0,0,0,0.0,0.0,0,0,normal_routine,0
TXN_UPI_101824,USR_4131,2025-01-28 19:02:00,50980.98,Food_Dining,DEV_IN_OP12_041,OnePlus 12,Bengaluru,12.9716,77.5946,8752.88,18701.48,2.258,5.82,1,1,0.01,0.0,0.0,0,3,0.0,0.0,0,0,benign_festive_spend,0
TXN_UPI_102813,USR_4153,2025-01-28 19:04:00,230.14,Food_Dining,DEV_IN_XRN13_063,Xiaomi Redmi Note 13,Mumbai,19.076,72.8777,7443.89,16573.0,-0.435,0.03,1,1,142.5333,0.0,0.0,0,0,0.0,0.0,0,0,normal_routine,0
TXN_UPI_100203,USR_4095,2025-01-28 19:13:00,258.39,Food_Dining,DEV_IN_IPH15_005,iPhone 15,Kolkata,22.5726,88.3639,15076.68,24288.31,-0.61,0.02,1,1,4.3167,1700.57,393.95,0,2,0.0,0.0,0,0,normal_routine,0
TXN_UPI_102903,USR_4155,2025-01-28 19:13:00,1130.85,Utility_Bills,DEV_IN_SAMS23_065,Samsung Galaxy S23,Hyderabad,17.385,78.4867,2633.24,5668.25,-0.265,0.43,1,1,0.01,0.0,0.0,0,1,0.0,0.0,0,0,normal_routine,0
TXN_UPI_101825,USR_4131,2025-01-28 19:19:00,1547.26,Utility_Bills,DEV_IN_OP12_041,OnePlus 12,Bengaluru,12.9716,77.5946,10512.38,20158.8,-0.445,0.15,1,1,0.2833,0.0,0.0,0,4,0.0,0.0,0,0,normal_routine,0
TXN_UPI_102409,USR_4144,2025-01-28 19:22:00,930.57,P2P_Transfer,DEV_IN_OP12_054,OnePlus 12,Jaipur,26.9124,75.7873,4667.62,10792.91,-0.346,0.2,1,1,101.55,0.0,0.0,0,2,0.0,0.0,0,0,normal_routine,0
TXN_UPI_103084,USR_4159,2025-01-28 19:25:00,403.7,Groceries_Daily,DEV_IN_XRN13_069,Xiaomi Redmi Note 13,Delhi,28.6139,77.209,7008.74,15599.65,-0.423,0.06,1,1,120.2167,0.0,0.0,0,0,0.0,0.0,0,0,normal_routine,0
TXN_UPI_101963,USR_4134,2025-01-28 19:35:00,393.77,Food_Dining,DEV_IN_OP12_044,OnePlus 12,Chennai,13.0827,80.2707,9607.84,18693.52,-0.493,0.04,1,1,0.01,0.0,0.0,0,1,0.0,0.0,0,0,normal_routine,0
TXN_UPI_100111,USR_4093,2025-01-28 19:39:00,1278.48,Utility_Bills,DEV_IN_IPH15_003,iPhone 15,Mumbai,19.076,72.8777,3558.55,9286.33,-0.246,0.36,1,1,95.6333,0.0,0.0,0,0,0.0,0.0,0,0,normal_routine,0
TXN_UPI_102186,USR_4139,2025-01-28 19:41:00,1191.08,Utility_Bills,DEV_IN_OP12_049,OnePlus 12,Pune,18.5204,73.8567,3749.9,8747.01,-0.293,0.32,1,1,0.01,0.0,0.0,0,3,0.0,0.0,0,0,normal_routine,0
TXN_UPI_103403,USR_4166,2025-01-28 19:42:00,1061.96,Utility_Bills,DEV_IN_SAMS23_076,Samsung Galaxy S23,Bengaluru,12.9716,77.5946,6570.84,16630.42,-0.331,0.16,1,1,0.01,0.0,0.0,0,5,0.0,0.0,0,0,normal_routine,0
TXN_UPI_103265,USR_4163,2025-01-28 19:47:00,367.24,Groceries_Daily,DEV_IN_XRN13_073,Xiaomi Redmi Note 13,Chennai,13.0827,80.2707,5517.84,12113.56,-0.425,0.07,1,1,0.01,0.0,0.0,0,1,0.0,0.0,0,0,normal_routine,0
TXN_UPI_102993,USR_4157,2025-01-28 19:59:00,375.31,Groceries_Daily,DEV_IN_SAMS23_067,Samsung Galaxy S23,Jaipur,26.9124,75.7873,6649.53,14108.03,-0.445,0.06,1,1,70.3,0.0,0.0,0,0,0.0,0.0,0,0,normal_routine,0
TXN_UPI_102586,USR_4148,2025-01-28 20:04:00,337.93,Groceries_Daily,DEV_IN_XRN13_058,Xiaomi Redmi Note 13,Pune,18.5204,73.8567,7744.88,18641.47,-0.397,0.04,1,1,54.4667,0.0,0.0,0,0,0.0,0.0,0,0,normal_routine,0
TXN_UPI_103399,USR_4166,2025-01-28 20:04:00,864.07,P2P_Transfer,DEV_IN_SAMS23_076,Samsung Galaxy S23,Bengaluru,12.9716,77.5946,7151.09,17839.53,-0.352,0.12,1,1,0.01,0.0,0.0,0,1,0.0,0.0,0,0,normal_routine,0
TXN_UPI_100968,USR_4112,2025-01-28 20:07:00,216.83,Food_Dining,DEV_IN_SAMS23_022,Samsung Galaxy S23,Hyderabad,17.385,78.4867,4385.01,15250.18,-0.273,0.05,1,1,130.15,0.0,0.0,0,0,0.0,0.0,0,0,normal_routine,0
TXN_UPI_101014,USR_4113,2025-01-28 20:12:00,754.85,Groceries_Daily,DEV_IN_OP12_023,OnePlus 12,Delhi,28.6139,77.209,2837.27,5822.26,-0.358,0.27,1,1,0.01,0.0,0.0,0,1,0.0,0.0,0,0,normal_routine,0
TXN_UPI_100696,USR_4106,2025-01-28 20:21:00,257.72,Groceries_Daily,DEV_IN_OP12_016,OnePlus 12,Pune,18.5204,73.8567,2022.8,4285.11,-0.412,0.13,1,1,193.5833,0.0,0.0,0,0,0.0,0.0,0,0,normal_routine,0
TXN_UPI_100064,USR_4092,2025-01-28 20:26:00,79771.88,Food_Dining,DEV_IN_OP12_002,OnePlus 12,Kolkata,22.5726,88.3639,3843.25,7719.87,9.835,20.76,1,1,120.3667,0.0,0.0,0,0,0.0,0.0,0,0,benign_festive_spend,0
TXN_UPI_101463,USR_4123,2025-01-28 20:38:00,310.55,Groceries_Daily,DEV_IN_OP12_033,OnePlus 12,Chennai,13.0827,80.2707,4485.08,10374.34,-0.402,0.07,1,1,155.3,0.0,0.0,0,0,0.0,0.0,0,0,normal_routine,0
TXN_UPI_100207,USR_4095,2025-01-28 20:44:00,131.99,Food_Dining,DEV_IN_IPH15_005,iPhone 15,Kolkata,22.5726,88.3639,15311.81,24883.39,-0.61,0.01,1,1,0.01,0.0,0.0,0,1,0.0,0.0,0,0,normal_routine,0
TXN_UPI_100161,USR_4094,2025-01-28 20:49:00,380.26,Groceries_Daily,DEV_IN_SAMS23_004,Samsung Galaxy S23,Bengaluru,12.9716,77.5946,8127.07,19918.64,-0.389,0.05,1,1,84.2167,0.0,0.0,0,2,0.0,0.0,0,0,normal_routine,0
TXN_UPI_101690,USR_4128,2025-01-28 20:58:00,1349.21,Utility_Bills,DEV_IN_SAMS23_038,Samsung Galaxy S23,Bengaluru,12.9716,77.5946,5058.4,14371.98,-0.258,0.27,1,1,31.5167,0.0,0.0,0,3,0.0,0.0,0,0,normal_routine,0
TXN_UPI_101868,USR_4132,2025-01-28 21:00:00,342.4,Food_Dining,DEV_IN_OP12_042,OnePlus 12,Hyderabad,17.385,78.4867,930.1,1360.28,-0.432,0.37,1,1,47.2167,0.0,0.0,0,0,0.0,0.0,0,0,normal_routine,0
TXN_UPI_101153,USR_4116,2025-01-28 21:03:00,55405.59,Food_Dining,DEV_IN_OP12_026,OnePlus 12,Hyderabad,17.385,78.4867,7241.34,17899.72,2.691,7.65,1,1,0.01,0.0,0.0,0,1,0.0,0.0,0,0,benign_festive_spend,0
TXN_UPI_101645,USR_4127,2025-01-28 21:04:00,216.64,Food_Dining,DEV_IN_XRN13_037,Xiaomi Redmi Note 13,Mumbai,19.076,72.8777,12506.71,26875.85,-0.457,0.02,1,1,31.35,0.0,0.0,0,2,0.0,0.0,0,0,normal_routine,0
TXN_UPI_103395,USR_4166,2025-01-28 21:15:00,1186.43,P2P_Transfer,DEV_IN_SAMS23_076,Samsung Galaxy S23,Bengaluru,12.9716,77.5946,8484.63,19364.33,-0.377,0.14,1,1,170.7167,0.0,0.0,0,0,0.0,0.0,0,0,normal_routine,0
TXN_UPI_103037,USR_4158,2025-01-28 21:20:00,1477.01,P2P_Transfer,DEV_IN_SAMS23_068,Samsung Galaxy S23,Jaipur,26.9124,75.7873,6411.47,13157.56,-0.375,0.23,1,1,0.01,235.29,23529.02,0,1,0.0,0.0,1,0,normal_routine,0
TXN_UPI_101328,USR_4120,2025-01-28 21:30:00,420.94,Food_Dining,DEV_IN_OP12_030,OnePlus 12,Kolkata,22.5726,88.3639,5602.55,13481.58,-0.384,0.08,1,1,49.8333,0.0,0.0,0,0,0.0,0.0,0,0,normal_routine,0
TXN_UPI_100880,USR_4110,2025-01-28 21:47:00,300.06,Food_Dining,DEV_IN_OP12_020,OnePlus 12,Jaipur,26.9124,75.7873,3478.28,10620.5,-0.299,0.09,1,1,0.01,0.0,0.0,0,1,0.0,0.0,0,0,normal_routine,0
TXN_UPI_102724,USR_4151,2025-01-28 21:50:00,580.09,P2P_Transfer,DEV_IN_SAMS23_061,Samsung Galaxy S23,Bengaluru,12.9716,77.5946,8778.2,20106.46,-0.408,0.07,1,1,104.0833,0.0,0.0,0,2,0.0,0.0,0,0,normal_routine,0
TXN_UPI_103036,USR_4158,2025-01-28 22:19:00,4109.91,Travel_Ticketing,DEV_IN_SAMS23_068,Samsung Galaxy S23,Delhi,28.6139,77.209,6526.55,13472.17,-0.179,0.63,1,1,84.9,235.29,2.77,0,0,0.0,0.0,0,0,benign_travel,0
TXN_UPI_102768,USR_4152,2025-01-28 23:29:00,13428.27,Travel_Ticketing,DEV_IN_OP12_062,OnePlus 12,Goa,15.2993,74.124,3325.26,8918.95,1.133,4.04,1,1,146.9,454.99,3.1,0,0,0.0,0.0,0,0,benign_travel,0
TXN_UPI_100251,USR_4096,2025-01-29 00:15:00,15932.26,Travel_Ticketing,DEV_IN_SAMS23_006,Samsung Galaxy S23,Goa,15.2993,74.124,1002.96,1166.35,12.8,15.89,1,1,0.01,1302.74,130273.75,0,2,0.0,0.0,1,0,benign_travel,0
TXN_UPI_102590,USR_4148,2025-01-29 00:34:00,8237.75,Travel_Ticketing,DEV_IN_XRN13_058,Xiaomi Redmi Note 13,Jaipur,26.9124,75.7873,6600.1,17214.81,0.095,1.25,1,1,0.01,953.87,95387.07,0,2,0.0,0.0,1,0,benign_travel,0
TXN_UPI_102365,USR_4143,2025-01-29 02:15:00,652.7,Utility_Bills,DEV_IN_XRN13_053,Xiaomi Redmi Note 13,Pune,18.5204,73.8567,4084.16,14874.66,-0.231,0.16,1,1,0.01,0.0,0.0,1,2,0.0,0.0,0,0,emergency_nocturnal_legit,0
TXN_UPI_102682,USR_4150,2025-01-29 02:23:00,16517.64,Travel_Ticketing,DEV_IN_SAMS23_060,Samsung Galaxy S23,Goa,15.2993,74.124,5937.3,12582.15,0.841,2.78,1,1,0.01,440.32,44031.54,1,2,0.0,0.0,1,0,benign_travel,0
TXN_UPI_101283,USR_4119,2025-01-29 02:47:00,9579.52,Travel_Ticketing,DEV_IN_OP12_029,OnePlus 12,Delhi,28.6139,77.209,7555.53,15200.3,0.133,1.27,1,1,7.85,1739.8,221.63,1,0,0.0,0.0,0,0,benign_travel,0
TXN_UPI_100561,USR_4103,2025-01-29 03:07:00,37.29,Gaming_Crypto,DEV_BOTNET_12,Automated Script Bot,Hyderabad,17.385,78.4867,6392.99,17608.67,-0.361,0.01,0,1,77.7167,0.0,0.0,1,14,1.5,0.11,0,1,credential_stuffing_burst,1
TXN_UPI_102097,USR_4137,2025-01-29 04:40:00,73951.1,P2P_Transfer,DEV_ROGUE_EMU_46,Linux Cloud Emulator,Hyderabad,17.385,78.4867,13230.38,20783.45,2.922,5.59,0,1,0.01,0.0,0.0,1,6,1.5,2.26,0,1,hostile_account_takeover,1
TXN_UPI_100114,USR_4093,2025-01-29 08:20:00,583.02,Groceries_Daily,DEV_IN_IPH15_003,iPhone 15,Mumbai,19.076,72.8777,3222.61,8703.22,-0.303,0.18,1,1,13.5667,0.0,0.0,0,2,0.0,0.0,0,0,normal_routine,0
TXN_UPI_101823,USR_4131,2025-01-29 08:24:00,232.96,Food_Dining,DEV_IN_OP12_041,OnePlus 12,Bengaluru,12.9716,77.5946,9140.14,19031.38,-0.468,0.03,1,1,46.55,0.0,0.0,0,2,0.0,0.0,0,0,normal_routine,0
TXN_UPI_102053,USR_4136,2025-01-29 08:35:00,331.24,Food_Dining,DEV_IN_SAMS23_046,Samsung Galaxy S23,Pune,18.5204,73.8567,2010.84,4961.1,-0.339,0.16,1,1,0.01,0.0,0.0,0,1,0.0,0.0,0,0,normal_routine,0
TXN_UPI_101602,USR_4126,2025-01-29 08:43:00,1508.77,Utility_Bills,DEV_IN_OP12_036,OnePlus 12,Chennai,13.0827,80.2707,10695.09,23777.01,-0.386,0.14,1,1,0.01,0.0,0.0,0,1,0.0,0.0,0,0,normal_routine,0
TXN_UPI_100923,USR_4111,2025-01-29 09:08:00,759.54,P2P_Transfer,DEV_IN_SAMS23_021,Samsung Galaxy S23,Hyderabad,17.385,78.4867,9422.91,21356.8,-0.406,0.08,1,1,85.8833,0.0,0.0,0,2,0.0,0.0,0,0,normal_routine,0
TXN_UPI_101512,USR_4124,2025-01-29 09:12:00,280.47,Food_Dining,DEV_IN_IPH15_034,iPhone 15,Kolkata,22.5726,88.3639,9212.36,20389.93,-0.438,0.03,1,1,37.5333,0.0,0.0,0,3,0.0,0.0,0,0,normal_routine,0
TXN_UPI_100658,USR_4105,2025-01-29 09:15:00,433.91,Utility_Bills,DEV_IN_SAMS23_015,Samsung Galaxy S23,Mumbai,19.076,72.8777,14919.56,24493.88,-0.591,0.03,1,1,0.01,0.0,0.0,0,1,0.0,0.0,0,0,normal_routine,0
TXN_UPI_100020,USR_4091,2025-01-29 09:20:00,1028.47,Utility_Bills,DEV_IN_IPH15_001,iPhone 15,Bengaluru,12.9716,77.5946,7434.52,21812.91,-0.294,0.14,1,1,230.2333,0.0,0.0,0,0,0.0,0.0,0,0,normal_routine,0
TXN_UPI_102316,USR_4142,2025-01-29 09:30:00,883.89,P2P_Transfer,DEV_IN_IPH15_052,iPhone 15,Hyderabad,17.385,78.4867,3124.56,6846.08,-0.327,0.28,1,1,198.35,0.0,0.0,0,0,0.0,0.0,0,0,normal_routine,0
TXN_UPI_101910,USR_4133,2025-01-29 09:39:00,440.73,Groceries_Daily,DEV_IN_IPH15_043,iPhone 15,Delhi,28.6139,77.209,5922.77,16986.43,-0.323,0.07,1,1,188.5333,0.0,0.0,0,0,0.0,0.0,0,0,normal_routine,0
TXN_UPI_101513,USR_4124,2025-01-29 09:40:00,52766.52,Electronics_Gadgets,DEV_CLONE_33,Virtual Android,Lagos,6.5244,3.3792,8881.55,20079.76,2.186,5.94,0,0,0.4667,9216.67,19750.01,0,4,3.0,2.91,1,0,impossible_travel_jump,1
TXN_UPI_102367,USR_4143,2025-01-29 09:43:00,462.96,Food_Dining,DEV_IN_XRN13_053,Xiaomi Redmi Note 13,Pune,18.5204,73.8567,3801.12,14324.87,-0.233,0.12,1,1,61.5,0.0,0.0,0,4,0.0,0.0,0,0,normal_routine,0
TXN_UPI_100921,USR_4111,2025-01-29 09:49:00,995.01,P2P_Transfer,DEV_IN_SAMS23_021,Samsung Galaxy S23,Hyderabad,17.385,78.4867,10224.49,22240.49,-0.415,0.1,1,1,183.25,520.05,2.84,0,0,0.0,0.0,0,0,normal_routine,0
TXN_UPI_101013,USR_4113,2025-01-29 09:49:00,555.84,P2P_Transfer,DEV_IN_OP12_023,OnePlus 12,Delhi,28.6139,77.209,2940.97,5932.3,-0.402,0.19,1,1,159.1333,1148.09,7.21,0,0,0.0,0.0,0,0,normal_routine,0
TXN_UPI_101285,USR_4119,2025-01-29 11:00:00,361.3,Food_Dining,DEV_IN_OP12_029,OnePlus 12,Bengaluru,12.9716,77.5946,10191.14,19006.21,-0.517,0.04,1,1,111.5333,0.0,0.0,0,0,0.0,0.0,0,0,normal_routine,0
TXN_UPI_103217,USR_4162,2025-01-29 11:05:00,1535.36,P2P_Transfer,DEV_IN_XRN13_072,Xiaomi Redmi Note 13,Bengaluru,12.9716,77.5946,9811.18,19984.54,-0.414,0.16,1,1,121.8667,0.0,0.0,0,0,0.0,0.0,0,0,normal_routine,0
TXN_UPI_102498,USR_4146,2025-01-29 11:17:00,400.59,Groceries_Daily,DEV_IN_SAMS23_056,Samsung Galaxy S23,Hyderabad,17.385,78.4867,8834.86,21787.3,-0.387,0.05,1,1,64.5333,0.0,0.0,0,2,0.0,0.0,0,0,normal_routine,0
TXN_UPI_100969,USR_4112,2025-01-29 11:25:00,802.33,P2P_Transfer,DEV_IN_SAMS23_022,Samsung Galaxy S23,Hyderabad,17.385,78.4867,4203.78,14939.17,-0.228,0.19,1,1,15.3,0.0,0.0,0,0,0.0,0.0,0,0,normal_routine,0
TXN_UPI_101691,USR_4128,2025-01-29 11:37:00,472.52,Food_Dining,DEV_IN_SAMS23_038,Samsung Galaxy S23,Bengaluru,12.9716,77.5946,4910.03,14100.35,-0.315,0.1,1,1,14.65,0.0,0.0,0,4,0.0,0.0,0,0,normal_routine,0
TXN_UPI_103578,USR_4170,2025-01-29 11:39:00,727.78,P2P_Transfer,DEV_IN_IPH15_080,iPhone 15,Chennai,13.0827,80.2707,7220.99,15212.67,-0.427,0.1,1,1,0.01,0.0,0.0,0,1,0.0,0.0,0,0,normal_routine,0
TXN_UPI_102232,USR_4140,2025-01-29 11:45:00,574.74,Food_Dining,DEV_IN_XRN13_050,Xiaomi Redmi Note 13,Chennai,13.0827,80.2707,3357.06,10349.0,-0.269,0.17,1,1,26.1667,0.0,0.0,0,3,0.0,0.0,0,0,normal_routine,0
TXN_UPI_103266,USR_4163,2025-01-29 11:45:00,311.91,Food_Dining,DEV_IN_XRN13_073,Xiaomi Redmi Note 13,Chennai,13.0827,80.2707,5311.82,11911.65,-0.42,0.06,1,1,15.9667,0.0,0.0,0,2,0.0,0.0,0,0,normal_routine,0
TXN_UPI_101777,USR_4130,2025-01-29 11:49:00,1162.18,Utility_Bills,DEV_IN_SAMS23_040,Samsung Galaxy S23,Pune,18.5204,73.8567,8894.64,19466.27,-0.397,0.13,1,1,93.8333,0.0,0.0,0,0,0.0,0.0,0,0,normal_routine,0
TXN_UPI_103218,USR_4162,2025-01-29 11:49:00,269.84,Food_Dining,DEV_IN_XRN13_072,Xiaomi Redmi Note 13,Bengaluru,12.9716,77.5946,9435.0,19601.01,-0.468,0.03,1,1,0.7333,0.0,0.0,0,1,0.0,0.0,0,0,normal_routine,0
TXN_UPI_101559,USR_4125,2025-01-29 13:01:00,35128.21,Food_Dining,DEV_IN_OP12_035,OnePlus 12,Pune,18.5204,73.8567,4819.82,14371.1,2.109,7.29,1,1,27.5167,0.0,0.0,0,2,0.0,0.0,0,0,benign_festive_spend,0
TXN_UPI_101198,USR_4117,2025-01-29 13:13:00,737.42,P2P_Transfer,DEV_IN_SAMS23_027,Samsung Galaxy S23,Kolkata,22.5726,88.3639,3704.99,8255.91,-0.359,0.2,1,1,0.01,0.0,0.0,0,2,0.0,0.0,0,0,normal_routine,0
TXN_UPI_101827,USR_4131,2025-01-29 13:13:00,528.01,Groceries_Daily,DEV_IN_OP12_041,OnePlus 12,Bengaluru,12.9716,77.5946,9783.03,19532.58,-0.474,0.05,1,1,0.01,0.0,0.0,0,1,0.0,0.0,0,0,normal_routine,0
TXN_UPI_101415,USR_4122,2025-01-29 13:14:00,162.41,Groceries_Daily,DEV_IN_XRN13_032,Xiaomi Redmi Note 13,Delhi,28.6139,77.209,5704.83,12223.67,-0.453,0.03,1,1,138.7333,0.0,0.0,0,0,0.0,0.0,0,0,normal_routine,0
TXN_UPI_102274,USR_4141,2025-01-29 13:30:00,627.36,P2P_Transfer,DEV_IN_OP12_051,OnePlus 12,Hyderabad,17.385,78.4867,7916.22,18457.12,-0.395,0.08,1,1,77.4333,0.0,0.0,0,0,0.0,0.0,0,0,normal_routine,0
TXN_UPI_103442,USR_4167,2025-01-29 13:35:00,1447.55,Utility_Bills,DEV_IN_XRN13_077,Xiaomi Redmi Note 13,Hyderabad,17.385,78.4867,9013.46,17128.73,-0.442,0.16,1,1,0.01,0.0,0.0,0,1,0.0,0.0,0,0,normal_routine,0
TXN_UPI_103262,USR_4163,2025-01-29 13:38:00,991.19,Utility_Bills,DEV_IN_XRN13_073,Xiaomi Redmi Note 13,Chennai,13.0827,80.2707,6191.72,12808.3,-0.406,0.16,1,1,192.1,0.0,0.0,0,0,0.0,0.0,0,0,normal_routine,0
TXN_UPI_100563,USR_4103,2025-01-29 13:41:00,1793.55,P2P_Transfer,DEV_IN_SAMS23_013,Samsung Galaxy S23,Hyderabad,17.385,78.4867,5855.14,16875.66,-0.241,0.31,1,1,90.7667,0.0,0.0,0,0,0.0,0.0,0,0,normal_routine,0
TXN_UPI_100748,USR_4107,2025-01-29 13:41:00,1393.66,Utility_Bills,DEV_IN_OP12_017,OnePlus 12,Chennai,13.0827,80.2707,6028.52,13502.46,-0.343,0.23,1,1,0.01,0.0,0.0,0,1,0.0,0.0,0,0,normal_routine,0
TXN_UPI_102364,USR_4143,2025-01-29 13:43:00,394.79,Food_Dining,DEV_IN_XRN13_053,Xiaomi Redmi Note 13,Pune,18.5204,73.8567,4244.57,15174.25,-0.254,0.09,1,1,0.01,0.0,0.0,0,1,0.0,0.0,0,0,normal_routine,0
TXN_UPI_100388,USR_4099,2025-01-29 13:48:00,322.9,Groceries_Daily,DEV_IN_XRN13_009,Xiaomi Redmi Note 13,Mumbai,19.076,72.8777,6655.26,17693.27,-0.358,0.05,1,1,0.01,0.0,0.0,0,3,0.0,0.0,0,0,normal_routine,0
TXN_UPI_103446,USR_4167,2025-01-29 18:00:00,795.74,P2P_Transfer,DEV_IN_XRN13_077,Xiaomi Redmi Note 13,Hyderabad,17.385,78.4867,7728.39,15973.12,-0.434,0.1,1,1,0.01,0.0,0.0,0,1,0.0,0.0,0,0,normal_routine,0
TXN_UPI_101821,USR_4131,2025-01-29 18:01:00,186.2,Food_Dining,DEV_IN_OP12_041,OnePlus 12,Bengaluru,12.9716,77.5946,9998.28,19755.97,-0.497,0.02,1,1,54.7333,0.0,0.0,0,0,0.0,0.0,0,0,normal_routine,0
TXN_UPI_101956,USR_4134,2025-01-29 18:03:00,1494.58,Utility_Bills,DEV_IN_OP12_044,OnePlus 12,Chennai,13.0827,80.2707,9785.22,18733.79,-0.443,0.15,1,1,201.8333,0.0,0.0,0,0,0.0,0.0,0,0,normal_routine,0
TXN_UPI_102093,USR_4137,2025-01-29 18:05:00,14081.57,Travel_Ticketing,DEV_IN_OP12_047,OnePlus 12,Mumbai,19.076,72.8777,14889.39,22057.68,-0.037,0.95,1,1,32.8333,621.46,18.93,0,2,0.0,0.0,0,0,benign_travel,0
TXN_UPI_103131,USR_4160,2025-01-29 18:07:00,3613.35,Utility_Bills,DEV_IN_OP12_070,OnePlus 12,Chennai,13.0827,80.2707,6355.1,16059.52,-0.171,0.57,1,1,0.01,0.0,0.0,0,3,0.0,0.0,0,0,normal_routine,0
TXN_UPI_100837,USR_4109,2025-01-29 18:12:00,1550.01,P2P_Transfer,DEV_IN_IPH15_019,iPhone 15,Pune,18.5204,73.8567,9993.88,19885.43,-0.425,0.16,1,1,0.01,0.0,0.0,0,1,0.0,0.0,0,0,normal_routine,0
TXN_UPI_100927,USR_4111,2025-01-29 18:31:00,25882.27,Groceries_Daily,DEV_IN_NEW_021,Samsung Galaxy S24,Hyderabad,17.385,78.4867,8534.87,19878.61,0.873,3.03,0,1,0.01,0.0,0.0,0,1,0.0,0.0,0,0,benign_new_device,0
TXN_UPI_102496,USR_4146,2025-01-29 18:47:00,200.13,Food_Dining,DEV_IN_SAMS23_056,Samsung Galaxy S23,Hyderabad,17.385,78.4867,9695.66,22671.67,-0.419,0.02,1,1,79.0333,0.0,0.0,0,0,0.0,0.0,0,0,normal_routine,0
TXN_UPI_100201,USR_4095,2025-01-29 18:54:00,325.26,Food_Dining,DEV_IN_IPH15_005,iPhone 15,Kolkata,22.5726,88.3639,16270.7,25148.38,-0.634,0.02,1,1,37.9667,0.0,0.0,0,0,0.0,0.0,0,0,normal_routine,0
TXN_UPI_101376,USR_4121,2025-01-29 19:04:00,607.16,P2P_Transfer,DEV_IN_OP12_031,OnePlus 12,Kolkata,22.5726,88.3639,6367.66,15273.62,-0.377,0.1,1,1,0.01,0.0,0.0,0,3,0.0,0.0,0,0,normal_routine,0
TXN_UPI_101467,USR_4123,2025-01-29 19:26:00,352.66,Food_Dining,DEV_IN_OP12_033,OnePlus 12,Chennai,13.0827,80.2707,3839.84,9662.41,-0.361,0.09,1,1,0.01,0.0,0.0,0,2,0.0,0.0,0,0,normal_routine,0
TXN_UPI_101108,USR_4115,2025-01-29 19:28:00,15646.03,Travel_Ticketing,DEV_IN_XRN13_025,Xiaomi Redmi Note 13,Delhi,28.6139,77.209,4342.0,15424.82,0.733,3.6,1,1,0.01,1739.8,173980.21,0,1,0.0,0.0,1,0,benign_travel,0
TXN_UPI_100606,USR_4104,2025-01-29 19:30:00,55076.23,Jewelry_Luxury,DEV_IN_OP12_014,OnePlus 12,Mumbai,19.076,72.8777,15327.63,24502.12,1.622,3.59,1,1,166.2833,0.0,0.0,0,0,0.0,0.0,0,0,benign_festive_spend,0
TXN_UPI_101872,USR_4132,2025-01-29 19:31:00,314.53,Food_Dining,DEV_IN_OP12_042,OnePlus 12,Hyderabad,17.385,78.4867,887.56,1268.4,-0.452,0.35,1,1,0.01,0.0,0.0,0,1,0.0,0.0,0,0,normal_routine,0
TXN_UPI_100972,USR_4112,2025-01-29 19:34:00,306.82,Groceries_Daily,DEV_IN_SAMS23_022,Samsung Galaxy S23,Hyderabad,17.385,78.4867,3792.89,14097.22,-0.247,0.08,1,1,0.01,0.0,0.0,0,1,0.0,0.0,0,0,normal_routine,0
TXN_UPI_100432,USR_4100,2025-01-29 19:37:00,266.9,Groceries_Daily,DEV_IN_OP12_010,OnePlus 12,Pune,18.5204,73.8567,6155.65,16006.64,-0.368,0.04,1,1,0.01,0.0,0.0,0,2,0.0,0.0,0,0,normal_routine,0
TXN_UPI_102722,USR_4151,2025-01-29 19:45:00,435.95,Groceries_Daily,DEV_IN_SAMS23_061,Samsung Galaxy S23,Bengaluru,12.9716,77.5946,9568.54,20870.75,-0.438,0.05,1,1,47.5667,0.0,0.0,0,0,0.0,0.0,0,0,normal_routine,0
TXN_UPI_103223,USR_4162,2025-01-29 19:45:00,563.56,Food_Dining,DEV_IN_XRN13_072,Xiaomi Redmi Note 13,Bengaluru,12.9716,77.5946,8265.98,18010.65,-0.428,0.07,1,1,25.1,0.0,0.0,0,2,0.0,0.0,0,0,normal_routine,0
TXN_UPI_101734,USR_4129,2025-01-29 20:02:00,485.53,Food_Dining,DEV_IN_SAMS23_039,Samsung Galaxy S23,Bengaluru,12.9716,77.5946,5770.1,11455.86,-0.461,0.08,1,1,0.01,0.0,0.0,0,1,0.0,0.0,0,0,normal_routine,0
TXN_UPI_103177,USR_4161,2025-01-29 20:03:00,354.32,Groceries_Daily,DEV_IN_OP12_071,OnePlus 12,Kolkata,22.5726,88.3639,5344.44,16690.44,-0.299,0.07,1,1,0.01,0.0,0.0,0,1,0.0,0.0,0,0,normal_routine,0
TXN_UPI_100567,USR_4103,2025-01-29 20:09:00,80224.76,Jewelry_Luxury,DEV_IN_SAMS23_013,Samsung Galaxy S23,Hyderabad,17.385,78.4867,5090.19,15628.19,4.808,15.76,1,1,35.6,0.0,0.0,0,3,0.0,0.0,0,0,benign_festive_spend,0
TXN_UPI_102139,USR_4138,2025-01-29 20:11:00,1540.82,Utility_Bills,DEV_IN_IPH15_048,iPhone 15,Delhi,28.6139,77.209,7326.85,17366.82,-0.333,0.21,1,1,48.45,0.0,0.0,0,0,0.0,0.0,0,0,normal_routine,0
TXN_UPI_100831,USR_4109,2025-01-29 20:12:00,629.46,P2P_Transfer,DEV_IN_IPH15_019,iPhone 15,Pune,18.5204,73.8567,7963.53,17955.47,-0.408,0.08,1,1,78.9,0.0,0.0,0,0,0.0,0.0,0,0,normal_routine,0
TXN_UPI_103224,USR_4162,2025-01-29 20:20:00,283.98,Groceries_Daily,DEV_IN_XRN13_072,Xiaomi Redmi Note 13,Bengaluru,12.9716,77.5946,7990.9,17743.77,-0.434,0.04,1,1,0.5833,0.0,0.0,0,3,0.0,0.0,0,0,normal_routine,0
TXN_UPI_101242,USR_4118,2025-01-29 20:28:00,365.32,Food_Dining,DEV_IN_IPH15_028,iPhone 15,Hyderabad,17.385,78.4867,7313.64,15998.17,-0.434,0.05,1,1,0.01,1255.39,125539.34,0,1,0.0,0.0,1,0,normal_routine,0
TXN_UPI_100028,USR_4091,2025-01-29 20:29:00,21456.89,Electronics_Gadgets,DEV_IN_IPH15_001,iPhone 15,Bengaluru,12.9716,77.5946,6884.64,19629.31,0.742,3.12,1,1,0.01,0.0,0.0,0,2,0.0,0.0,0,0,benign_festive_spend,0
TXN_UPI_102902,USR_4155,2025-01-29 20:29:00,1321.91,P2P_Transfer,DEV_IN_SAMS23_065,Samsung Galaxy S23,Hyderabad,17.385,78.4867,2695.68,5794.24,-0.237,0.49,1,1,79.0667,0.0,0.0,0,0,0.0,0.0,0,0,normal_routine,0
TXN_UPI_103536,USR_4169,2025-01-29 20:32:00,1210.91,P2P_Transfer,DEV_IN_IPH15_079,iPhone 15,Kolkata,22.5726,88.3639,6113.34,15380.31,-0.319,0.2,1,1,0.01,0.0,0.0,0,1,0.0,0.0,0,0,normal_routine,0
TXN_UPI_102633,USR_4149,2025-01-29 20:38:00,242.77,Food_Dining,DEV_IN_SAMS23_059,Samsung Galaxy S23,Hyderabad,17.385,78.4867,5463.44,12322.03,-0.424,0.04,1,1,35.2167,0.0,0.0,0,0,0.0,0.0,0,0,normal_routine,0
TXN_UPI_100162,USR_4094,2025-01-29 20:49:00,489.87,Groceries_Daily,DEV_IN_SAMS23_004,Samsung Galaxy S23,Bengaluru,12.9716,77.5946,7829.12,19588.57,-0.375,0.06,1,1,24.0,0.0,0.0,0,3,0.0,0.0,0,0,normal_routine,0
TXN_UPI_101062,USR_4114,2025-01-29 20:59:00,1678.9,Utility_Bills,DEV_IN_SAMS23_024,Samsung Galaxy S23,Delhi,28.6139,77.209,4641.29,12792.95,-0.232,0.36,1,1,0.01,0.0,0.0,0,2,0.0,0.0,0,0,normal_routine,0
TXN_UPI_103267,USR_4163,2025-01-29 20:59:00,434.19,P2P_Transfer,DEV_IN_XRN13_073,Xiaomi Redmi Note 13,Chennai,13.0827,80.2707,5119.51,11719.84,-0.4,0.08,1,1,9.2333,0.0,0.0,0,3,0.0,0.0,0,0,normal_routine,0
TXN_UPI_103268,USR_4163,2025-01-29 21:18:00,55599.06,Gaming_Crypto,DEV_CLONE_72,Virtual Android,Lagos,6.5244,3.3792,4945.98,11534.75,4.391,11.24,0,0,0.3167,8429.29,26618.81,0,4,3.0,3.76,1,1,impossible_travel_jump,1
TXN_UPI_101377,USR_4121,2025-01-29 21:28:00,638.97,P2P_Transfer,DEV_IN_OP12_031,OnePlus 12,Kolkata,22.5726,88.3639,6146.1,15017.93,-0.367,0.1,1,1,2.4,0.0,0.0,0,4,0.0,0.0,0,0,normal_routine,0
TXN_UPI_102049,USR_4136,2025-01-29 21:28:00,380.67,Food_Dining,DEV_IN_SAMS23_046,Samsung Galaxy S23,Pune,18.5204,73.8567,2192.03,5334.25,-0.34,0.17,1,1,60.9,0.0,0.0,0,0,0.0,0.0,0,0,normal_routine,0
TXN_UPI_100787,USR_4108,2025-01-29 21:34:00,983.19,Utility_Bills,DEV_IN_IPH15_018,iPhone 15,Delhi,28.6139,77.209,15538.45,21661.38,-0.672,0.06,1,1,0.01,0.0,0.0,0,1,0.0,0.0,0,0,normal_routine,0
TXN_UPI_103358,USR_4165,2025-01-29 21:37:00,1034.83,Utility_Bills,DEV_IN_IPH15_075,iPhone 15,Bengaluru,12.9716,77.5946,7880.46,20197.7,-0.339,0.13,1,1,0.01,0.0,0.0,0,1,0.0,0.0,0,0,normal_routine,0
TXN_UPI_100290,USR_4097,2025-01-29 21:40:00,74769.78,Jewelry_Luxury,DEV_IN_XRN13_007,Xiaomi Redmi Note 13,Delhi,28.6139,77.209,5836.7,11842.88,5.821,12.81,1,1,229.1667,0.0,0.0,0,0,0.0,0.0,0,0,benign_festive_spend,0
TXN_UPI_100743,USR_4107,2025-01-29 21:40:00,357.22,Food_Dining,DEV_IN_OP12_017,OnePlus 12,Chennai,13.0827,80.2707,7021.5,14751.86,-0.452,0.05,1,1,0.01,0.0,0.0,0,1,0.0,0.0,0,0,normal_routine,0
TXN_UPI_100876,USR_4110,2025-01-29 21:43:00,948.73,P2P_Transfer,DEV_IN_OP12_020,OnePlus 12,Jaipur,26.9124,75.7873,4056.65,11546.26,-0.269,0.23,1,1,103.6667,7937.78,76.57,0,0,0.0,0.0,0,0,normal_routine,0
TXN_UPI_103043,USR_4158,2025-01-29 21:43:00,16347.29,Food_Dining,DEV_IN_SAMS23_068,Samsung Galaxy S23,Jaipur,26.9124,75.7873,5174.9,11833.87,0.944,3.16,1,1,47.8,0.0,0.0,0,3,0.0,0.0,0,0,benign_festive_spend,0
TXN_UPI_102589,USR_4148,2025-01-29 21:46:00,119.9,Food_Dining,DEV_IN_XRN13_058,Xiaomi Redmi Note 13,Pune,18.5204,73.8567,6881.85,17530.81,-0.386,0.02,1,1,0.01,0.0,0.0,0,1,0.0,0.0,0,0,normal_routine,0
TXN_UPI_103133,USR_4160,2025-01-29 21:50:00,119.71,Food_Dining,DEV_IN_OP12_070,OnePlus 12,Chennai,13.0827,80.2707,6030.17,15502.38,-0.381,0.02,1,1,0.01,0.0,0.0,0,1,0.0,0.0,0,0,normal_routine,0
TXN_UPI_102816,USR_4153,2025-01-29 21:58:00,911.77,Utility_Bills,DEV_IN_XRN13_063,Xiaomi Redmi Note 13,Mumbai,19.076,72.8777,6611.3,15709.88,-0.363,0.14,1,1,0.01,0.0,0.0,0,1,0.0,0.0,0,0,normal_routine,0
TXN_UPI_100746,USR_4107,2025-01-30 01:11:00,5328.43,Travel_Ticketing,DEV_IN_OP12_017,OnePlus 12,Mumbai,19.076,72.8777,6253.79,13994.95,-0.066,0.85,1,1,87.8333,1033.1,11.76,1,4,0.0,0.0,0,0,benign_travel,0
TXN_UPI_100742,USR_4107,2025-01-30 01:22:00,208.06,Gaming_Crypto,DEV_BOTNET_16,Automated Script Bot,Chennai,13.0827,80.2707,7345.95,15022.13,-0.475,0.03,0,1,196.9333,0.0,0.0,1,14,1.5,0.11,0,1,credential_stuffing_burst,1
TXN_UPI_101598,USR_4126,2025-01-30 02:00:00,9270.21,Travel_Ticketing,DEV_IN_OP12_036,OnePlus 12,Mumbai,19.076,72.8777,12098.25,25551.79,-0.111,0.77,1,1,184.8667,1033.1,5.59,1,0,0.0,0.0,0,0,benign_travel,0
TXN_UPI_101059,USR_4114,2025-01-30 02:56:00,2383.19,Food_Dining,DEV_IN_SAMS23_024,Samsung Galaxy S23,Delhi,28.6139,77.209,4154.44,13094.7,-0.135,0.57,1,1,0.01,0.0,0.0,1,1,0.0,0.0,0,0,emergency_nocturnal_legit,0
TXN_UPI_103174,USR_4161,2025-01-30 03:13:00,87.76,Gaming_Crypto,DEV_BOTNET_70,Automated Script Bot,Kolkata,22.5726,88.3639,6022.55,17632.93,-0.337,0.01,0,1,0.01,0.0,0.0,1,9,1.5,0.11,0,1,credential_stuffing_burst,1
TXN_UPI_100345,USR_4098,2025-01-30 03:15:00,874.34,Utility_Bills,DEV_IN_IPH15_008,iPhone 15,Hyderabad,17.385,78.4867,8109.39,19591.39,-0.369,0.11,1,1,0.01,0.0,0.0,1,1,0.0,0.0,0,0,emergency_nocturnal_legit,0
TXN_UPI_102320,USR_4142,2025-01-30 03:50:00,6243.96,P2P_Transfer,DEV_IN_IPH15_052,iPhone 15,Hyderabad,17.385,78.4867,3412.41,6894.92,0.411,1.83,1,1,67.1667,0.0,0.0,1,0,0.0,0.0,0,0,emergency_nocturnal_legit,0
TXN_UPI_101649,USR_4127,2025-01-30 04:30:00,4604.13,Utility_Bills,DEV_IN_XRN13_037,Xiaomi Redmi Note 13,Mumbai,19.076,72.8777,12924.59,25851.17,-0.322,0.36,1,1,0.01,920.74,92074.24,1,2,0.0,0.0,1,0,emergency_nocturnal_legit,0
TXN_UPI_101733,USR_4129,2025-01-30 04:45:00,722.66,P2P_Transfer,DEV_IN_SAMS23_039,Samsung Galaxy S23,Bengaluru,12.9716,77.5946,5999.53,11661.53,-0.453,0.12,1,1,171.05,845.32,4.94,1,0,0.0,0.0,0,0,emergency_nocturnal_legit,0
TXN_UPI_101641,USR_4127,2025-01-30 08:00:00,260.58,Groceries_Daily,DEV_IN_XRN13_037,Xiaomi Redmi Note 13,Mumbai,19.076,72.8777,14880.93,28859.73,-0.507,0.02,1,1,126.6833,0.0,0.0,0,0,0.0,0.0,0,0,normal_routine,0
TXN_UPI_100971,USR_4112,2025-01-30 08:04:00,890.65,Utility_Bills,DEV_IN_SAMS23_022,Samsung Galaxy S23,Hyderabad,17.385,78.4867,3908.98,14364.21,-0.21,0.23,1,1,60.9667,0.0,0.0,0,0,0.0,0.0,0,0,normal_routine,0
TXN_UPI_101688,USR_4128,2025-01-30 08:05:00,310.87,Groceries_Daily,DEV_IN_SAMS23_038,Samsung Galaxy S23,Bengaluru,12.9716,77.5946,5461.61,14945.62,-0.345,0.06,1,1,0.01,0.0,0.0,0,1,0.0,0.0,0,0,normal_routine,0
TXN_UPI_100788,USR_4108,2025-01-30 08:14:00,1962.07,Utility_Bills,DEV_IN_IPH15_018,iPhone 15,Delhi,28.6139,77.209,14876.85,21379.42,-0.604,0.13,1,1,10.6667,0.0,0.0,0,2,0.0,0.0,0,0,normal_routine,0
TXN_UPI_100382,USR_4099,2025-01-30 08:20:00,2370.76,Utility_Bills,DEV_IN_XRN13_009,Xiaomi Redmi Note 13,Mumbai,19.076,72.8777,8338.48,19737.92,-0.302,0.28,1,1,155.9,0.0,0.0,0,0,0.0,0.0,0,0,normal_routine,0
TXN_UPI_103309,USR_4164,2025-01-30 08:20:00,723.2,P2P_Transfer,DEV_IN_IPH15_074,iPhone 15,Delhi,28.6139,77.209,9236.9,17149.71,-0.496,0.08,1,1,0.01,0.0,0.0,0,1,0.0,0.0,0,0,normal_routine,0
TXN_UPI_102278,USR_4141,2025-01-30 09:10:00,212.43,Groceries_Daily,DEV_IN_OP12_051,OnePlus 12,Hyderabad,17.385,78.4867,7137.46,17203.86,-0.403,0.03,1,1,0.01,0.0,0.0,0,2,0.0,0.0,0,0,normal_routine,0
TXN_UPI_102096,USR_4137,2025-01-30 09:16:00,288.25,Food_Dining,DEV_IN_OP12_047,OnePlus 12,Hyderabad,17.385,78.4867,13748.06,21030.02,-0.64,0.02,1,1,47.9,0.0,0.0,0,5,0.0,0.0,0,0,normal_routine,0
TXN_UPI_100297,USR_4097,2025-01-30 09:19:00,9217.79,Food_Dining,DEV_IN_NEW_007,Samsung Galaxy S24,Delhi,28.6139,77.209,8272.39,17310.22,0.055,1.11,0,1,0.01,0.0,0.0,0,1,0.0,0.0,0,0,benign_new_device,0
TXN_UPI_101197,USR_4117,2025-01-30 09:23:00,539.2,Groceries_Daily,DEV_IN_SAMS23_027,Samsung Galaxy S23,Kolkata,22.5726,88.3639,3826.76,8389.36,-0.392,0.14,1,1,0.01,0.0,0.0,0,1,0.0,0.0,0,0,normal_routine,0
TXN_UPI_103310,USR_4164,2025-01-30 09:50:00,1558.64,Utility_Bills,DEV_IN_IPH15_074,iPhone 15,Delhi,28.6139,77.209,8882.16,16874.6,-0.434,0.18,1,1,1.5,0.0,0.0,0,2,0.0,0.0,0,0,normal_routine,0
TXN_UPI_102003,USR_4135,2025-01-30 09:53:00,1041.2,P2P_Transfer,DEV_IN_OP12_045,OnePlus 12,Bengaluru,12.9716,77.5946,4272.64,12069.25,-0.268,0.24,1,1,182.5167,0.0,0.0,0,0,0.0,0.0,0,0,normal_routine,0
TXN_UPI_103405,USR_4166,2025-01-30 09:59:00,277.12,Food_Dining,DEV_IN_SAMS23_076,Samsung Galaxy S23,Bengaluru,12.9716,77.5946,6202.65,16103.71,-0.368,0.04,1,1,0.01,0.0,0.0,0,1,0.0,0.0,0,0,normal_routine,0
TXN_UPI_103087,USR_4159,2025-01-30 11:05:00,468.44,Utility_Bills,DEV_IN_XRN13_069,Xiaomi Redmi Note 13,Delhi,28.6139,77.209,6237.08,14826.92,-0.389,0.08,1,1,0.01,0.0,0.0,0,2,0.0,0.0,0,0,normal_routine,0
TXN_UPI_102681,USR_4150,2025-01-30 11:12:00,313.86,Food_Dining,DEV_IN_SAMS23_060,Samsung Galaxy S23,Mumbai,19.076,72.8777,6162.24,12779.96,-0.458,0.05,1,1,0.01,0.0,0.0,0,1,0.0,0.0,0,0,normal_routine,0
TXN_UPI_103356,USR_4165,2025-01-30 11:25:00,563.56,Groceries_Daily,DEV_IN_IPH15_075,iPhone 15,Bengaluru,12.9716,77.5946,8484.35,20872.36,-0.379,0.07,1,1,0.01,0.0,0.0,0,1,0.0,0.0,0,0,normal_routine,0
TXN_UPI_103219,USR_4162,2025-01-30 11:27:00,729.18,P2P_Transfer,DEV_IN_XRN13_072,Xiaomi Redmi Note 13,Bengaluru,12.9716,77.5946,9036.52,19261.07,-0.431,0.08,1,1,23.6333,0.0,0.0,0,0,0.0,0.0,0,0,normal_routine,0
TXN_UPI_100879,USR_4110,2025-01-30 11:32:00,135.36,Food_Dining,DEV_IN_OP12_020,OnePlus 12,Jaipur,26.9124,75.7873,3623.63,10825.53,-0.322,0.04,1,1,72.0,0.0,0.0,0,0,0.0,0.0,0,0,normal_routine,0
TXN_UPI_103129,USR_4160,2025-01-30 11:33:00,294.58,Groceries_Daily,DEV_IN_OP12_070,OnePlus 12,Chennai,13.0827,80.2707,6718.2,16684.66,-0.385,0.04,1,1,0.01,0.0,0.0,0,1,0.0,0.0,0,0,normal_routine,0
TXN_UPI_101375,USR_4121,2025-01-30 11:52:00,128.72,Food_Dining,DEV_IN_OP12_031,OnePlus 12,Kolkata,22.5726,88.3639,6627.61,15534.29,-0.418,0.02,1,1,46.7,0.0,0.0,0,2,0.0,0.0,0,0,normal_routine,0
TXN_UPI_100163,USR_4094,2025-01-30 12:27:00,12023.65,Travel_Ticketing,DEV_IN_SAMS23_004,Samsung Galaxy S23,Mumbai,19.076,72.8777,7557.3,19272.3,0.232,1.59,1,1,15.6333,845.32,54.07,0,4,0.0,0.0,0,0,benign_travel,0
TXN_UPI_102369,USR_4143,2025-01-30 13:01:00,737.15,Utility_Bills,DEV_IN_XRN13_053,Xiaomi Redmi Note 13,Pune,18.5204,73.8567,3574.93,13827.94,-0.205,0.21,1,1,0.01,0.0,0.0,0,1,0.0,0.0,0,0,normal_routine,0
TXN_UPI_102407,USR_4144,2025-01-30 13:01:00,14960.66,Jewelry_Luxury,DEV_IN_OP12_054,OnePlus 12,Jaipur,26.9124,75.7873,4314.33,11046.16,0.964,3.47,1,1,160.7167,0.0,0.0,0,0,0.0,0.0,0,0,benign_festive_spend,0
TXN_UPI_100786,USR_4108,2025-01-30 13:08:00,900.23,P2P_Transfer,DEV_IN_IPH15_018,iPhone 15,Delhi,28.6139,77.209,16270.36,21941.44,-0.701,0.06,1,1,63.75,0.0,0.0,0,0,0.0,0.0,0,0,normal_routine,0
TXN_UPI_101151,USR_4116,2025-01-30 13:18:00,36494.07,Electronics_Gadgets,DEV_IN_OP12_026,OnePlus 12,Hyderabad,17.385,78.4867,6349.59,17580.4,1.715,5.75,1,1,0.01,0.0,0.0,0,1,0.0,0.0,0,0,benign_festive_spend,0
TXN_UPI_103494,USR_4168,2025-01-30 13:18:00,75922.39,Jewelry_Luxury,DEV_IN_XRN13_078,Xiaomi Redmi Note 13,Pune,18.5204,73.8567,4933.19,11420.88,6.216,15.39,1,1,0.01,0.0,0.0,0,1,0.0,0.0,0,0,benign_festive_spend,0
TXN_UPI_102910,USR_4155,2025-01-30 13:26:00,416.94,Groceries_Daily,DEV_IN_SAMS23_065,Samsung Galaxy S23,Hyderabad,17.385,78.4867,4471.64,12494.14,-0.325,0.09,1,1,0.01,0.0,0.0,0,5,0.0,0.0,0,0,normal_routine,0
TXN_UPI_103178,USR_4161,2025-01-30 13:44:00,1338.94,Utility_Bills,DEV_IN_OP12_071,OnePlus 12,Kolkata,22.5726,88.3639,5159.62,16405.53,-0.233,0.26,1,1,17.6833,0.0,0.0,0,2,0.0,0.0,0,0,normal_routine,0
TXN_UPI_100029,USR_4091,2025-01-30 13:52:00,347.63,P2P_Transfer,DEV_IN_IPH15_001,iPhone 15,Bengaluru,12.9716,77.5946,7405.08,19464.37,-0.363,0.05,1,1,17.3833,0.0,0.0,0,3,0.0,0.0,0,0,normal_routine,0
TXN_UPI_102542,USR_4147,2025-01-30 13:54:00,17291.95,Groceries_Daily,DEV_IN_NEW_057,Samsung Galaxy S24,Pune,18.5204,73.8567,12293.26,23030.75,0.217,1.41,0,1,98.2667,0.0,0.0,0,0,0.0,0.0,0,0,benign_new_device,0
TXN_UPI_102592,USR_4148,2025-01-30 13:59:00,266.11,Groceries_Daily,DEV_IN_XRN13_058,Xiaomi Redmi Note 13,Pune,18.5204,73.8567,6419.83,16588.03,-0.371,0.04,1,1,0.01,0.0,0.0,0,1,0.0,0.0,0,0,normal_routine,0
TXN_UPI_100299,USR_4097,2025-01-30 14:28:00,3003.25,Travel_Ticketing,DEV_IN_XRN13_007,Xiaomi Redmi Note 13,Jaipur,26.9124,75.7873,8018.22,16749.01,-0.299,0.37,1,1,0.01,235.29,23529.02,0,3,0.0,0.0,1,0,benign_travel,0
TXN_UPI_101874,USR_4132,2025-01-30 16:34:00,12594.42,Travel_Ticketing,DEV_IN_OP12_042,OnePlus 12,Mumbai,19.076,72.8777,847.26,1230.87,9.544,14.86,1,1,0.01,621.46,62146.29,0,3,0.0,0.0,1,0,benign_travel,0
TXN_UPI_102863,USR_4154,2025-01-30 18:05:00,1171.26,Groceries_Daily,DEV_IN_IPH15_064,iPhone 15,Chennai,13.0827,80.2707,9216.26,16451.78,-0.489,0.13,1,1,0.01,1033.1,103309.85,0,2,0.0,0.0,1,0,normal_routine,0
TXN_UPI_101830,USR_4131,2025-01-30 18:12:00,1420.98,Utility_Bills,DEV_IN_OP12_041,OnePlus 12,Bengaluru,12.9716,77.5946,8852.73,18696.58,-0.397,0.16,1,1,0.01,0.0,0.0,0,4,0.0,0.0,0,0,normal_routine,0
TXN_UPI_102010,USR_4135,2025-01-30 18:14:00,2026.33,P2P_Transfer,DEV_IN_OP12_045,OnePlus 12,Bengaluru,12.9716,77.5946,5497.14,14765.96,-0.235,0.37,1,1,0.01,0.0,0.0,0,1,0.0,0.0,0,0,normal_routine,0
TXN_UPI_101605,USR_4126,2025-01-30 18:16:00,357.52,Groceries_Daily,DEV_IN_OP12_036,OnePlus 12,Chennai,13.0827,80.2707,9676.07,22713.1,-0.41,0.04,1,1,0.01,0.0,0.0,0,1,0.0,0.0,0,0,normal_routine,0
TXN_UPI_102775,USR_4152,2025-01-30 18:48:00,325.39,Food_Dining,DEV_IN_OP12_062,OnePlus 12,Bengaluru,12.9716,77.5946,3894.1,8425.7,-0.424,0.08,1,1,0.01,0.0,0.0,0,6,0.0,0.0,0,0,normal_routine,0
TXN_UPI_101373,USR_4121,2025-01-30 19:03:00,44571.08,Electronics_Gadgets,DEV_IN_OP12_031,OnePlus 12,Kolkata,22.5726,88.3639,5172.13,13931.9,2.828,8.62,1,1,96.1333,0.0,0.0,0,0,0.0,0.0,0,0,benign_festive_spend,0
TXN_UPI_102185,USR_4139,2025-01-30 19:04:00,835.25,P2P_Transfer,DEV_IN_OP12_049,OnePlus 12,Pune,18.5204,73.8567,3871.34,8906.71,-0.341,0.22,1,1,122.5667,953.87,7.78,0,2,0.0,0.0,0,0,normal_routine,0
TXN_UPI_102094,USR_4137,2025-01-30 19:05:00,708.74,P2P_Transfer,DEV_IN_OP12_047,OnePlus 12,Hyderabad,17.385,78.4867,14854.27,21573.47,-0.656,0.05,1,1,25.0,621.46,24.86,0,3,0.0,0.0,0,0,normal_routine,0
TXN_UPI_102953,USR_4156,2025-01-30 19:16:00,666.64,P2P_Transfer,DEV_IN_SAMS23_066,Samsung Galaxy S23,Jaipur,26.9124,75.7873,2280.03,4527.14,-0.356,0.29,1,1,0.01,0.0,0.0,0,1,0.0,0.0,0,0,normal_routine,0
TXN_UPI_102996,USR_4157,2025-01-30 19:20:00,599.01,P2P_Transfer,DEV_IN_SAMS23_067,Samsung Galaxy S23,Jaipur,26.9124,75.7873,5885.33,13395.36,-0.395,0.1,1,1,0.01,0.0,0.0,0,1,0.0,0.0,0,0,normal_routine,0
TXN_UPI_102228,USR_4140,2025-01-30 19:33:00,1874.75,Utility_Bills,DEV_IN_XRN13_050,Xiaomi Redmi Note 13,Chennai,13.0827,80.2707,3799.92,11190.86,-0.172,0.49,1,1,200.2333,0.0,0.0,0,0,0.0,0.0,0,0,normal_routine,0
TXN_UPI_100924,USR_4111,2025-01-30 19:36:00,221.0,Food_Dining,DEV_IN_SAMS23_021,Samsung Galaxy S23,Hyderabad,17.385,78.4867,9046.24,20961.95,-0.421,0.02,1,1,34.4667,0.0,0.0,0,0,0.0,0.0,0,0,normal_routine,0
TXN_UPI_100070,USR_4092,2025-01-30 19:38:00,1095.45,P2P_Transfer,DEV_IN_OP12_002,OnePlus 12,Kolkata,22.5726,88.3639,9381.84,21576.5,-0.384,0.12,1,1,119.6333,0.0,0.0,0,2,0.0,0.0,0,0,normal_routine,0
TXN_UPI_100158,USR_4094,2025-01-30 19:39:00,241.34,Groceries_Daily,DEV_IN_SAMS23_004,Samsung Galaxy S23,Bengaluru,12.9716,77.5946,9206.39,21003.48,-0.427,0.03,1,1,94.0333,0.0,0.0,0,0,0.0,0.0,0,0,normal_routine,0
TXN_UPI_100431,USR_4100,2025-01-30 19:42:00,503.92,Groceries_Daily,DEV_IN_OP12_010,OnePlus 12,Pune,18.5204,73.8567,6381.72,16282.89,-0.361,0.08,1,1,0.01,0.0,0.0,0,1,0.0,0.0,0,0,normal_routine,0
TXN_UPI_102091,USR_4137,2025-01-30 19:42:00,321.61,Food_Dining,DEV_IN_OP12_047,OnePlus 12,Hyderabad,17.385,78.4867,14739.81,22564.25,-0.639,0.02,1,1,190.1333,0.0,0.0,0,0,0.0,0.0,0,0,normal_routine,0
TXN_UPI_100840,USR_4109,2025-01-30 19:50:00,870.14,P2P_Transfer,DEV_IN_IPH15_019,iPhone 15,Pune,18.5204,73.8567,9092.95,19015.3,-0.432,0.1,1,1,0.01,0.0,0.0,0,1,0.0,0.0,0,0,normal_routine,0
TXN_UPI_103355,USR_4165,2025-01-30 19:54:00,205.16,Groceries_Daily,DEV_IN_IPH15_075,iPhone 15,Bengaluru,12.9716,77.5946,8829.32,21232.82,-0.406,0.02,1,1,80.8333,0.0,0.0,0,0,0.0,0.0,0,0,normal_routine,0
TXN_UPI_100882,USR_4110,2025-01-30 20:00:00,728.84,P2P_Transfer,DEV_IN_OP12_020,OnePlus 12,Jaipur,26.9124,75.7873,3261.62,10231.9,-0.248,0.22,1,1,0.01,0.0,0.0,0,1,0.0,0.0,0,0,normal_routine,0
TXN_UPI_101695,USR_4128,2025-01-30 20:02:00,374.43,Groceries_Daily,DEV_IN_SAMS23_038,Samsung Galaxy S23,Bengaluru,12.9716,77.5946,4366.89,13164.58,-0.303,0.09,1,1,0.01,0.0,0.0,0,2,0.0,0.0,0,0,normal_routine,0
TXN_UPI_101828,USR_4131,2025-01-30 20:08:00,1168.96,Utility_Bills,DEV_IN_OP12_041,OnePlus 12,Bengaluru,12.9716,77.5946,9440.25,19246.97,-0.43,0.12,1,1,30.9167,0.0,0.0,0,2,0.0,0.0,0,0,normal_routine,0
TXN_UPI_102055,USR_4136,2025-01-30 20:09:00,1157.27,P2P_Transfer,DEV_IN_SAMS23_046,Samsung Galaxy S23,Pune,18.5204,73.8567,1936.71,4797.35,-0.162,0.6,1,1,0.01,0.0,0.0,0,1,0.0,0.0,0,0,normal_routine,0
TXN_UPI_100112,USR_4093,2025-01-30 20:11:00,894.27,P2P_Transfer,DEV_IN_IPH15_003,iPhone 15,Mumbai,19.076,72.8777,3449.98,9075.52,-0.282,0.26,1,1,48.5333,0.0,0.0,0,0,0.0,0.0,0,0,normal_routine,0
TXN_UPI_101063,USR_4114,2025-01-30 20:11:00,608.43,P2P_Transfer,DEV_IN_SAMS23_024,Samsung Galaxy S23,Delhi,28.6139,77.209,4531.57,12566.27,-0.312,0.13,1,1,23.2,0.0,0.0,0,3,0.0,0.0,0,0,normal_routine,0
TXN_UPI_101599,USR_4126,2025-01-30 20:15:00,1614.31,Utility_Bills,DEV_IN_OP12_036,OnePlus 12,Chennai,13.0827,80.2707,11975.29,24996.8,-0.414,0.13,1,1,18.25,1033.1,56.61,0,0,0.0,0.0,0,0,normal_routine,0
TXN_UPI_100607,USR_4104,2025-01-30 20:16:00,390.64,P2P_Transfer,DEV_IN_OP12_014,OnePlus 12,Mumbai,19.076,72.8777,17220.42,25365.7,-0.663,0.02,1,1,24.7667,0.0,0.0,0,0,0.0,0.0,0,0,normal_routine,0
TXN_UPI_102773,USR_4152,2025-01-30 20:18:00,541.64,Groceries_Daily,DEV_IN_OP12_062,OnePlus 12,Bengaluru,12.9716,77.5946,3958.06,8702.47,-0.393,0.14,1,1,55.0,0.0,0.0,0,4,0.0,0.0,0,0,normal_routine,0
TXN_UPI_100205,USR_4095,2025-01-30 20:20:00,780.11,Utility_Bills,DEV_IN_IPH15_005,iPhone 15,Kolkata,22.5726,88.3639,13850.29,23607.35,-0.554,0.06,1,1,121.8167,0.0,0.0,0,0,0.0,0.0,0,0,normal_routine,0
TXN_UPI_100701,USR_4106,2025-01-30 20:20:00,242.02,Groceries_Daily,DEV_IN_OP12_016,OnePlus 12,Pune,18.5204,73.8567,1751.33,3874.25,-0.39,0.14,1,1,72.0167,0.0,0.0,0,3,0.0,0.0,0,0,normal_routine,0
TXN_UPI_102858,USR_4154,2025-01-30 20:41:00,203.97,Food_Dining,DEV_IN_IPH15_064,iPhone 15,Chennai,13.0827,80.2707,10344.82,17782.92,-0.57,0.02,1,1,194.1,1607.1,8.28,0,0,0.0,0.0,0,0,normal_routine,0
TXN_UPI_101416,USR_4122,2025-01-30 20:42:00,164.95,Groceries_Daily,DEV_IN_XRN13_032,Xiaomi Redmi Note 13,Delhi,28.6139,77.209,5427.71,11975.23,-0.439,0.03,1,1,31.4667,0.0,0.0,0,0,0.0,0.0,0,0,normal_routine,0
TXN_UPI_102005,USR_4135,2025-01-30 20:42:00,374.63,P2P_Transfer,DEV_IN_OP12_045,OnePlus 12,Bengaluru,12.9716,77.5946,3977.01,11597.31,-0.311,0.09,1,1,79.4833,0.0,0.0,0,0,0.0,0.0,0,0,normal_routine,0
TXN_UPI_102995,USR_4157,2025-01-30 20:49:00,273.62,Groceries_Daily,DEV_IN_SAMS23_067,Samsung Galaxy S23,Jaipur,26.9124,75.7873,6119.15,13621.5,-0.429,0.04,1,1,145.6833,0.0,0.0,0,0,0.0,0.0,0,0,normal_routine,0
TXN_UPI_100341,USR_4098,2025-01-30 21:10:00,276.79,Food_Dining,DEV_IN_IPH15_008,iPhone 15,Hyderabad,17.385,78.4867,9353.72,20832.85,-0.436,0.03,1,1,121.2,0.0,0.0,0,2,0.0,0.0,0,0,normal_routine,0
TXN_UPI_102904,USR_4155,2025-01-30 21:11:00,994.63,Food_Dining,DEV_IN_SAMS23_065,Samsung Galaxy S23,Hyderabad,17.385,78.4867,2567.92,5552.12,-0.283,0.39,1,1,49.9667,0.0,0.0,0,0,0.0,0.0,0,0,normal_routine,0
TXN_UPI_101643,USR_4127,2025-01-30 21:21:00,424.38,Food_Dining,DEV_IN_XRN13_037,Xiaomi Redmi Note 13,Mumbai,19.076,72.8777,13549.99,27836.69,-0.472,0.03,1,1,180.1667,0.0,0.0,0,0,0.0,0.0,0,0,normal_routine,0
TXN_UPI_100973,USR_4112,2025-01-30 21:32:00,972.63,P2P_Transfer,DEV_IN_SAMS23_022,Samsung Galaxy S23,Hyderabad,17.385,78.4867,3663.78,13849.35,-0.194,0.27,1,1,25.9667,0.0,0.0,0,0,0.0,0.0,0,0,normal_routine,0
TXN_UPI_101687,USR_4128,2025-01-30 21:33:00,176.07,Groceries_Daily,DEV_IN_SAMS23_038,Samsung Galaxy S23,Bengaluru,12.9716,77.5946,5713.31,15251.7,-0.363,0.03,1,1,218.1,0.0,0.0,0,0,0.0,0.0,0,0,normal_routine,0
TXN_UPI_103402,USR_4166,2025-01-30 21:33:00,200.83,Food_Dining,DEV_IN_SAMS23_076,Samsung Galaxy S23,Bengaluru,12.9716,77.5946,6815.84,16899.34,-0.391,0.03,1,1,108.4667,0.0,0.0,0,4,0.0,0.0,0,0,normal_routine,0
TXN_UPI_102588,USR_4148,2025-01-30 21:41:00,230.05,Groceries_Daily,DEV_IN_XRN13_058,Xiaomi Redmi Note 13,Pune,18.5204,73.8567,7184.2,17866.06,-0.389,0.03,1,1,66.9833,0.0,0.0,0,0,0.0,0.0,0,0,normal_routine,0
TXN_UPI_102414,USR_4144,2025-01-30 21:51:00,423.39,Groceries_Daily,DEV_IN_OP12_054,OnePlus 12,Jaipur,26.9124,75.7873,3951.68,9903.49,-0.356,0.11,1,1,0.01,0.0,0.0,0,1,0.0,0.0,0,0,normal_routine,0
TXN_UPI_103582,USR_4170,2025-01-30 21:53:00,759.72,Utility_Bills,DEV_IN_IPH15_080,iPhone 15,Chennai,13.0827,80.2707,6206.21,14194.79,-0.384,0.12,1,1,0.01,0.0,0.0,0,1,0.0,0.0,0,0,normal_routine,0
TXN_UPI_100974,USR_4112,2025-01-30 21:55:00,19812.08,Gaming_Crypto,DEV_CLONE_21,Virtual Android,Lagos,6.5244,3.3792,3567.67,13608.96,1.194,5.55,0,0,0.3833,8215.23,21431.03,0,1,3.0,2.82,1,1,impossible_travel_jump,1
TXN_UPI_103441,USR_4167,2025-01-30 21:55:00,847.12,P2P_Transfer,DEV_IN_XRN13_077,Xiaomi Redmi Note 13,Hyderabad,17.385,78.4867,9421.78,17451.7,-0.491,0.09,1,1,128.0,0.0,0.0,0,0,0.0,0.0,0,0,normal_routine,0
TXN_UPI_102144,USR_4138,2025-01-30 22:58:00,10431.05,Travel_Ticketing,DEV_IN_IPH15_048,iPhone 15,Jaipur,26.9124,75.7873,7522.69,16993.52,0.171,1.39,1,1,0.01,235.29,23529.02,0,1,0.0,0.0,1,0,benign_travel,0
TXN_UPI_103576,USR_4170,2025-01-31 02:12:00,12548.26,Travel_Ticketing,DEV_IN_IPH15_080,iPhone 15,Mumbai,19.076,72.8777,6164.29,15477.07,0.412,2.04,1,1,110.45,1033.1,9.35,1,0,0.0,0.0,0,0,benign_travel,0
TXN_UPI_100076,USR_4092,2025-01-31 02:26:00,84.51,Gaming_Crypto,DEV_BOTNET_01,Automated Script Bot,Kolkata,22.5726,88.3639,9026.35,20566.28,-0.435,0.01,0,1,0.01,0.0,0.0,1,14,1.5,0.11,0,1,credential_stuffing_burst,1
TXN_UPI_100166,USR_4094,2025-01-31 02:26:00,204.14,Gaming_Crypto,DEV_BOTNET_03,Automated Script Bot,Bengaluru,12.9716,77.5946,7274.71,18376.73,-0.385,0.03,0,1,0.01,0.0,0.0,1,11,1.5,0.11,0,1,credential_stuffing_burst,1
TXN_UPI_100077,USR_4092,2025-01-31 02:44:00,25665.08,Gaming_Crypto,DEV_CLONE_01,Virtual Android,Lagos,6.5244,3.3792,8737.91,20293.44,0.834,2.94,0,0,0.3,9216.67,30722.24,1,6,4.5,3.7,1,1,impossible_travel_jump,1
TXN_UPI_102774,USR_4152,2025-01-31 03:20:00,5519.72,P2P_Transfer,DEV_IN_OP12_062,OnePlus 12,Bengaluru,12.9716,77.5946,3836.05,8569.14,0.196,1.44,1,1,7.0333,0.0,0.0,1,5,0.0,0.0,0,0,emergency_nocturnal_legit,0
TXN_UPI_102770,USR_4152,2025-01-31 03:34:00,16990.46,Travel_Ticketing,DEV_IN_OP12_062,OnePlus 12,Jaipur,26.9124,75.7873,3699.74,8779.71,1.514,4.59,1,1,0.01,1561.54,156153.6,1,1,0.0,0.0,1,0,benign_travel,0
TXN_UPI_100068,USR_4092,2025-01-31 04:47:00,74716.87,P2P_Transfer,DEV_ROGUE_EMU_01,Linux Cloud Emulator,Kolkata,22.5726,88.3639,6805.25,17429.79,3.896,10.98,0,1,62.9167,0.0,0.0,1,0,1.5,2.98,0,1,hostile_account_takeover,1
TXN_UPI_102769,USR_4152,2025-01-31 04:56:00,2209.92,Utility_Bills,DEV_IN_OP12_062,OnePlus 12,Bengaluru,12.9716,77.5946,3764.52,8962.92,-0.173,0.59,1,1,53.45,454.99,8.51,1,0,0.0,0.0,0,0,emergency_nocturnal_legit,0
TXN_UPI_102686,USR_4150,2025-01-31 08:02:00,188.55,Food_Dining,DEV_IN_SAMS23_060,Samsung Galaxy S23,Mumbai,19.076,72.8777,6646.62,12562.07,-0.514,0.03,1,1,0.01,0.0,0.0,0,1,0.0,0.0,0,0,normal_routine,0
TXN_UPI_103577,USR_4170,2025-01-31 08:09:00,23027.69,Electronics_Gadgets,DEV_IN_IPH15_080,iPhone 15,Chennai,13.0827,80.2707,6468.29,15165.14,1.092,3.56,1,1,5.95,1033.1,173.63,0,0,0.0,0.0,0,0,benign_festive_spend,0
TXN_UPI_100926,USR_4111,2025-01-31 08:19:00,223.93,Groceries_Daily,DEV_IN_SAMS23_021,Samsung Galaxy S23,Hyderabad,17.385,78.4867,8867.3,20201.29,-0.428,0.03,1,1,127.8167,1095.15,8.57,0,0,0.0,0.0,0,0,normal_routine,0
TXN_UPI_102634,USR_4149,2025-01-31 08:32:00,183.08,Groceries_Daily,DEV_IN_SAMS23_059,Samsung Galaxy S23,Hyderabad,17.385,78.4867,5236.46,12098.12,-0.418,0.03,1,1,35.9,0.0,0.0,0,0,0.0,0.0,0,0,normal_routine,0
TXN_UPI_103039,USR_4158,2025-01-31 08:57:00,240.12,Groceries_Daily,DEV_IN_SAMS23_068,Samsung Galaxy S23,Jaipur,26.9124,75.7873,5949.41,12661.82,-0.451,0.04,1,1,67.7833,0.0,0.0,0,0,0.0,0.0,0,0,normal_routine,0
TXN_UPI_100699,USR_4106,2025-01-31 09:09:00,685.88,Groceries_Daily,DEV_IN_OP12_016,OnePlus 12,Pune,18.5204,73.8567,1816.35,4031.55,-0.28,0.38,1,1,0.01,0.0,0.0,0,1,0.0,0.0,0,0,normal_routine,0
TXN_UPI_100794,USR_4108,2025-01-31 09:15:00,869.22,P2P_Transfer,DEV_IN_IPH15_018,iPhone 15,Delhi,28.6139,77.209,11858.92,19814.67,-0.555,0.07,1,1,0.01,0.0,0.0,0,1,0.0,0.0,0,0,normal_routine,0
TXN_UPI_102459,USR_4145,2025-01-31 09:35:00,565.49,P2P_Transfer,DEV_IN_SAMS23_055,Samsung Galaxy S23,Mumbai,19.076,72.8777,10829.71,21133.78,-0.486,0.05,1,1,0.01,0.0,0.0,0,1,0.0,0.0,0,0,normal_routine,0
TXN_UPI_100476,USR_4101,2025-01-31 09:38:00,1024.25,P2P_Transfer,DEV_IN_IPH15_011,iPhone 15,Mumbai,19.076,72.8777,10131.28,20352.19,-0.447,0.1,1,1,134.4167,0.0,0.0,0,0,0.0,0.0,0,0,normal_routine,0
TXN_UPI_101287,USR_4119,2025-01-31 09:46:00,177.23,Food_Dining,DEV_IN_OP12_029,OnePlus 12,Bengaluru,12.9716,77.5946,9430.81,18449.55,-0.502,0.02,1,1,0.01,0.0,0.0,0,1,0.0,0.0,0,0,normal_routine,0
TXN_UPI_100250,USR_4096,2025-01-31 09:55:00,247.44,Food_Dining,DEV_IN_SAMS23_006,Samsung Galaxy S23,Jaipur,26.9124,75.7873,1034.44,1179.95,-0.667,0.24,1,1,0.01,1302.74,130273.75,0,1,0.0,0.0,1,0,normal_routine,0
TXN_UPI_101065,USR_4114,2025-01-31 09:59:00,1012.77,P2P_Transfer,DEV_IN_SAMS23_024,Samsung Galaxy S23,Delhi,28.6139,77.209,4250.85,12169.06,-0.266,0.24,1,1,0.01,0.0,0.0,0,1,0.0,0.0,0,0,normal_routine,0
TXN_UPI_102229,USR_4140,2025-01-31 11:09:00,406.84,Food_Dining,DEV_IN_XRN13_050,Xiaomi Redmi Note 13,Chennai,13.0827,80.2707,3716.21,10951.92,-0.302,0.11,1,1,15.6,0.0,0.0,0,0,0.0,0.0,0,0,normal_routine,0
TXN_UPI_101019,USR_4113,2025-01-31 11:11:00,74652.54,Food_Dining,DEV_IN_OP12_023,OnePlus 12,Delhi,28.6139,77.209,4654.11,12088.13,5.791,16.04,1,1,0.01,0.0,0.0,0,2,0.0,0.0,0,0,benign_festive_spend,0
TXN_UPI_100614,USR_4104,2025-01-31 11:13:00,168.72,Groceries_Daily,DEV_IN_OP12_014,OnePlus 12,Mumbai,19.076,72.8777,13715.09,23018.21,-0.589,0.01,1,1,73.4167,0.0,0.0,0,2,0.0,0.0,0,0,normal_routine,0
TXN_UPI_101650,USR_4127,2025-01-31 11:16:00,58431.43,Electronics_Gadgets,DEV_IN_XRN13_037,Xiaomi Redmi Note 13,Mumbai,19.076,72.8777,12637.68,25446.88,1.8,4.62,1,1,30.7667,0.0,0.0,0,3,0.0,0.0,0,0,benign_festive_spend,0
TXN_UPI_101603,USR_4126,2025-01-31 11:29:00,601.24,Utility_Bills,DEV_IN_OP12_036,OnePlus 12,Chennai,13.0827,80.2707,10354.86,23396.94,-0.417,0.06,1,1,50.7667,0.0,0.0,0,2,0.0,0.0,0,0,normal_routine,0
TXN_UPI_100293,USR_4097,2025-01-31 13:01:00,115.02,Groceries_Daily,DEV_IN_XRN13_007,Xiaomi Redmi Note 13,Delhi,28.6139,77.209,8567.93,18206.49,-0.464,0.01,1,1,66.8167,0.0,0.0,0,0,0.0,0.0,0,0,normal_routine,0
TXN_UPI_102191,USR_4139,2025-01-31 13:04:00,181.18,Food_Dining,DEV_IN_OP12_049,OnePlus 12,Pune,18.5204,73.8567,4507.58,10340.41,-0.418,0.04,1,1,0.01,0.0,0.0,0,1,0.0,0.0,0,0,normal_routine,0
TXN_UPI_103264,USR_4163,2025-01-31 13:05:00,338.74,Groceries_Daily,DEV_IN_XRN13_073,Xiaomi Redmi Note 13,Chennai,13.0827,80.2707,5743.02,12324.82,-0.438,0.06,1,1,145.7667,0.0,0.0,0,0,0.0,0.0,0,0,normal_routine,0
TXN_UPI_102864,USR_4154,2025-01-31 13:09:00,181.09,Food_Dining,DEV_IN_IPH15_064,iPhone 15,Chennai,13.0827,80.2707,8928.94,16224.16,-0.539,0.02,1,1,19.0667,0.0,0.0,0,3,0.0,0.0,0,0,normal_routine,0
TXN_UPI_100430,USR_4100,2025-01-31 13:13:00,2168.55,Utility_Bills,DEV_IN_OP12_010,OnePlus 12,Pune,18.5204,73.8567,6557.27,16595.45,-0.264,0.33,1,1,88.6667,0.0,0.0,0,0,0.0,0.0,0,0,normal_routine,0
TXN_UPI_102641,USR_4149,2025-01-31 13:15:00,2093.9,P2P_Transfer,DEV_IN_SAMS23_059,Samsung Galaxy S23,Hyderabad,17.385,78.4867,5720.94,12133.22,-0.299,0.37,1,1,0.01,0.0,0.0,0,1,0.0,0.0,0,0,normal_routine,0
TXN_UPI_101873,USR_4132,2025-01-31 13:21:00,332.18,Groceries_Daily,DEV_IN_OP12_042,OnePlus 12,Hyderabad,17.385,78.4867,866.34,1249.39,-0.428,0.38,1,1,41.8333,0.0,0.0,0,2,0.0,0.0,0,0,normal_routine,0
TXN_UPI_100387,USR_4099,2025-01-31 13:22:00,855.19,P2P_Transfer,DEV_IN_XRN13_009,Xiaomi Redmi Note 13,Mumbai,19.076,72.8777,6878.34,17993.01,-0.335,0.12,1,1,0.01,0.0,0.0,0,2,0.0,0.0,0,0,normal_routine,0
TXN_UPI_102326,USR_4142,2025-01-31 13:34:00,72144.74,Electronics_Gadgets,DEV_IN_IPH15_052,iPhone 15,Hyderabad,17.385,78.4867,3395.46,6238.5,11.02,21.25,1,1,0.01,0.0,0.0,0,4,0.0,0.0,0,0,benign_festive_spend,0
TXN_UPI_102142,USR_4138,2025-01-31 13:40:00,661.31,P2P_Transfer,DEV_IN_IPH15_048,iPhone 15,Delhi,28.6139,77.209,8046.75,17525.65,-0.421,0.08,1,1,0.01,0.0,0.0,0,1,0.0,0.0,0,0,normal_routine,0
TXN_UPI_102951,USR_4156,2025-01-31 13:43:00,1454.25,P2P_Transfer,DEV_IN_SAMS23_066,Samsung Galaxy S23,Jaipur,26.9124,75.7873,2396.51,4681.85,-0.201,0.61,1,1,125.4667,0.0,0.0,0,4,0.0,0.0,0,0,normal_routine,0
TXN_UPI_103308,USR_4164,2025-01-31 13:48:00,1129.93,P2P_Transfer,DEV_IN_IPH15_074,iPhone 15,Delhi,28.6139,77.209,9605.4,17445.86,-0.486,0.12,1,1,95.1667,1148.09,12.06,0,0,0.0,0.0,0,0,normal_routine,0
TXN_UPI_103586,USR_4170,2025-01-31 16:54:00,6521.22,Travel_Ticketing,DEV_IN_IPH15_080,iPhone 15,Mumbai,19.076,72.8777,7453.25,16615.41,-0.056,0.87,1,1,0.01,1033.1,103309.85,0,1,0.0,0.0,1,0,benign_travel,0
TXN_UPI_101239,USR_4118,2025-01-31 18:05:00,43880.49,Electronics_Gadgets,DEV_IN_NEW_028,iPhone 16 Pro,Hyderabad,17.385,78.4867,5665.33,14949.19,2.556,7.75,0,1,0.01,0.0,0.0,0,1,0.0,0.0,0,0,benign_new_device,0
TXN_UPI_100248,USR_4096,2025-01-31 18:12:00,313.28,Food_Dining,DEV_IN_SAMS23_006,Samsung Galaxy S23,Jaipur,26.9124,75.7873,854.82,685.91,-0.79,0.37,1,1,81.7667,0.0,0.0,0,0,0.0,0.0,0,0,normal_routine,0
TXN_UPI_101466,USR_4123,2025-01-31 18:18:00,515.31,Utility_Bills,DEV_IN_OP12_033,OnePlus 12,Chennai,13.0827,80.2707,3972.82,9830.4,-0.352,0.13,1,1,0.01,0.0,0.0,0,1,0.0,0.0,0,0,normal_routine,0
TXN_UPI_102183,USR_4139,2025-01-31 18:27:00,353.9,Groceries_Daily,DEV_IN_OP12_049,OnePlus 12,Pune,18.5204,73.8567,3394.63,8765.62,-0.347,0.1,1,1,196.5667,0.0,0.0,0,0,0.0,0.0,0,0,normal_routine,0
TXN_UPI_100747,USR_4107,2025-01-31 18:37:00,1096.9,Utility_Bills,DEV_IN_OP12_017,OnePlus 12,Chennai,13.0827,80.2707,6218.2,13724.33,-0.373,0.18,1,1,41.4333,1033.1,24.93,0,0,0.0,0.0,0,0,normal_routine,0
TXN_UPI_100159,USR_4094,2025-01-31 18:38:00,294.71,Groceries_Daily,DEV_IN_SAMS23_004,Samsung Galaxy S23,Bengaluru,12.9716,77.5946,8816.61,20623.01,-0.413,0.03,1,1,22.9833,0.0,0.0,0,0,0.0,0.0,0,0,normal_routine,0
TXN_UPI_102011,USR_4135,2025-01-31 18:49:00,349.78,Groceries_Daily,DEV_IN_OP12_045,OnePlus 12,Bengaluru,12.9716,77.5946,5381.45,14531.13,-0.346,0.06,1,1,24.5833,0.0,0.0,0,2,0.0,0.0,0,0,normal_routine,0
TXN_UPI_100610,USR_4104,2025-01-31 18:59:00,512.21,Food_Dining,DEV_IN_OP12_014,OnePlus 12,Mumbai,19.076,72.8777,15125.9,24365.98,-0.6,0.03,1,1,77.1667,0.0,0.0,0,0,0.0,0.0,0,0,normal_routine,0
TXN_UPI_101510,USR_4124,2025-01-31 19:01:00,1007.08,P2P_Transfer,DEV_IN_IPH15_034,iPhone 15,Kolkata,22.5726,88.3639,9890.43,21081.22,-0.421,0.1,1,1,0.01,0.0,0.0,0,1,0.0,0.0,0,0,normal_routine,0
TXN_UPI_102815,USR_4153,2025-01-31 19:02:00,953.78,P2P_Transfer,DEV_IN_XRN13_063,Xiaomi Redmi Note 13,Mumbai,19.076,72.8777,6847.03,15990.45,-0.369,0.14,1,1,177.7333,0.0,0.0,0,0,0.0,0.0,0,0,normal_routine,0
TXN_UPI_102821,USR_4153,2025-01-31 19:26:00,1354.93,Utility_Bills,DEV_IN_XRN13_063,Xiaomi Redmi Note 13,Mumbai,19.076,72.8777,5595.76,14520.22,-0.292,0.24,1,1,0.01,0.0,0.0,0,1,0.0,0.0,0,0,normal_routine,0
TXN_UPI_100654,USR_4105,2025-01-31 19:29:00,84538.91,Electronics_Gadgets,DEV_IN_SAMS23_015,Samsung Galaxy S23,Mumbai,19.076,72.8777,12082.21,21034.75,3.445,7.0,1,1,167.5333,0.0,0.0,0,0,0.0,0.0,0,0,benign_festive_spend,0
TXN_UPI_102550,USR_4147,2025-01-31 19:31:00,1066.87,Utility_Bills,DEV_IN_XRN13_057,Xiaomi Redmi Note 13,Pune,18.5204,73.8567,9701.37,20249.93,-0.426,0.11,1,1,0.01,0.0,0.0,0,2,0.0,0.0,0,0,normal_routine,0
TXN_UPI_100346,USR_4098,2025-01-31 19:32:00,285.62,Food_Dining,DEV_IN_IPH15_008,iPhone 15,Hyderabad,17.385,78.4867,7868.22,19305.83,-0.393,0.04,1,1,40.2833,0.0,0.0,0,2,0.0,0.0,0,0,normal_routine,0
TXN_UPI_100347,USR_4098,2025-01-31 19:42:00,19432.97,P2P_Transfer,DEV_CLONE_07,Virtual Android,Lagos,6.5244,3.3792,7623.62,19039.09,0.62,2.55,0,0,0.1667,8215.23,49291.36,0,3,3.0,1.9,1,1,impossible_travel_jump,1
TXN_UPI_101290,USR_4119,2025-01-31 19:45:00,618.69,P2P_Transfer,DEV_IN_OP12_029,OnePlus 12,Bengaluru,12.9716,77.5946,8530.46,17671.01,-0.448,0.07,1,1,0.01,0.0,0.0,0,1,0.0,0.0,0,0,normal_routine,0
TXN_UPI_101109,USR_4115,2025-01-31 19:46:00,232.28,Food_Dining,DEV_IN_XRN13_025,Xiaomi Redmi Note 13,Bengaluru,12.9716,77.5946,4745.71,15291.45,-0.295,0.05,1,1,48.3,1739.8,36.02,0,2,0.0,0.0,0,0,normal_routine,0
TXN_UPI_100568,USR_4103,2025-01-31 19:48:00,129.76,Food_Dining,DEV_IN_SAMS23_013,Samsung Galaxy S23,Hyderabad,17.385,78.4867,7872.95,20893.36,-0.371,0.02,1,1,47.65,0.0,0.0,0,4,0.0,0.0,0,0,normal_routine,0
TXN_UPI_101156,USR_4116,2025-01-31 19:51:00,516.86,Groceries_Daily,DEV_IN_OP12_026,OnePlus 12,Hyderabad,17.385,78.4867,8528.86,19121.57,-0.419,0.06,1,1,0.01,0.0,0.0,0,2,0.0,0.0,0,0,normal_routine,0
TXN_UPI_101919,USR_4133,2025-01-31 19:55:00,846.33,Utility_Bills,DEV_IN_IPH15_043,iPhone 15,Delhi,28.6139,77.209,4927.72,14279.77,-0.286,0.17,1,1,0.01,0.0,0.0,0,1,0.0,0.0,0,0,normal_routine,0
TXN_UPI_101783,USR_4130,2025-01-31 19:57:00,432.98,Food_Dining,DEV_IN_SAMS23_040,Samsung Galaxy S23,Pune,18.5204,73.8567,7083.32,17499.66,-0.38,0.06,1,1,0.01,0.0,0.0,0,1,0.0,0.0,0,0,normal_routine,0
TXN_UPI_101015,USR_4113,2025-01-31 20:02:00,61056.07,Jewelry_Luxury,DEV_IN_OP12_023,OnePlus 12,Delhi,28.6139,77.209,2750.5,5714.84,10.202,22.2,1,1,71.8333,0.0,0.0,0,0,0.0,0.0,0,0,benign_festive_spend,0
TXN_UPI_100073,USR_4092,2025-01-31 20:19:00,272.85,Groceries_Daily,DEV_IN_OP12_002,OnePlus 12,Kolkata,22.5726,88.3639,8420.32,20523.7,-0.397,0.03,1,1,0.01,0.0,0.0,0,2,0.0,0.0,0,0,normal_routine,0
TXN_UPI_101288,USR_4119,2025-01-31 20:31:00,151.67,Groceries_Daily,DEV_IN_OP12_029,OnePlus 12,Bengaluru,12.9716,77.5946,9088.09,18188.82,-0.491,0.02,1,1,10.75,0.0,0.0,0,2,0.0,0.0,0,0,normal_routine,0
TXN_UPI_103361,USR_4165,2025-01-31 20:37:00,303.6,Groceries_Daily,DEV_IN_IPH15_075,iPhone 15,Bengaluru,12.9716,77.5946,7198.95,19271.55,-0.358,0.04,1,1,0.01,0.0,0.0,0,2,0.0,0.0,0,0,normal_routine,0
TXN_UPI_101238,USR_4118,2025-01-31 20:41:00,1334.7,Utility_Bills,DEV_IN_IPH15_028,iPhone 15,Hyderabad,17.385,78.4867,5862.18,15255.99,-0.297,0.23,1,1,225.2,0.0,0.0,0,0,0.0,0.0,0,0,normal_routine,0
TXN_UPI_101057,USR_4114,2025-01-31 20:43:00,245.35,Food_Dining,DEV_IN_SAMS23_024,Samsung Galaxy S23,Delhi,28.6139,77.209,4466.31,13661.8,-0.309,0.05,1,1,117.4333,235.29,2.0,0,0,0.0,0.0,0,0,normal_routine,0
TXN_UPI_103360,USR_4165,2025-01-31 20:43:00,130.2,Food_Dining,DEV_IN_IPH15_075,iPhone 15,Bengaluru,12.9716,77.5946,7442.7,19555.49,-0.374,0.02,1,1,0.01,0.0,0.0,0,1,0.0,0.0,0,0,normal_routine,0
TXN_UPI_102324,USR_4142,2025-01-31 20:44:00,428.76,Utility_Bills,DEV_IN_IPH15_052,iPhone 15,Hyderabad,17.385,78.4867,3586.87,6414.3,-0.492,0.12,1,1,0.01,0.0,0.0,0,2,0.0,0.0,0,0,normal_routine,0
TXN_UPI_100885,USR_4110,2025-01-31 20:46:00,1222.23,P2P_Transfer,DEV_IN_OP12_020,OnePlus 12,Jaipur,26.9124,75.7873,4603.32,12641.41,-0.267,0.27,1,1,0.01,0.0,0.0,0,2,0.0,0.0,0,0,normal_routine,0
TXN_UPI_102281,USR_4141,2025-01-31 20:47:00,1307.15,P2P_Transfer,DEV_IN_OP12_051,OnePlus 12,Hyderabad,17.385,78.4867,6529.77,16425.61,-0.318,0.2,1,1,0.01,0.0,0.0,0,2,0.0,0.0,0,0,normal_routine,0
TXN_UPI_102277,USR_4141,2025-01-31 21:00:00,398.59,P2P_Transfer,DEV_IN_OP12_051,OnePlus 12,Hyderabad,17.385,78.4867,7396.65,17479.78,-0.4,0.05,1,1,0.01,0.0,0.0,0,1,0.0,0.0,0,0,normal_routine,0
TXN_UPI_100254,USR_4096,2025-01-31 21:04:00,1181.01,Utility_Bills,DEV_IN_SAMS23_006,Samsung Galaxy S23,Jaipur,26.9124,75.7873,1566.46,2995.81,-0.129,0.75,1,1,0.01,0.0,0.0,0,1,0.0,0.0,0,0,normal_routine,0
TXN_UPI_103398,USR_4166,2025-01-31 21:11:00,270.06,Food_Dining,DEV_IN_SAMS23_076,Samsung Galaxy S23,Bengaluru,12.9716,77.5946,7463.87,18178.69,-0.396,0.04,1,1,144.55,0.0,0.0,0,0,0.0,0.0,0,0,normal_routine,0
TXN_UPI_101105,USR_4115,2025-01-31 21:15:00,308.41,Food_Dining,DEV_IN_XRN13_025,Xiaomi Redmi Note 13,Bengaluru,12.9716,77.5946,4764.86,16309.05,-0.273,0.06,1,1,105.6833,0.0,0.0,0,0,0.0,0.0,0,0,normal_routine,0
TXN_UPI_102862,USR_4154,2025-01-31 21:16:00,2212.21,Travel_Ticketing,DEV_IN_IPH15_064,iPhone 15,Mumbai,19.076,72.8777,9485.65,16706.63,-0.435,0.23,1,1,0.01,1033.1,103309.85,0,1,0.0,0.0,1,0,benign_travel,0
TXN_UPI_100339,USR_4098,2025-01-31 21:17:00,405.5,Groceries_Daily,DEV_IN_IPH15_008,iPhone 15,Hyderabad,17.385,78.4867,9232.87,21500.5,-0.411,0.04,1,1,181.2667,0.0,0.0,0,0,0.0,0.0,0,0,normal_routine,0
TXN_UPI_100655,USR_4105,2025-01-31 21:18:00,412.4,Food_Dining,DEV_IN_SAMS23_015,Samsung Galaxy S23,Mumbai,19.076,72.8777,15101.24,25172.59,-0.584,0.03,1,1,1.8167,0.0,0.0,0,0,0.0,0.0,0,0,normal_routine,0
TXN_UPI_100518,USR_4102,2025-01-31 21:20:00,384.57,P2P_Transfer,DEV_IN_SAMS23_012,Samsung Galaxy S23,Hyderabad,17.385,78.4867,8072.04,18425.43,-0.417,0.05,1,1,103.9833,0.0,0.0,0,0,0.0,0.0,0,0,normal_routine,0
TXN_UPI_102549,USR_4147,2025-01-31 21:22:00,327.77,P2P_Transfer,DEV_IN_XRN13_057,Xiaomi Redmi Note 13,Pune,18.5204,73.8567,10036.14,20529.36,-0.473,0.03,1,1,0.01,0.0,0.0,0,1,0.0,0.0,0,0,normal_routine,0
TXN_UPI_100611,USR_4104,2025-01-31 21:24:00,1340.7,Utility_Bills,DEV_IN_OP12_014,OnePlus 12,Mumbai,19.076,72.8777,14541.35,24044.83,-0.549,0.09,1,1,2.4167,0.0,0.0,0,0,0.0,0.0,0,0,normal_routine,0
TXN_UPI_101914,USR_4133,2025-01-31 21:28:00,1172.49,Utility_Bills,DEV_IN_IPH15_043,iPhone 15,Delhi,28.6139,77.209,5249.89,15530.76,-0.263,0.22,1,1,113.4667,0.0,0.0,0,0,0.0,0.0,0,0,normal_routine,0
TXN_UPI_100074,USR_4092,2025-01-31 21:29:00,42964.36,Food_Dining,DEV_IN_OP12_002,OnePlus 12,Kolkata,22.5726,88.3639,8129.34,20210.51,1.724,5.29,1,1,1.1667,0.0,0.0,0,3,0.0,0.0,0,0,benign_festive_spend,0
TXN_UPI_102947,USR_4156,2025-01-31 21:42:00,1668.73,Utility_Bills,DEV_IN_SAMS23_066,Samsung Galaxy S23,Jaipur,26.9124,75.7873,2692.14,5048.46,-0.203,0.62,1,1,242.6333,0.0,0.0,0,0,0.0,0.0,0,0,normal_routine,0
TXN_UPI_102595,USR_4148,2025-01-31 23:25:00,12865.5,Travel_Ticketing,DEV_IN_XRN13_058,Xiaomi Redmi Note 13,Jaipur,26.9124,75.7873,6690.93,16186.8,0.381,1.92,1,1,0.01,953.87,95387.07,0,1,0.0,0.0,1,0,benign_travel,0
TXN_UPI_100249,USR_4096,2025-01-31 23:59:00,5707.19,Travel_Ticketing,DEV_IN_SAMS23_006,Samsung Galaxy S23,Goa,15.2993,74.124,831.27,679.87,7.172,6.87,1,1,5.7833,1302.74,225.26,0,0,0.0,0.0,0,0,benign_travel,0
TXN_UPI_102677,USR_4150,2025-02-01 00:36:00,2984.25,Travel_Ticketing,DEV_IN_SAMS23_060,Samsung Galaxy S23,Delhi,28.6139,77.209,7109.07,13733.72,-0.3,0.42,1,1,238.1167,1148.09,4.82,0,0,0.0,0.0,0,0,benign_travel,0
TXN_UPI_101648,USR_4127,2025-02-01 01:59:00,15263.39,Travel_Ticketing,DEV_IN_XRN13_037,Xiaomi Redmi Note 13,Jaipur,26.9124,75.7873,12837.97,26321.56,0.092,1.19,1,1,0.01,920.74,92074.24,1,1,0.0,0.0,1,0,benign_travel,0
TXN_UPI_103130,USR_4160,2025-02-01 03:27:00,4064.38,Food_Dining,DEV_IN_OP12_070,OnePlus 12,Chennai,13.0827,80.2707,6450.55,16383.73,-0.146,0.63,1,1,39.9,0.0,0.0,1,2,0.0,0.0,0,0,emergency_nocturnal_legit,0
TXN_UPI_103091,USR_4159,2025-02-01 03:41:00,146.61,Gaming_Crypto,DEV_BOTNET_68,Automated Script Bot,Delhi,28.6139,77.209,5495.92,13932.66,-0.384,0.03,0,1,0.01,0.0,0.0,1,10,1.5,0.11,0,1,credential_stuffing_burst,1
TXN_UPI_100479,USR_4101,2025-02-01 04:04:00,3616.26,P2P_Transfer,DEV_IN_IPH15_011,iPhone 15,Mumbai,19.076,72.8777,9721.4,19433.27,-0.314,0.37,1,1,0.01,920.74,92074.24,1,2,0.0,0.0,1,0,emergency_nocturnal_legit,0
TXN_UPI_100656,USR_4105,2025-02-01 05:10:00,39073.2,P2P_Transfer,DEV_ROGUE_EMU_14,Linux Cloud Emulator,Mumbai,19.076,72.8777,14513.68,24831.39,0.989,2.69,0,1,7.8667,0.0,0.0,1,0,1.5,1.57,0,1,hostile_account_takeover,1
TXN_UPI_100342,USR_4098,2025-02-01 08:00:00,314.47,Groceries_Daily,DEV_IN_IPH15_008,iPhone 15,Hyderabad,17.385,78.4867,9004.6,20502.73,-0.424,0.03,1,1,34.8333,0.0,0.0,0,0,0.0,0.0,0,0,normal_routine,0
TXN_UPI_102325,USR_4142,2025-02-01 08:19:00,1002.68,P2P_Transfer,DEV_IN_IPH15_052,iPhone 15,Hyderabad,17.385,78.4867,3477.97,6329.03,-0.391,0.29,1,1,11.5833,0.0,0.0,0,3,0.0,0.0,0,0,normal_routine,0
TXN_UPI_103449,USR_4167,2025-02-01 08:31:00,1821.28,P2P_Transfer,DEV_IN_XRN13_077,Xiaomi Redmi Note 13,Hyderabad,17.385,78.4867,8671.16,16945.28,-0.404,0.21,1,1,0.01,0.0,0.0,0,2,0.0,0.0,0,0,normal_routine,0
TXN_UPI_101740,USR_4129,2025-02-01 08:35:00,699.73,P2P_Transfer,DEV_IN_SAMS23_039,Samsung Galaxy S23,Bengaluru,12.9716,77.5946,4650.84,10435.14,-0.379,0.15,1,1,0.01,0.0,0.0,0,2,0.0,0.0,0,0,normal_routine,0
TXN_UPI_103221,USR_4162,2025-02-01 08:51:00,319.47,Groceries_Daily,DEV_IN_XRN13_072,Xiaomi Redmi Note 13,Bengaluru,12.9716,77.5946,8896.2,18573.42,-0.462,0.04,1,1,159.0667,1739.8,10.94,0,0,0.0,0.0,0,0,normal_routine,0
TXN_UPI_101061,USR_4114,2025-02-01 09:06:00,21621.82,Food_Dining,DEV_IN_SAMS23_024,Samsung Galaxy S23,Delhi,28.6139,77.209,3962.06,12578.2,1.404,5.46,1,1,0.01,0.0,0.0,0,1,0.0,0.0,0,0,benign_festive_spend,0
TXN_UPI_102280,USR_4141,2025-02-01 09:07:00,493.88,P2P_Transfer,DEV_BURNER_50,Itel A50 Burner,Hyderabad,17.385,78.4867,6737.9,16667.47,-0.375,0.07,0,1,0.01,0.0,0.0,0,1,0.0,0.0,0,1,stealth_micro_fraud,1
TXN_UPI_101193,USR_4117,2025-02-01 09:09:00,575.48,Groceries_Daily,DEV_IN_SAMS23_027,Samsung Galaxy S23,Kolkata,22.5726,88.3639,3399.87,8010.64,-0.353,0.17,1,1,168.45,0.0,0.0,0,0,0.0,0.0,0,0,normal_routine,0
TXN_UPI_101694,USR_4128,2025-02-01 09:09:00,2134.82,Gaming_Crypto,DEV_BURNER_37,Itel A50 Burner,Bengaluru,12.9716,77.5946,4446.61,13390.72,-0.173,0.48,0,1,0.01,0.0,0.0,0,1,0.0,0.0,0,1,stealth_micro_fraud,1
TXN_UPI_100698,USR_4106,2025-02-01 09:11:00,536.62,P2P_Transfer,DEV_IN_OP12_016,OnePlus 12,Pune,18.5204,73.8567,1874.52,4112.71,-0.325,0.29,1,1,96.1,0.0,0.0,0,0,0.0,0.0,0,0,normal_routine,0
TXN_UPI_101779,USR_4130,2025-02-01 09:11:00,553.39,Groceries_Daily,DEV_IN_SAMS23_040,Samsung Galaxy S23,Pune,18.5204,73.8567,8222.67,18727.68,-0.41,0.07,1,1,110.5167,0.0,0.0,0,0,0.0,0.0,0,0,normal_routine,0
TXN_UPI_100791,USR_4108,2025-02-01 09:12:00,414.94,Groceries_Daily,DEV_IN_IPH15_018,iPhone 15,Delhi,28.6139,77.209,13197.25,20566.69,-0.622,0.03,1,1,139.5333,0.0,0.0,0,2,0.0,0.0,0,0,normal_routine,0
TXN_UPI_100301,USR_4097,2025-02-01 09:19:00,672.32,Utility_Bills,DEV_IN_XRN13_007,Xiaomi Redmi Note 13,Delhi,28.6139,77.209,7595.5,16261.8,-0.426,0.09,1,1,0.01,0.0,0.0,0,1,0.0,0.0,0,0,normal_routine,0
TXN_UPI_103269,USR_4163,2025-02-01 09:42:00,842.23,P2P_Transfer,DEV_IN_XRN13_073,Xiaomi Redmi Note 13,Chennai,13.0827,80.2707,6755.02,14719.36,-0.402,0.12,1,1,60.4,8429.29,139.56,0,0,0.0,0.0,0,0,normal_routine,0
TXN_UPI_102234,USR_4140,2025-02-01 09:51:00,376.16,Food_Dining,DEV_IN_XRN13_050,Xiaomi Redmi Note 13,Chennai,13.0827,80.2707,3156.72,9998.67,-0.278,0.12,1,1,0.01,0.0,0.0,0,1,0.0,0.0,0,0,normal_routine,0
TXN_UPI_102235,USR_4140,2025-02-01 11:10:00,170.8,Groceries_Daily,DEV_IN_XRN13_050,Xiaomi Redmi Note 13,Chennai,13.0827,80.2707,3060.84,9837.86,-0.294,0.06,1,1,1.3167,0.0,0.0,0,2,0.0,0.0,0,0,normal_routine,0
TXN_UPI_102861,USR_4154,2025-02-01 11:19:00,1587.66,Utility_Bills,DEV_IN_IPH15_064,iPhone 15,Chennai,13.0827,80.2707,9801.57,16961.17,-0.484,0.16,1,1,105.85,1607.1,15.18,0,0,0.0,0.0,0,0,normal_routine,0
TXN_UPI_103040,USR_4158,2025-02-01 11:19:00,471.64,Food_Dining,DEV_IN_SAMS23_068,Samsung Galaxy S23,Jaipur,26.9124,75.7873,5711.52,12447.62,-0.421,0.08,1,1,26.3667,0.0,0.0,0,0,0.0,0.0,0,0,normal_routine,0
TXN_UPI_101292,USR_4119,2025-02-01 11:26:00,230.83,Food_Dining,DEV_IN_OP12_029,OnePlus 12,Bengaluru,12.9716,77.5946,8050.51,17189.33,-0.455,0.03,1,1,0.01,0.0,0.0,0,1,0.0,0.0,0,0,normal_routine,0
TXN_UPI_102363,USR_4143,2025-02-01 11:27:00,213.83,Food_Dining,DEV_IN_XRN13_053,Xiaomi Redmi Note 13,Pune,18.5204,73.8567,4427.78,15490.38,-0.272,0.05,1,1,209.2833,0.0,0.0,0,0,0.0,0.0,0,0,normal_routine,0
TXN_UPI_103443,USR_4167,2025-02-01 11:53:00,1099.11,P2P_Transfer,DEV_IN_XRN13_077,Xiaomi Redmi Note 13,Hyderabad,17.385,78.4867,8669.56,16808.96,-0.45,0.13,1,1,70.3,0.0,0.0,0,0,0.0,0.0,0,0,normal_routine,0
TXN_UPI_101058,USR_4114,2025-02-01 11:58:00,1514.32,Utility_Bills,DEV_IN_SAMS23_024,Samsung Galaxy S23,Delhi,28.6139,77.209,4274.45,13376.62,-0.206,0.35,1,1,15.25,0.0,0.0,0,0,0.0,0.0,0,0,normal_routine,0
TXN_UPI_102547,USR_4147,2025-02-01 12:33:00,2717.8,Travel_Ticketing,DEV_IN_XRN13_057,Xiaomi Redmi Note 13,Delhi,28.6139,77.209,10697.31,21157.24,-0.377,0.25,1,1,0.01,1172.99,117299.5,0,1,0.0,0.0,1,0,benign_travel,0
TXN_UPI_102457,USR_4145,2025-02-01 13:29:00,505.97,Food_Dining,DEV_IN_SAMS23_055,Samsung Galaxy S23,Mumbai,19.076,72.8777,11631.01,21725.64,-0.512,0.04,1,1,0.01,0.0,0.0,0,1,0.0,0.0,0,0,normal_routine,0
TXN_UPI_102546,USR_4147,2025-02-01 13:32:00,569.08,P2P_Transfer,DEV_IN_XRN13_057,Xiaomi Redmi Note 13,Pune,18.5204,73.8567,11102.44,21477.12,-0.49,0.05,1,1,96.1167,0.0,0.0,0,0,0.0,0.0,0,0,normal_routine,0
TXN_UPI_100252,USR_4096,2025-02-01 13:44:00,216.32,Groceries_Daily,DEV_IN_SAMS23_006,Samsung Galaxy S23,Jaipur,26.9124,75.7873,1577.16,3090.44,-0.44,0.14,1,1,85.4833,1302.74,15.24,0,0,0.0,0.0,0,0,normal_routine,0
TXN_UPI_103128,USR_4160,2025-02-01 13:54:00,453.17,Food_Dining,DEV_IN_OP12_070,OnePlus 12,Chennai,13.0827,80.2707,7002.97,17004.89,-0.385,0.06,1,1,172.0833,0.0,0.0,0,0,0.0,0.0,0,0,normal_routine,0
TXN_UPI_102726,USR_4151,2025-02-01 15:41:00,16240.53,Travel_Ticketing,DEV_IN_SAMS23_061,Samsung Galaxy S23,Jaipur,26.9124,75.7873,8159.68,19399.61,0.417,1.99,1,1,93.6333,1561.54,16.68,0,0,0.0,0.0,0,0,benign_travel,0
TXN_UPI_100838,USR_4109,2025-02-01 18:08:00,616.98,P2P_Transfer,DEV_IN_IPH15_019,iPhone 15,Pune,18.5204,73.8567,9681.14,19578.76,-0.463,0.06,1,1,71.9333,0.0,0.0,0,2,0.0,0.0,0,0,normal_routine,0
TXN_UPI_102999,USR_4157,2025-02-01 18:08:00,592.63,Groceries_Daily,DEV_IN_SAMS23_067,Samsung Galaxy S23,Jaipur,26.9124,75.7873,9431.64,18924.4,-0.467,0.06,1,1,0.01,0.0,0.0,0,1,0.0,0.0,0,0,normal_routine,0
TXN_UPI_103173,USR_4161,2025-02-01 18:08:00,717.64,Utility_Bills,DEV_IN_OP12_071,OnePlus 12,Kolkata,22.5726,88.3639,6263.68,17992.1,-0.308,0.11,1,1,224.9,0.0,0.0,0,0,0.0,0.0,0,0,normal_routine,0
TXN_UPI_101829,USR_4131,2025-02-01 18:36:00,673.48,P2P_Transfer,DEV_IN_OP12_041,OnePlus 12,Bengaluru,12.9716,77.5946,9144.85,18962.38,-0.447,0.07,1,1,46.4667,0.0,0.0,0,3,0.0,0.0,0,0,normal_routine,0
TXN_UPI_102454,USR_4145,2025-02-01 18:37:00,1000.92,Utility_Bills,DEV_IN_SAMS23_055,Samsung Galaxy S23,Mumbai,19.076,72.8777,13042.96,22721.94,-0.53,0.08,1,1,190.5833,0.0,0.0,0,0,0.0,0.0,0,0,normal_routine,0
TXN_UPI_100210,USR_4095,2025-02-01 19:03:00,369.68,Groceries_Daily,DEV_IN_IPH15_005,iPhone 15,Kolkata,22.5726,88.3639,13871.39,23946.56,-0.564,0.03,1,1,0.01,0.0,0.0,0,2,0.0,0.0,0,0,normal_routine,0
TXN_UPI_101106,USR_4115,2025-02-01 19:07:00,2019.56,P2P_Transfer,DEV_IN_XRN13_025,Xiaomi Redmi Note 13,Bengaluru,12.9716,77.5946,4586.61,16003.38,-0.16,0.44,1,1,21.8667,0.0,0.0,0,0,0.0,0.0,0,0,normal_routine,0
TXN_UPI_101202,USR_4117,2025-02-01 19:12:00,50317.98,Food_Dining,DEV_IN_SAMS23_027,Samsung Galaxy S23,Kolkata,22.5726,88.3639,3378.58,7757.73,6.051,14.89,1,1,0.01,0.0,0.0,0,3,0.0,0.0,0,0,benign_festive_spend,0
TXN_UPI_100295,USR_4097,2025-02-01 19:16:00,25731.67,Electronics_Gadgets,DEV_IN_NEW_007,Samsung Galaxy S24,Delhi,28.6139,77.209,7865.59,17586.34,1.016,3.27,0,1,167.4,0.0,0.0,0,0,0.0,0.0,0,0,benign_new_device,0
TXN_UPI_103000,USR_4157,2025-02-01 19:16:00,379.06,Groceries_Daily,DEV_IN_SAMS23_067,Samsung Galaxy S23,Jaipur,26.9124,75.7873,9126.84,18665.07,-0.469,0.04,1,1,1.1333,0.0,0.0,0,2,0.0,0.0,0,0,normal_routine,0
TXN_UPI_102140,USR_4138,2025-02-01 19:27:00,38666.42,Electronics_Gadgets,DEV_IN_NEW_048,iPhone 16 Pro,Delhi,28.6139,77.209,7085.76,17040.44,1.853,5.46,0,1,71.2667,0.0,0.0,0,0,0.0,0.0,0,0,benign_new_device,0
TXN_UPI_100703,USR_4106,2025-02-01 19:38:00,1104.79,Utility_Bills,DEV_IN_OP12_016,OnePlus 12,Pune,18.5204,73.8567,1646.17,3746.57,-0.145,0.67,1,1,97.3833,0.0,0.0,0,0,0.0,0.0,0,0,normal_routine,0
TXN_UPI_103539,USR_4169,2025-02-01 19:40:00,39468.35,Food_Dining,DEV_IN_IPH15_079,iPhone 15,Kolkata,22.5726,88.3639,5565.93,14618.92,2.319,7.09,1,1,0.01,0.0,0.0,0,2,0.0,0.0,0,0,benign_festive_spend,0
TXN_UPI_100478,USR_4101,2025-02-01 19:49:00,17250.85,Travel_Ticketing,DEV_IN_IPH15_011,iPhone 15,Jaipur,26.9124,75.7873,9442.53,19734.78,0.396,1.83,1,1,0.01,920.74,92074.24,0,1,0.0,0.0,1,0,benign_travel,0
TXN_UPI_103132,USR_4160,2025-02-01 19:51:00,323.79,Food_Dining,DEV_IN_OP12_070,OnePlus 12,Chennai,13.0827,80.2707,6249.65,15756.48,-0.376,0.05,1,1,73.7333,0.0,0.0,0,0,0.0,0.0,0,0,normal_routine,0
TXN_UPI_101067,USR_4114,2025-02-01 19:54:00,23819.43,Food_Dining,DEV_IN_NEW_024,Samsung Galaxy S24,Delhi,28.6139,77.209,4016.97,11804.02,1.678,5.93,0,1,0.01,0.0,0.0,0,3,0.0,0.0,0,0,benign_new_device,0
TXN_UPI_101646,USR_4127,2025-02-01 19:57:00,793.69,P2P_Transfer,DEV_IN_XRN13_037,Xiaomi Redmi Note 13,Mumbai,19.076,72.8777,12015.11,26442.75,-0.424,0.07,1,1,94.8833,0.0,0.0,0,0,0.0,0.0,0,0,normal_routine,0
TXN_UPI_103086,USR_4159,2025-02-01 20:09:00,418.67,Groceries_Daily,DEV_IN_XRN13_069,Xiaomi Redmi Note 13,Delhi,28.6139,77.209,6469.81,15073.91,-0.401,0.06,1,1,0.01,0.0,0.0,0,1,0.0,0.0,0,0,normal_routine,0
TXN_UPI_101826,USR_4131,2025-02-01 20:14:00,514.33,P2P_Transfer,DEV_IN_OP12_041,OnePlus 12,Bengaluru,12.9716,77.5946,10153.78,19829.49,-0.486,0.05,1,1,96.9167,0.0,0.0,0,0,0.0,0.0,0,0,normal_routine,0
TXN_UPI_102506,USR_4146,2025-02-01 20:18:00,60598.94,Electronics_Gadgets,DEV_IN_SAMS23_056,Samsung Galaxy S23,Hyderabad,17.385,78.4867,9940.03,22164.21,2.286,6.1,1,1,0.01,0.0,0.0,0,2,0.0,0.0,0,0,benign_festive_spend,0
TXN_UPI_102052,USR_4136,2025-02-01 20:28:00,2903.75,Utility_Bills,DEV_IN_SAMS23_046,Samsung Galaxy S23,Pune,18.5204,73.8567,1976.5,5052.46,0.184,1.47,1,1,145.5667,0.0,0.0,0,0,0.0,0.0,0,0,normal_routine,0
TXN_UPI_100115,USR_4093,2025-02-01 20:31:00,59515.99,Jewelry_Luxury,DEV_IN_IPH15_003,iPhone 15,Mumbai,19.076,72.8777,3112.63,8536.29,6.607,19.12,1,1,84.1833,0.0,0.0,0,0,0.0,0.0,0,0,benign_festive_spend,0
TXN_UPI_102503,USR_4146,2025-02-01 20:35:00,491.53,Groceries_Daily,DEV_IN_SAMS23_056,Samsung Galaxy S23,Hyderabad,17.385,78.4867,8542.32,20435.56,-0.394,0.06,1,1,0.01,0.0,0.0,0,1,0.0,0.0,0,0,normal_routine,0
TXN_UPI_101464,USR_4123,2025-02-01 20:36:00,217.11,Groceries_Daily,DEV_IN_OP12_033,OnePlus 12,Chennai,13.0827,80.2707,4303.58,10181.96,-0.401,0.05,1,1,95.9667,0.0,0.0,0,0,0.0,0.0,0,0,normal_routine,0
TXN_UPI_100075,USR_4092,2025-02-01 20:44:00,204.63,Groceries_Daily,DEV_IN_OP12_002,OnePlus 12,Kolkata,22.5726,88.3639,9330.55,20851.4,-0.438,0.02,1,1,23.25,0.0,0.0,0,4,0.0,0.0,0,0,normal_routine,0
TXN_UPI_101421,USR_4122,2025-02-01 20:54:00,383.95,Food_Dining,DEV_IN_XRN13_032,Xiaomi Redmi Note 13,Delhi,28.6139,77.209,4455.14,10887.6,-0.374,0.09,1,1,168.45,0.0,0.0,0,0,0.0,0.0,0,0,normal_routine,0
TXN_UPI_102505,USR_4146,2025-02-01 21:01:00,316.41,P2P_Transfer,DEV_IN_SAMS23_056,Samsung Galaxy S23,Hyderabad,17.385,78.4867,10271.87,22469.72,-0.443,0.03,1,1,0.01,0.0,0.0,0,1,0.0,0.0,0,0,normal_routine,0
TXN_UPI_103089,USR_4159,2025-02-01 21:07:00,1387.59,Utility_Bills,DEV_IN_XRN13_069,Xiaomi Redmi Note 13,Delhi,28.6139,77.209,5821.36,14365.99,-0.309,0.24,1,1,0.01,0.0,0.0,0,4,0.0,0.0,0,0,normal_routine,0
TXN_UPI_100881,USR_4110,2025-02-01 21:21:00,1023.41,Utility_Bills,DEV_IN_OP12_020,OnePlus 12,Jaipur,26.9124,75.7873,3351.15,10424.54,-0.223,0.31,1,1,95.5667,0.0,0.0,0,0,0.0,0.0,0,0,normal_routine,0
TXN_UPI_100343,USR_4098,2025-02-01 21:24:00,267.7,Food_Dining,DEV_IN_IPH15_008,iPhone 15,Hyderabad,17.385,78.4867,8682.75,20186.29,-0.417,0.03,1,1,13.4,0.0,0.0,0,0,0.0,0.0,0,0,normal_routine,0
TXN_UPI_102729,USR_4151,2025-02-01 21:24:00,21111.54,Electronics_Gadgets,DEV_IN_NEW_061,Samsung Galaxy S24,Bengaluru,12.9716,77.5946,7969.83,18481.06,0.711,2.65,0,1,0.01,0.0,0.0,0,1,0.0,0.0,0,0,benign_new_device,0
TXN_UPI_101382,USR_4121,2025-02-01 21:30:00,58041.99,Food_Dining,DEV_IN_OP12_031,OnePlus 12,Kolkata,22.5726,88.3639,5222.87,13914.14,3.796,11.11,1,1,0.01,0.0,0.0,0,2,0.0,0.0,0,0,benign_festive_spend,0
TXN_UPI_101514,USR_4124,2025-02-01 21:35:00,305.61,Groceries_Daily,DEV_IN_IPH15_034,iPhone 15,Kolkata,22.5726,88.3639,10448.87,21333.59,-0.475,0.03,1,1,83.9167,9216.67,109.83,0,5,0.0,0.0,0,0,normal_routine,0
TXN_UPI_102997,USR_4157,2025-02-01 21:40:00,44083.96,Groceries_Daily,DEV_IN_NEW_067,Samsung Galaxy S24,Jaipur,26.9124,75.7873,5682.01,13174.51,2.915,7.76,0,1,50.3333,0.0,0.0,0,0,0.0,0.0,0,0,benign_new_device,0
TXN_UPI_100569,USR_4103,2025-02-01 21:45:00,306.65,Groceries_Daily,DEV_IN_SAMS23_013,Samsung Galaxy S23,Hyderabad,17.385,78.4867,7596.41,20567.13,-0.354,0.04,1,1,25.95,0.0,0.0,0,5,0.0,0.0,0,0,normal_routine,0
TXN_UPI_100752,USR_4107,2025-02-01 21:49:00,2536.7,Utility_Bills,DEV_IN_OP12_017,OnePlus 12,Chennai,13.0827,80.2707,5331.29,12731.96,-0.219,0.48,1,1,0.01,0.0,0.0,0,2,0.0,0.0,0,0,normal_routine,0
TXN_UPI_100884,USR_4110,2025-02-01 21:51:00,536.4,Groceries_Daily,DEV_IN_OP12_020,OnePlus 12,Jaipur,26.9124,75.7873,4748.56,12841.37,-0.328,0.11,1,1,0.01,0.0,0.0,0,1,0.0,0.0,0,0,normal_routine,0
TXN_UPI_100525,USR_4102,2025-02-02 00:01:00,9123.87,Travel_Ticketing,DEV_IN_SAMS23_012,Samsung Galaxy S23,Mumbai,19.076,72.8777,6848.21,16408.8,0.139,1.33,1,1,0.01,621.46,62146.29,0,5,0.0,0.0,1,0,benign_travel,0
TXN_UPI_101241,USR_4118,2025-02-02 00:48:00,15534.01,Travel_Ticketing,DEV_IN_IPH15_028,iPhone 15,Delhi,28.6139,77.209,6984.82,16228.62,0.527,2.22,1,1,180.9,1255.39,6.94,0,0,0.0,0.0,0,0,benign_travel,0
TXN_UPI_100253,USR_4096,2025-02-02 01:06:00,2638.25,Utility_Bills,DEV_IN_SAMS23_006,Samsung Galaxy S23,Jaipur,26.9124,75.7873,1526.76,3043.54,0.365,1.73,1,1,11.3667,0.0,0.0,1,0,0.0,0.0,0,0,emergency_nocturnal_legit,0
TXN_UPI_102635,USR_4149,2025-02-02 02:32:00,14009.16,Travel_Ticketing,DEV_IN_SAMS23_059,Samsung Galaxy S23,Jaipur,26.9124,75.7873,5025.9,11886.37,0.756,2.79,1,1,42.0,1095.15,26.07,1,0,0.0,0.0,0,0,benign_travel,0
TXN_UPI_100883,USR_4110,2025-02-02 04:29:00,47428.69,P2P_Transfer,DEV_ROGUE_EMU_19,Linux Cloud Emulator,Jaipur,26.9124,75.7873,3167.82,10052.02,4.403,14.97,0,1,56.4833,0.0,0.0,1,0,1.5,3.32,0,1,hostile_account_takeover,1
TXN_UPI_101509,USR_4124,2025-02-02 04:39:00,3089.33,Food_Dining,DEV_IN_IPH15_034,iPhone 15,Kolkata,22.5726,88.3639,10186.13,21485.85,-0.33,0.3,1,1,130.3833,0.0,0.0,1,0,0.0,0.0,0,0,emergency_nocturnal_legit,0
TXN_UPI_100835,USR_4109,2025-02-02 05:53:00,62078.93,P2P_Transfer,DEV_ROGUE_EMU_18,Linux Cloud Emulator,Pune,18.5204,73.8567,6734.18,16620.3,3.33,9.22,0,1,184.8667,0.0,0.0,0,0,0.0,0.0,0,1,hostile_account_takeover,1
TXN_UPI_102638,USR_4149,2025-02-02 08:02:00,595.02,Food_Dining,DEV_IN_SAMS23_059,Samsung Galaxy S23,Hyderabad,17.385,78.4867,5030.06,11403.26,-0.389,0.12,1,1,0.01,0.0,0.0,0,1,0.0,0.0,0,0,normal_routine,0
TXN_UPI_100386,USR_4099,2025-02-02 08:06:00,291.86,Groceries_Daily,DEV_IN_XRN13_009,Xiaomi Redmi Note 13,Mumbai,19.076,72.8777,7141.8,18300.1,-0.374,0.04,1,1,0.01,0.0,0.0,0,1,0.0,0.0,0,0,normal_routine,0
TXN_UPI_101915,USR_4133,2025-02-02 08:06:00,378.4,Groceries_Daily,DEV_IN_IPH15_043,iPhone 15,Delhi,28.6139,77.209,5080.0,15225.58,-0.309,0.07,1,1,34.6333,0.0,0.0,0,0,0.0,0.0,0,0,normal_routine,0
TXN_UPI_100213,USR_4095,2025-02-02 08:17:00,852.6,Utility_Bills,DEV_IN_IPH15_005,iPhone 15,Kolkata,22.5726,88.3639,12598.11,23137.64,-0.508,0.07,1,1,0.01,0.0,0.0,0,2,0.0,0.0,0,0,normal_routine,0
TXN_UPI_100792,USR_4108,2025-02-02 08:19:00,1406.07,Utility_Bills,DEV_IN_IPH15_018,iPhone 15,Delhi,28.6139,77.209,12705.62,20316.55,-0.556,0.11,1,1,23.1167,0.0,0.0,0,3,0.0,0.0,0,0,normal_routine,0
TXN_UPI_101736,USR_4129,2025-02-02 08:37:00,211.72,Food_Dining,DEV_IN_SAMS23_039,Samsung Galaxy S23,Bengaluru,12.9716,77.5946,5353.82,11078.41,-0.464,0.04,1,1,131.3667,0.0,0.0,0,0,0.0,0.0,0,0,normal_routine,0
TXN_UPI_101916,USR_4133,2025-02-02 08:39:00,162.4,Food_Dining,DEV_IN_IPH15_043,iPhone 15,Delhi,28.6139,77.209,4891.94,14946.38,-0.316,0.03,1,1,0.55,0.0,0.0,0,1,0.0,0.0,0,0,normal_routine,0
TXN_UPI_101155,USR_4116,2025-02-02 08:49:00,1313.13,P2P_Transfer,DEV_IN_OP12_026,OnePlus 12,Hyderabad,17.385,78.4867,8777.68,19400.65,-0.385,0.15,1,1,0.01,0.0,0.0,0,1,0.0,0.0,0,0,normal_routine,0
TXN_UPI_101066,USR_4114,2025-02-02 08:53:00,238.77,Food_Dining,DEV_IN_SAMS23_024,Samsung Galaxy S23,Delhi,28.6139,77.209,4142.91,11978.64,-0.326,0.06,1,1,46.9,0.0,0.0,0,2,0.0,0.0,0,0,normal_routine,0
TXN_UPI_101157,USR_4116,2025-02-02 08:57:00,1190.4,Utility_Bills,DEV_IN_OP12_026,OnePlus 12,Hyderabad,17.385,78.4867,8270.41,18863.82,-0.375,0.14,1,1,37.1,0.0,0.0,0,3,0.0,0.0,0,0,normal_routine,0
TXN_UPI_100298,USR_4097,2025-02-02 09:05:00,210.2,Groceries_Daily,DEV_IN_XRN13_007,Xiaomi Redmi Note 13,Delhi,28.6139,77.209,8307.41,16987.57,-0.477,0.03,1,1,71.7667,0.0,0.0,0,2,0.0,0.0,0,0,normal_routine,0
TXN_UPI_100564,USR_4103,2025-02-02 09:08:00,847.93,Groceries_Daily,DEV_IN_SAMS23_013,Samsung Galaxy S23,Hyderabad,17.385,78.4867,5678.55,16525.49,-0.292,0.15,1,1,91.45,0.0,0.0,0,0,0.0,0.0,0,0,normal_routine,0
TXN_UPI_102501,USR_4146,2025-02-02 09:12:00,990.98,P2P_Transfer,DEV_IN_SAMS23_056,Samsung Galaxy S23,Hyderabad,17.385,78.4867,9149.69,21119.67,-0.386,0.11,1,1,158.25,0.0,0.0,0,2,0.0,0.0,0,0,normal_routine,0
TXN_UPI_101060,USR_4114,2025-02-02 09:14:00,1116.18,P2P_Transfer,DEV_IN_SAMS23_024,Samsung Galaxy S23,Delhi,28.6139,77.209,4080.64,12823.87,-0.231,0.27,1,1,78.3,0.0,0.0,0,0,0.0,0.0,0,0,normal_routine,0
TXN_UPI_100618,USR_4104,2025-02-02 09:20:00,224.99,Food_Dining,DEV_IN_OP12_014,OnePlus 12,Mumbai,19.076,72.8777,12047.27,21979.18,-0.538,0.02,1,1,0.01,0.0,0.0,0,2,0.0,0.0,0,0,normal_routine,0
TXN_UPI_103088,USR_4159,2025-02-02 09:23:00,365.75,Food_Dining,DEV_IN_XRN13_069,Xiaomi Redmi Note 13,Delhi,28.6139,77.209,6023.42,14590.49,-0.388,0.06,1,1,70.3,0.0,0.0,0,3,0.0,0.0,0,0,normal_routine,0
TXN_UPI_101693,USR_4128,2025-02-02 09:24:00,424.34,Groceries_Daily,DEV_IN_SAMS23_038,Samsung Galaxy S23,Bengaluru,12.9716,77.5946,4595.58,13613.64,-0.306,0.09,1,1,110.95,0.0,0.0,0,0,0.0,0.0,0,0,normal_routine,0
TXN_UPI_100206,USR_4095,2025-02-02 09:30:00,64919.89,Electronics_Gadgets,DEV_IN_IPH15_005,iPhone 15,Kolkata,22.5726,88.3639,13327.48,23271.75,2.217,4.87,1,1,61.1667,0.0,0.0,0,0,0.0,0.0,0,0,benign_festive_spend,0
TXN_UPI_100659,USR_4105,2025-02-02 09:31:00,298.62,Groceries_Daily,DEV_IN_SAMS23_015,Samsung Galaxy S23,Mumbai,19.076,72.8777,14402.22,24202.27,-0.583,0.02,1,1,96.2667,0.0,0.0,0,2,0.0,0.0,0,0,normal_routine,0
TXN_UPI_100932,USR_4111,2025-02-02 09:33:00,903.76,Utility_Bills,DEV_IN_SAMS23_021,Samsung Galaxy S23,Hyderabad,17.385,78.4867,8354.3,18629.32,-0.4,0.11,1,1,0.01,0.0,0.0,0,1,0.0,0.0,0,0,normal_routine,0
TXN_UPI_100385,USR_4099,2025-02-02 09:36:00,360.64,Food_Dining,DEV_IN_XRN13_009,Xiaomi Redmi Note 13,Mumbai,19.076,72.8777,7424.34,18623.96,-0.379,0.05,1,1,206.0,0.0,0.0,0,0,0.0,0.0,0,0,normal_routine,0
TXN_UPI_103448,USR_4167,2025-02-02 09:54:00,1124.92,Utility_Bills,DEV_IN_XRN13_077,Xiaomi Redmi Note 13,Hyderabad,17.385,78.4867,8950.65,17192.74,-0.455,0.13,1,1,0.01,0.0,0.0,0,1,0.0,0.0,0,0,normal_routine,0
TXN_UPI_103445,USR_4167,2025-02-02 09:57:00,911.93,P2P_Transfer,DEV_IN_XRN13_077,Xiaomi Redmi Note 13,Hyderabad,17.385,78.4867,8012.41,16240.52,-0.437,0.11,1,1,182.8833,0.0,0.0,0,0,0.0,0.0,0,0,normal_routine,0
TXN_UPI_101381,USR_4121,2025-02-02 11:04:00,431.57,Groceries_Daily,DEV_IN_OP12_031,OnePlus 12,Kolkata,22.5726,88.3639,5382.58,14116.16,-0.351,0.08,1,1,0.01,0.0,0.0,0,1,0.0,0.0,0,0,normal_routine,0
TXN_UPI_100344,USR_4098,2025-02-02 11:28:00,470.51,Utility_Bills,DEV_IN_IPH15_008,iPhone 15,Hyderabad,17.385,78.4867,8382.21,19883.97,-0.398,0.06,1,1,14.0667,0.0,0.0,0,0,0.0,0.0,0,0,normal_routine,0
TXN_UPI_101424,USR_4122,2025-02-02 11:42:00,493.62,Food_Dining,DEV_IN_XRN13_032,Xiaomi Redmi Note 13,Delhi,28.6139,77.209,5264.59,11800.18,-0.404,0.09,1,1,0.01,0.0,0.0,0,1,0.0,0.0,0,0,normal_routine,0
TXN_UPI_102731,USR_4151,2025-02-02 11:47:00,497.6,Food_Dining,DEV_IN_SAMS23_061,Samsung Galaxy S23,Bengaluru,12.9716,77.5946,8148.31,18070.03,-0.423,0.06,1,1,0.01,0.0,0.0,0,3,0.0,0.0,0,0,normal_routine,0
TXN_UPI_100887,USR_4110,2025-02-02 11:48:00,462.9,Groceries_Daily,DEV_IN_OP12_020,OnePlus 12,Jaipur,26.9124,75.7873,6638.51,16978.1,-0.364,0.07,1,1,0.01,0.0,0.0,0,1,0.0,0.0,0,0,normal_routine,0
TXN_UPI_103538,USR_4169,2025-02-02 11:52:00,646.39,P2P_Transfer,DEV_IN_IPH15_079,iPhone 15,Kolkata,22.5726,88.3639,5748.13,14855.93,-0.343,0.11,1,1,0.01,0.0,0.0,0,1,0.0,0.0,0,0,normal_routine,0
TXN_UPI_101737,USR_4129,2025-02-02 13:01:00,387.68,P2P_Transfer,DEV_IN_SAMS23_039,Samsung Galaxy S23,Bengaluru,12.9716,77.5946,5156.05,10908.18,-0.437,0.08,1,1,4.4,0.0,0.0,0,0,0.0,0.0,0,0,normal_routine,0
TXN_UPI_100168,USR_4094,2025-02-02 13:07:00,1763.38,Utility_Bills,DEV_IN_SAMS23_004,Samsung Galaxy S23,Bengaluru,12.9716,77.5946,6838.78,17873.13,-0.284,0.26,1,1,0.01,0.0,0.0,0,4,0.0,0.0,0,0,normal_routine,0
TXN_UPI_102908,USR_4155,2025-02-02 13:19:00,190.29,Food_Dining,DEV_IN_SAMS23_065,Samsung Galaxy S23,Hyderabad,17.385,78.4867,4769.07,12898.79,-0.355,0.04,1,1,138.3333,0.0,0.0,0,3,0.0,0.0,0,0,normal_routine,0
TXN_UPI_101107,USR_4115,2025-02-02 13:33:00,549.21,Groceries_Daily,DEV_IN_XRN13_025,Xiaomi Redmi Note 13,Bengaluru,12.9716,77.5946,4487.87,15700.37,-0.251,0.12,1,1,18.4333,0.0,0.0,0,0,0.0,0.0,0,0,normal_routine,0
TXN_UPI_102906,USR_4155,2025-02-02 13:36:00,1242.1,P2P_Transfer,DEV_IN_SAMS23_065,Samsung Galaxy S23,Hyderabad,17.385,78.4867,2497.07,5334.37,-0.235,0.5,1,1,0.01,621.46,62146.29,0,1,0.0,0.0,1,0,normal_routine,0
TXN_UPI_102952,USR_4156,2025-02-02 13:39:00,193.99,Food_Dining,DEV_IN_SAMS23_066,Samsung Galaxy S23,Jaipur,26.9124,75.7873,2360.26,4594.5,-0.471,0.08,1,1,47.9333,0.0,0.0,0,0,0.0,0.0,0,0,normal_routine,0
TXN_UPI_100789,USR_4108,2025-02-02 13:41:00,439.57,Groceries_Daily,DEV_IN_IPH15_018,iPhone 15,Delhi,28.6139,77.209,14315.34,21074.7,-0.658,0.03,1,1,77.45,0.0,0.0,0,0,0.0,0.0,0,0,normal_routine,0
TXN_UPI_100706,USR_4106,2025-02-02 13:43:00,376.89,Groceries_Daily,DEV_IN_OP12_016,OnePlus 12,Pune,18.5204,73.8567,1656.4,3583.34,-0.357,0.23,1,1,0.01,0.0,0.0,0,2,0.0,0.0,0,0,normal_routine,0
TXN_UPI_102639,USR_4149,2025-02-02 13:51:00,34693.23,Electronics_Gadgets,DEV_IN_SAMS23_059,Samsung Galaxy S23,Hyderabad,17.385,78.4867,4871.67,11227.98,2.656,7.12,1,1,5.8167,0.0,0.0,0,2,0.0,0.0,0,0,benign_festive_spend,0
TXN_UPI_102683,USR_4150,2025-02-02 13:55:00,680.78,P2P_Transfer,DEV_IN_SAMS23_060,Samsung Galaxy S23,Mumbai,19.076,72.8777,6329.17,12507.59,-0.452,0.11,1,1,107.5333,440.32,4.09,0,3,0.0,0.0,0,0,normal_routine,0
TXN_UPI_101920,USR_4133,2025-02-02 13:59:00,449.5,Food_Dining,DEV_IN_IPH15_043,iPhone 15,Delhi,28.6139,77.209,4786.98,14051.16,-0.309,0.09,1,1,42.0667,0.0,0.0,0,2,0.0,0.0,0,0,normal_routine,0
TXN_UPI_103135,USR_4160,2025-02-02 15:22:00,3063.32,Travel_Ticketing,DEV_IN_OP12_070,OnePlus 12,Jaipur,26.9124,75.7873,5761.76,15000.11,-0.18,0.53,1,1,0.01,1607.1,160709.92,0,1,0.0,0.0,1,0,benign_travel,0
TXN_UPI_102456,USR_4145,2025-02-02 18:04:00,541.98,Groceries_Daily,DEV_IN_SAMS23_055,Samsung Galaxy S23,Mumbai,19.076,72.8777,12074.57,22040.15,-0.523,0.04,1,1,176.1167,0.0,0.0,0,0,0.0,0.0,0,0,normal_routine,0
TXN_UPI_102006,USR_4135,2025-02-02 18:05:00,59878.17,Jewelry_Luxury,DEV_IN_OP12_045,OnePlus 12,Bengaluru,12.9716,77.5946,3832.91,11384.9,4.923,15.62,1,1,69.3833,0.0,0.0,0,0,0.0,0.0,0,0,benign_festive_spend,0
TXN_UPI_102499,USR_4146,2025-02-02 18:06:00,1076.27,P2P_Transfer,DEV_IN_SAMS23_056,Samsung Galaxy S23,Hyderabad,17.385,78.4867,8468.15,21377.71,-0.346,0.13,1,1,102.8167,0.0,0.0,0,0,0.0,0.0,0,0,normal_routine,0
TXN_UPI_101196,USR_4117,2025-02-02 18:15:00,283.85,P2P_Transfer,DEV_IN_SAMS23_027,Samsung Galaxy S23,Kolkata,22.5726,88.3639,3968.47,8524.93,-0.432,0.07,1,1,142.6667,0.0,0.0,0,0,0.0,0.0,0,0,normal_routine,0
TXN_UPI_101335,USR_4120,2025-02-02 18:19:00,2448.99,Utility_Bills,DEV_IN_OP12_030,OnePlus 12,Kolkata,22.5726,88.3639,4504.25,11916.09,-0.172,0.54,1,1,0.01,0.0,0.0,0,2,0.0,0.0,0,0,normal_routine,0
TXN_UPI_101330,USR_4120,2025-02-02 18:35:00,559.04,P2P_Transfer,DEV_IN_OP12_030,OnePlus 12,Kolkata,22.5726,88.3639,5177.84,12984.28,-0.356,0.11,1,1,226.3167,0.0,0.0,0,0,0.0,0.0,0,0,normal_routine,0
TXN_UPI_101563,USR_4125,2025-02-02 18:35:00,176.07,Food_Dining,DEV_IN_OP12_035,OnePlus 12,Pune,18.5204,73.8567,5369.72,14519.58,-0.358,0.03,1,1,0.01,0.0,0.0,0,1,0.0,0.0,0,0,normal_routine,0
TXN_UPI_101780,USR_4130,2025-02-02 18:36:00,348.89,Groceries_Daily,DEV_IN_SAMS23_040,Samsung Galaxy S23,Pune,18.5204,73.8567,7903.12,18397.31,-0.411,0.04,1,1,33.4167,0.0,0.0,0,0,0.0,0.0,0,0,normal_routine,0
TXN_UPI_100707,USR_4106,2025-02-02 18:49:00,505.46,P2P_Transfer,DEV_IN_OP12_016,OnePlus 12,Pune,18.5204,73.8567,1615.12,3532.31,-0.314,0.31,1,1,5.1,0.0,0.0,0,3,0.0,0.0,0,0,normal_routine,0
TXN_UPI_100708,USR_4106,2025-02-02 18:55:00,166.53,Food_Dining,DEV_IN_OP12_016,OnePlus 12,Pune,18.5204,73.8567,1580.44,3482.04,-0.406,0.11,1,1,0.1,0.0,0.0,0,4,0.0,0.0,0,0,normal_routine,0
TXN_UPI_100523,USR_4102,2025-02-02 18:59:00,1219.72,P2P_Transfer,DEV_IN_SAMS23_012,Samsung Galaxy S23,Hyderabad,17.385,78.4867,7251.34,16936.18,-0.356,0.17,1,1,0.01,0.0,0.0,0,3,0.0,0.0,0,0,normal_routine,0
TXN_UPI_103048,USR_4158,2025-02-02 19:01:00,31547.56,Food_Dining,DEV_IN_NEW_068,Samsung Galaxy S24,Jaipur,26.9124,75.7873,5462.82,11194.19,2.33,5.77,0,1,0.01,0.0,0.0,0,4,0.0,0.0,0,0,benign_new_device,0
TXN_UPI_101150,USR_4116,2025-02-02 19:03:00,1336.19,Utility_Bills,DEV_IN_OP12_026,OnePlus 12,Hyderabad,17.385,78.4867,6558.48,17912.5,-0.292,0.2,1,1,141.2833,0.0,0.0,0,0,0.0,0.0,0,0,normal_routine,0
TXN_UPI_100570,USR_4103,2025-02-02 19:09:00,72846.48,Jewelry_Luxury,DEV_IN_SAMS23_013,Samsung Galaxy S23,Hyderabad,17.385,78.4867,7345.04,20253.14,3.234,9.92,1,1,21.4,0.0,0.0,0,0,0.0,0.0,0,0,benign_festive_spend,0
TXN_UPI_101959,USR_4134,2025-02-02 19:17:00,531.64,Groceries_Daily,DEV_IN_OP12_044,OnePlus 12,Chennai,13.0827,80.2707,10987.79,19927.9,-0.525,0.05,1,1,214.7,0.0,0.0,0,0,0.0,0.0,0,0,normal_routine,0
TXN_UPI_103176,USR_4161,2025-02-02 19:17:00,215.86,Groceries_Daily,DEV_IN_OP12_071,OnePlus 12,Kolkata,22.5726,88.3639,5549.58,16988.8,-0.314,0.04,1,1,126.0,0.0,0.0,0,0,0.0,0.0,0,0,normal_routine,0
TXN_UPI_100930,USR_4111,2025-02-02 19:25:00,9084.19,Travel_Ticketing,DEV_IN_SAMS23_021,Samsung Galaxy S23,Goa,15.2993,74.124,8603.99,19201.93,0.025,1.06,1,1,0.01,520.05,52004.67,0,1,0.0,0.0,1,0,benign_travel,0
TXN_UPI_100843,USR_4109,2025-02-02 19:26:00,214.38,Food_Dining,DEV_IN_IPH15_019,iPhone 15,Pune,18.5204,73.8567,8434.85,18226.95,-0.451,0.03,1,1,0.01,0.0,0.0,0,1,0.0,0.0,0,0,normal_routine,0
TXN_UPI_100797,USR_4108,2025-02-02 19:30:00,246.14,Food_Dining,DEV_IN_IPH15_018,iPhone 15,Delhi,28.6139,77.209,11595.27,19136.46,-0.593,0.02,1,1,0.01,0.0,0.0,0,2,0.0,0.0,0,0,normal_routine,0
TXN_UPI_102905,USR_4155,2025-02-02 19:37:00,2370.01,Travel_Ticketing,DEV_IN_SAMS23_065,Samsung Galaxy S23,Mumbai,19.076,72.8777,2502.36,5444.3,-0.024,0.95,1,1,70.4333,621.46,8.82,0,0,0.0,0.0,0,0,benign_travel,0
TXN_UPI_102276,USR_4141,2025-02-02 19:42:00,150.48,Food_Dining,DEV_IN_OP12_051,OnePlus 12,Hyderabad,17.385,78.4867,7686.5,17764.57,-0.424,0.02,1,1,189.9,1095.15,5.77,0,0,0.0,0.0,0,0,normal_routine,0
TXN_UPI_102146,USR_4138,2025-02-02 19:44:00,128.32,Groceries_Daily,DEV_IN_IPH15_048,iPhone 15,Delhi,28.6139,77.209,7378.22,16478.38,-0.44,0.02,1,1,0.01,0.0,0.0,0,1,0.0,0.0,0,0,normal_routine,0
TXN_UPI_101286,USR_4119,2025-02-02 19:58:00,252.4,Food_Dining,DEV_IN_OP12_029,OnePlus 12,Bengaluru,12.9716,77.5946,9797.95,18721.56,-0.51,0.03,1,1,104.9667,0.0,0.0,0,0,0.0,0.0,0,0,normal_routine,0
TXN_UPI_103085,USR_4159,2025-02-02 20:07:00,140.55,Groceries_Daily,DEV_IN_XRN13_069,Xiaomi Redmi Note 13,Delhi,28.6139,77.209,6733.53,15328.13,-0.43,0.02,1,1,120.7,0.0,0.0,0,0,0.0,0.0,0,0,normal_routine,0
TXN_UPI_102909,USR_4155,2025-02-02 20:08:00,722.35,Groceries_Daily,DEV_IN_SAMS23_065,Samsung Galaxy S23,Hyderabad,17.385,78.4867,4605.54,12694.83,-0.306,0.16,1,1,6.8167,0.0,0.0,0,4,0.0,0.0,0,0,normal_routine,0
TXN_UPI_100120,USR_4093,2025-02-02 20:12:00,759.82,Utility_Bills,DEV_IN_IPH15_003,iPhone 15,Mumbai,19.076,72.8777,5880.2,13991.06,-0.366,0.13,1,1,0.01,0.0,0.0,0,1,0.0,0.0,0,0,normal_routine,0
TXN_UPI_103357,USR_4165,2025-02-02 20:17:00,100.0,Groceries_Daily,DEV_IN_IPH15_075,iPhone 15,Bengaluru,12.9716,77.5946,8179.71,20523.63,-0.394,0.01,1,1,80.8667,0.0,0.0,0,0,0.0,0.0,0,0,normal_routine,0
TXN_UPI_102323,USR_4142,2025-02-02 20:22:00,5383.68,Food_Dining,DEV_IN_NEW_052,iPhone 16 Pro,Hyderabad,17.385,78.4867,3520.32,6522.51,0.286,1.53,0,1,0.01,0.0,0.0,0,1,0.0,0.0,0,0,benign_new_device,0
TXN_UPI_100477,USR_4101,2025-02-02 20:26:00,642.08,P2P_Transfer,DEV_IN_IPH15_011,iPhone 15,Mumbai,19.076,72.8777,9781.01,20033.66,-0.456,0.07,1,1,58.8,0.0,0.0,0,0,0.0,0.0,0,0,normal_routine,0
TXN_UPI_102865,USR_4154,2025-02-02 20:27:00,379.46,Groceries_Daily,DEV_IN_IPH15_064,iPhone 15,Chennai,13.0827,80.2707,8627.29,16021.69,-0.515,0.04,1,1,55.3,0.0,0.0,0,0,0.0,0.0,0,0,normal_routine,0
TXN_UPI_100615,USR_4104,2025-02-02 20:45:00,409.55,Groceries_Daily,DEV_IN_OP12_014,OnePlus 12,Mumbai,19.076,72.8777,13247.97,22752.52,-0.564,0.03,1,1,57.5333,0.0,0.0,0,3,0.0,0.0,0,0,normal_routine,0
TXN_UPI_100434,USR_4100,2025-02-02 20:49:00,1083.64,P2P_Transfer,DEV_IN_OP12_010,OnePlus 12,Pune,18.5204,73.8567,5866.41,15467.42,-0.309,0.18,1,1,0.01,359.3,35929.67,0,1,0.0,0.0,1,0,normal_routine,0
TXN_UPI_100072,USR_4092,2025-02-02 20:51:00,628.75,Groceries_Daily,DEV_IN_OP12_002,OnePlus 12,Kolkata,22.5726,88.3639,8720.0,20856.61,-0.388,0.07,1,1,0.01,0.0,0.0,0,1,0.0,0.0,0,0,normal_routine,0
TXN_UPI_102141,USR_4138,2025-02-02 20:52:00,490.72,Utility_Bills,DEV_IN_IPH15_048,iPhone 15,Delhi,28.6139,77.209,8348.99,17806.16,-0.441,0.06,1,1,25.4167,0.0,0.0,0,0,0.0,0.0,0,0,normal_routine,0
TXN_UPI_101018,USR_4113,2025-02-02 20:54:00,1222.31,Utility_Bills,DEV_IN_OP12_023,OnePlus 12,Delhi,28.6139,77.209,4781.21,12291.57,-0.29,0.26,1,1,0.01,0.0,0.0,0,1,0.0,0.0,0,0,normal_routine,0
TXN_UPI_101152,USR_4116,2025-02-02 20:56:00,282.35,Food_Dining,DEV_IN_OP12_026,OnePlus 12,Hyderabad,17.385,78.4867,7508.99,18187.6,-0.397,0.04,1,1,79.6333,0.0,0.0,0,0,0.0,0.0,0,0,normal_routine,0
TXN_UPI_103228,USR_4162,2025-02-02 20:58:00,246.68,P2P_Transfer,DEV_IN_XRN13_072,Xiaomi Redmi Note 13,Bengaluru,12.9716,77.5946,8583.93,18220.85,-0.458,0.03,1,1,0.01,0.0,0.0,0,2,0.0,0.0,0,0,normal_routine,0
TXN_UPI_102954,USR_4156,2025-02-02 21:02:00,1254.05,P2P_Transfer,DEV_IN_SAMS23_066,Samsung Galaxy S23,Jaipur,26.9124,75.7873,2222.41,4455.63,-0.217,0.56,1,1,73.7667,0.0,0.0,0,0,0.0,0.0,0,0,normal_routine,0
TXN_UPI_101020,USR_4113,2025-02-02 21:12:00,1282.54,P2P_Transfer,DEV_IN_OP12_023,OnePlus 12,Delhi,28.6139,77.209,7067.85,17441.79,-0.332,0.18,1,1,58.0167,0.0,0.0,0,3,0.0,0.0,0,0,normal_routine,0
TXN_UPI_102868,USR_4154,2025-02-02 21:24:00,1005.01,Groceries_Daily,DEV_IN_IPH15_064,iPhone 15,Chennai,13.0827,80.2707,8108.63,15373.38,-0.462,0.12,1,1,0.01,0.0,0.0,0,1,0.0,0.0,0,0,normal_routine,0
TXN_UPI_101555,USR_4125,2025-02-02 21:42:00,381.84,Food_Dining,DEV_IN_OP12_035,OnePlus 12,Pune,18.5204,73.8567,5490.79,15417.66,-0.331,0.07,1,1,193.5667,0.0,0.0,0,0,0.0,0.0,0,0,normal_routine,0
TXN_UPI_103045,USR_4158,2025-02-02 21:45:00,12782.1,Food_Dining,DEV_IN_NEW_068,Samsung Galaxy S24,Jaipur,26.9124,75.7873,5570.58,11598.85,0.622,2.29,0,1,0.01,0.0,0.0,0,1,0.0,0.0,0,0,benign_new_device,0
TXN_UPI_101871,USR_4132,2025-02-02 21:46:00,118.38,Food_Dining,DEV_IN_OP12_042,OnePlus 12,Hyderabad,17.385,78.4867,918.33,1283.97,-0.623,0.13,1,1,123.0667,0.0,0.0,0,0,0.0,0.0,0,0,normal_routine,0
TXN_UPI_103180,USR_4161,2025-02-02 22:59:00,5152.74,Travel_Ticketing,DEV_IN_OP12_071,OnePlus 12,Mumbai,19.076,72.8777,4926.66,15853.27,0.014,1.05,1,1,0.01,1654.84,165483.91,0,1,0.0,0.0,1,0,benign_travel,0
TXN_UPI_101739,USR_4129,2025-02-02 23:29:00,189.59,Gaming_Crypto,DEV_BOTNET_38,Automated Script Bot,Bengaluru,12.9716,77.5946,4810.17,10585.13,-0.437,0.04,0,1,0.01,0.0,0.0,0,8,0.0,0.0,0,1,credential_stuffing_burst,1
TXN_UPI_103179,USR_4161,2025-02-03 01:15:00,2224.63,P2P_Transfer,DEV_IN_OP12_071,OnePlus 12,Kolkata,22.5726,88.3639,5023.17,16125.5,-0.174,0.44,1,1,83.5167,0.0,0.0,1,0,0.0,0.0,0,0,emergency_nocturnal_legit,0
TXN_UPI_100209,USR_4095,2025-02-03 01:49:00,132.21,Gaming_Crypto,DEV_BOTNET_04,Automated Script Bot,Kolkata,22.5726,88.3639,14362.07,24226.74,-0.587,0.01,0,1,0.01,1357.77,135777.42,1,8,3.5,0.11,1,1,credential_stuffing_burst,1
TXN_UPI_100027,USR_4091,2025-02-03 02:22:00,45.44,Gaming_Crypto,DEV_BOTNET_00,Automated Script Bot,Bengaluru,12.9716,77.5946,7147.68,19956.48,-0.356,0.01,0,1,0.01,0.0,0.0,1,11,1.5,0.11,0,1,credential_stuffing_burst,1
TXN_UPI_102322,USR_4142,2025-02-03 08:11:00,3436.63,Groceries_Daily,DEV_IN_NEW_052,iPhone 16 Pro,Hyderabad,17.385,78.4867,3523.54,6646.74,-0.013,0.98,0,1,153.0333,1255.39,8.2,0,0,0.0,0.0,0,0,benign_new_device,0
TXN_UPI_103314,USR_4164,2025-02-03 08:13:00,577.16,Food_Dining,DEV_IN_IPH15_074,iPhone 15,Delhi,28.6139,77.209,9235.03,17128.72,-0.505,0.06,1,1,0.01,0.0,0.0,0,1,0.0,0.0,0,0,normal_routine,0
TXN_UPI_101653,USR_4127,2025-02-03 08:34:00,1706.82,P2P_Transfer,DEV_IN_XRN13_037,Xiaomi Redmi Note 13,Mumbai,19.076,72.8777,13373.48,25681.95,-0.454,0.13,1,1,0.01,0.0,0.0,0,6,0.0,0.0,0,0,normal_routine,0
TXN_UPI_101607,USR_4126,2025-02-03 08:39:00,35275.94,Food_Dining,DEV_IN_OP12_036,OnePlus 12,Chennai,13.0827,80.2707,9104.13,22076.19,1.186,3.87,1,1,0.01,0.0,0.0,0,1,0.0,0.0,0,0,benign_festive_spend,0
TXN_UPI_100657,USR_4105,2025-02-03 08:44:00,912.99,Utility_Bills,DEV_IN_SAMS23_015,Samsung Galaxy S23,Mumbai,19.076,72.8777,15458.28,24803.01,-0.586,0.06,1,1,51.5667,0.0,0.0,0,0,0.0,0.0,0,0,normal_routine,0
TXN_UPI_100025,USR_4091,2025-02-03 08:46:00,359.41,Food_Dining,DEV_IN_IPH15_001,iPhone 15,Bengaluru,12.9716,77.5946,7676.25,20683.35,-0.354,0.05,1,1,215.8333,0.0,0.0,0,0,0.0,0.0,0,0,normal_routine,0
TXN_UPI_103588,USR_4170,2025-02-03 08:49:00,698.15,P2P_Transfer,DEV_IN_IPH15_080,iPhone 15,Chennai,13.0827,80.2707,7585.57,16114.0,-0.427,0.09,1,1,0.01,1607.1,160709.92,0,1,0.0,0.0,1,0,normal_routine,0
TXN_UPI_100482,USR_4101,2025-02-03 08:52:00,834.8,Utility_Bills,DEV_IN_IPH15_011,iPhone 15,Mumbai,19.076,72.8777,9454.24,18606.93,-0.463,0.09,1,1,0.01,0.0,0.0,0,1,0.0,0.0,0,0,normal_routine,0
TXN_UPI_102955,USR_4156,2025-02-03 09:02:00,219.65,Groceries_Daily,DEV_IN_SAMS23_066,Samsung Galaxy S23,Jaipur,26.9124,75.7873,2189.02,4381.7,-0.449,0.1,1,1,12.0,0.0,0.0,0,0,0.0,0.0,0,0,normal_routine,0
TXN_UPI_100619,USR_4104,2025-02-03 09:06:00,1121.55,Utility_Bills,DEV_IN_OP12_014,OnePlus 12,Mumbai,19.076,72.8777,11689.02,21738.27,-0.486,0.1,1,1,23.7667,0.0,0.0,0,3,0.0,0.0,0,0,normal_routine,0
TXN_UPI_103229,USR_4162,2025-02-03 09:16:00,778.48,P2P_Transfer,DEV_IN_XRN13_072,Xiaomi Redmi Note 13,Bengaluru,12.9716,77.5946,8331.29,17999.48,-0.42,0.09,1,1,12.3,0.0,0.0,0,3,0.0,0.0,0,0,normal_routine,0
TXN_UPI_102103,USR_4137,2025-02-03 09:18:00,1113.16,P2P_Transfer,DEV_IN_OP12_047,OnePlus 12,Hyderabad,17.385,78.4867,15334.24,24235.39,-0.587,0.07,1,1,0.01,0.0,0.0,0,1,0.0,0.0,0,0,normal_routine,0
TXN_UPI_103496,USR_4168,2025-02-03 09:37:00,503.74,Groceries_Daily,DEV_IN_XRN13_078,Xiaomi Redmi Note 13,Pune,18.5204,73.8567,7168.14,16889.22,-0.395,0.07,1,1,0.01,0.0,0.0,0,1,0.0,0.0,0,0,normal_routine,0
TXN_UPI_101608,USR_4126,2025-02-03 09:56:00,258.48,Food_Dining,DEV_IN_OP12_036,OnePlus 12,Chennai,13.0827,80.2707,9922.0,22200.55,-0.435,0.03,1,1,1.2833,0.0,0.0,0,2,0.0,0.0,0,0,normal_routine,0
TXN_UPI_102680,USR_4150,2025-02-03 09:56:00,496.55,Food_Dining,DEV_IN_SAMS23_060,Samsung Galaxy S23,Mumbai,19.076,72.8777,6398.31,12989.98,-0.454,0.08,1,1,181.8167,0.0,0.0,0,0,0.0,0.0,0,0,normal_routine,0
TXN_UPI_103181,USR_4161,2025-02-03 11:22:00,802.45,P2P_Transfer,DEV_IN_OP12_071,OnePlus 12,Kolkata,22.5726,88.3639,4934.2,15586.86,-0.265,0.16,1,1,12.3833,1654.84,133.63,0,0,0.0,0.0,0,0,normal_routine,0
TXN_UPI_102187,USR_4139,2025-02-03 11:37:00,327.96,Groceries_Daily,DEV_IN_OP12_049,OnePlus 12,Pune,18.5204,73.8567,3651.48,8591.25,-0.387,0.09,1,1,135.9333,0.0,0.0,0,0,0.0,0.0,0,0,normal_routine,0
TXN_UPI_100705,USR_4106,2025-02-03 11:43:00,401.92,Groceries_Daily,DEV_IN_OP12_016,OnePlus 12,Pune,18.5204,73.8567,1699.65,3636.89,-0.357,0.24,1,1,0.01,953.87,95387.07,0,1,0.0,0.0,1,0,normal_routine,0
TXN_UPI_103581,USR_4170,2025-02-03 11:47:00,484.22,P2P_Transfer,DEV_IN_IPH15_080,iPhone 15,Chennai,13.0827,80.2707,6435.09,14428.78,-0.412,0.08,1,1,147.2167,0.0,0.0,0,0,0.0,0.0,0,0,normal_routine,0
TXN_UPI_102818,USR_4153,2025-02-03 11:52:00,807.12,P2P_Transfer,DEV_IN_XRN13_063,Xiaomi Redmi Note 13,Mumbai,19.076,72.8777,6165.74,15198.94,-0.353,0.13,1,1,166.4667,0.0,0.0,0,0,0.0,0.0,0,0,normal_routine,0
TXN_UPI_101022,USR_4113,2025-02-03 11:55:00,856.29,P2P_Transfer,DEV_IN_OP12_023,OnePlus 12,Delhi,28.6139,77.209,7290.51,17053.22,-0.377,0.12,1,1,0.01,0.0,0.0,0,1,0.0,0.0,0,0,normal_routine,0
TXN_UPI_100116,USR_4093,2025-02-03 13:02:00,33960.21,Food_Dining,DEV_IN_NEW_003,iPhone 16 Pro,Mumbai,19.076,72.8777,5368.77,13860.62,2.063,6.33,0,1,40.5167,0.0,0.0,0,0,0.0,0.0,0,0,benign_new_device,0
TXN_UPI_102373,USR_4143,2025-02-03 13:04:00,382.16,Groceries_Daily,DEV_IN_XRN13_053,Xiaomi Redmi Note 13,Pune,18.5204,73.8567,3212.09,12971.02,-0.218,0.12,1,1,0.01,0.0,0.0,0,2,0.0,0.0,0,0,normal_routine,0
TXN_UPI_103491,USR_4168,2025-02-03 13:18:00,355.51,Utility_Bills,DEV_IN_XRN13_078,Xiaomi Redmi Note 13,Pune,18.5204,73.8567,4655.75,11585.27,-0.371,0.08,1,1,183.6333,0.0,0.0,0,0,0.0,0.0,0,0,normal_routine,0
TXN_UPI_100392,USR_4099,2025-02-03 13:19:00,258.92,Groceries_Daily,DEV_IN_XRN13_009,Xiaomi Redmi Note 13,Mumbai,19.076,72.8777,5971.32,16609.6,-0.344,0.04,1,1,0.01,0.0,0.0,0,1,0.0,0.0,0,0,normal_routine,0
TXN_UPI_100524,USR_4102,2025-02-03 13:19:00,1592.3,Utility_Bills,DEV_IN_SAMS23_012,Samsung Galaxy S23,Hyderabad,17.385,78.4867,7035.92,16668.62,-0.327,0.23,1,1,18.3333,0.0,0.0,0,4,0.0,0.0,0,0,normal_routine,0
TXN_UPI_103492,USR_4168,2025-02-03 13:20:00,20878.3,Groceries_Daily,DEV_IN_NEW_078,Samsung Galaxy S24,Pune,18.5204,73.8567,4490.35,11390.35,1.439,4.65,0,1,0.0333,0.0,0.0,0,1,0.0,0.0,0,0,benign_new_device,0
TXN_UPI_102370,USR_4143,2025-02-03 13:30:00,1217.9,P2P_Transfer,DEV_IN_XRN13_053,Xiaomi Redmi Note 13,Pune,18.5204,73.8567,3477.08,13597.29,-0.166,0.35,1,1,96.4833,0.0,0.0,0,2,0.0,0.0,0,0,normal_routine,0
TXN_UPI_101064,USR_4114,2025-02-03 13:34:00,313.8,Groceries_Daily,DEV_IN_SAMS23_024,Samsung Galaxy S23,Delhi,28.6139,77.209,4391.46,12361.29,-0.33,0.07,1,1,89.3833,0.0,0.0,0,0,0.0,0.0,0,0,normal_routine,0
TXN_UPI_103535,USR_4169,2025-02-03 13:47:00,373.22,Groceries_Daily,DEV_IN_IPH15_079,iPhone 15,Kolkata,22.5726,88.3639,6352.51,15651.84,-0.382,0.06,1,1,232.1833,1700.57,7.32,0,0,0.0,0.0,0,0,normal_routine,0
TXN_UPI_101465,USR_4123,2025-02-03 13:49:00,120.94,Groceries_Daily,DEV_IN_OP12_033,OnePlus 12,Chennai,13.0827,80.2707,4133.31,10000.97,-0.401,0.03,1,1,41.2167,0.0,0.0,0,0,0.0,0.0,0,0,normal_routine,0
TXN_UPI_100664,USR_4105,2025-02-03 13:53:00,1161.33,Utility_Bills,DEV_IN_SAMS23_015,Samsung Galaxy S23,Mumbai,19.076,72.8777,12374.6,22804.68,-0.492,0.09,1,1,0.01,0.0,0.0,0,4,0.0,0.0,0,0,normal_routine,0
TXN_UPI_102689,USR_4150,2025-02-03 13:54:00,500.89,Food_Dining,DEV_IN_SAMS23_060,Samsung Galaxy S23,Mumbai,19.076,72.8777,6107.94,12098.76,-0.463,0.08,1,1,0.01,0.0,0.0,0,1,0.0,0.0,0,0,normal_routine,0
TXN_UPI_100302,USR_4097,2025-02-03 13:59:00,1240.55,Utility_Bills,DEV_IN_XRN13_007,Xiaomi Redmi Note 13,Delhi,28.6139,77.209,7372.18,16044.06,-0.382,0.17,1,1,52.6667,0.0,0.0,0,2,0.0,0.0,0,0,normal_routine,0
TXN_UPI_100208,USR_4095,2025-02-03 15:25:00,3899.07,Travel_Ticketing,DEV_IN_IPH15_005,iPhone 15,Jaipur,26.9124,75.7873,14749.59,24585.94,-0.441,0.26,1,1,138.6833,1357.77,9.79,0,0,0.0,0.0,0,0,benign_travel,0
TXN_UPI_103452,USR_4167,2025-02-03 18:02:00,440.19,P2P_Transfer,DEV_IN_XRN13_077,Xiaomi Redmi Note 13,Hyderabad,17.385,78.4867,8463.6,16299.77,-0.492,0.05,1,1,0.01,520.05,52004.67,0,2,0.0,0.0,1,0,normal_routine,0
TXN_UPI_101339,USR_4120,2025-02-03 18:03:00,1294.78,Utility_Bills,DEV_IN_OP12_030,OnePlus 12,Kolkata,22.5726,88.3639,4064.15,11237.74,-0.246,0.32,1,1,0.01,0.0,0.0,0,1,0.0,0.0,0,0,normal_routine,0
TXN_UPI_100296,USR_4097,2025-02-03 18:07:00,576.26,P2P_Transfer,DEV_IN_XRN13_007,Xiaomi Redmi Note 13,Delhi,28.6139,77.209,8580.24,17583.1,-0.455,0.07,1,1,46.85,0.0,0.0,0,0,0.0,0.0,0,0,normal_routine,0
TXN_UPI_103537,USR_4169,2025-02-03 18:18:00,1155.18,P2P_Transfer,DEV_IN_IPH15_079,iPhone 15,Kolkata,22.5726,88.3639,5924.78,15111.07,-0.316,0.19,1,1,117.7667,0.0,0.0,0,0,0.0,0.0,0,0,normal_routine,0
TXN_UPI_100437,USR_4100,2025-02-03 18:30:00,323.73,Groceries_Daily,DEV_IN_OP12_010,OnePlus 12,Pune,18.5204,73.8567,6018.01,15004.65,-0.38,0.05,1,1,0.01,0.0,0.0,0,2,0.0,0.0,0,0,normal_routine,0
TXN_UPI_101652,USR_4127,2025-02-03 18:36:00,1508.73,P2P_Transfer,DEV_IN_XRN13_037,Xiaomi Redmi Note 13,Mumbai,19.076,72.8777,13756.22,26002.91,-0.471,0.11,1,1,0.01,0.0,0.0,0,5,0.0,0.0,0,0,normal_routine,0
TXN_UPI_103583,USR_4170,2025-02-03 18:37:00,230.36,Food_Dining,DEV_IN_IPH15_080,iPhone 15,Chennai,13.0827,80.2707,6004.49,13967.37,-0.413,0.04,1,1,92.7333,0.0,0.0,0,0,0.0,0.0,0,0,normal_routine,0
TXN_UPI_102637,USR_4149,2025-02-03 18:41:00,482.03,Groceries_Daily,DEV_IN_SAMS23_059,Samsung Galaxy S23,Hyderabad,17.385,78.4867,5204.99,11584.88,-0.408,0.09,1,1,165.8667,0.0,0.0,0,0,0.0,0.0,0,0,normal_routine,0
TXN_UPI_103046,USR_4158,2025-02-03 18:41:00,284.02,Groceries_Daily,DEV_IN_SAMS23_068,Samsung Galaxy S23,Jaipur,26.9124,75.7873,5810.96,11477.13,-0.482,0.05,1,1,20.9333,0.0,0.0,0,2,0.0,0.0,0,0,normal_routine,0
TXN_UPI_100124,USR_4093,2025-02-03 18:49:00,29205.03,Groceries_Daily,DEV_IN_NEW_003,iPhone 16 Pro,Mumbai,19.076,72.8777,5220.18,13235.95,1.812,5.59,0,1,0.01,0.0,0.0,0,1,0.0,0.0,0,0,benign_new_device,0
TXN_UPI_101332,USR_4120,2025-02-03 18:57:00,716.58,Utility_Bills,DEV_IN_OP12_030,OnePlus 12,Kolkata,22.5726,88.3639,4818.95,12536.7,-0.327,0.15,1,1,197.0667,0.0,0.0,0,0,0.0,0.0,0,0,normal_routine,0
TXN_UPI_102410,USR_4144,2025-02-03 18:58:00,489.66,P2P_Transfer,DEV_IN_OP12_054,OnePlus 12,Jaipur,26.9124,75.7873,4511.91,10592.02,-0.38,0.11,1,1,143.6,0.0,0.0,0,0,0.0,0.0,0,0,normal_routine,0
TXN_UPI_103047,USR_4158,2025-02-03 18:59:00,197.49,Food_Dining,DEV_IN_SAMS23_068,Samsung Galaxy S23,Jaipur,26.9124,75.7873,5632.67,11332.65,-0.48,0.04,1,1,0.3,0.0,0.0,0,3,0.0,0.0,0,0,normal_routine,0
TXN_UPI_103183,USR_4161,2025-02-03 19:15:00,408.45,Food_Dining,DEV_IN_OP12_071,OnePlus 12,Kolkata,22.5726,88.3639,4673.42,15125.67,-0.282,0.09,1,1,0.01,0.0,0.0,0,1,0.0,0.0,0,0,normal_routine,0
TXN_UPI_101336,USR_4120,2025-02-03 19:30:00,254.91,Food_Dining,DEV_IN_OP12_030,OnePlus 12,Kolkata,22.5726,88.3639,4435.74,11721.61,-0.357,0.06,1,1,25.1833,0.0,0.0,0,3,0.0,0.0,0,0,normal_routine,0
TXN_UPI_102502,USR_4146,2025-02-03 19:48:00,909.4,Utility_Bills,DEV_IN_SAMS23_056,Samsung Galaxy S23,Hyderabad,17.385,78.4867,8835.89,20768.89,-0.382,0.1,1,1,34.6,0.0,0.0,0,0,0.0,0.0,0,0,normal_routine,0
TXN_UPI_101337,USR_4120,2025-02-03 20:08:00,431.27,Utility_Bills,DEV_IN_OP12_030,OnePlus 12,Kolkata,22.5726,88.3639,4300.87,11554.64,-0.335,0.1,1,1,0.6333,0.0,0.0,0,4,0.0,0.0,0,0,normal_routine,0
TXN_UPI_101601,USR_4126,2025-02-03 20:09:00,810.34,Utility_Bills,DEV_IN_OP12_036,OnePlus 12,Chennai,13.0827,80.2707,11090.48,24163.92,-0.425,0.07,1,1,150.2833,0.0,0.0,0,0,0.0,0.0,0,0,normal_routine,0
TXN_UPI_100522,USR_4102,2025-02-03 20:10:00,16143.22,Jewelry_Luxury,DEV_IN_SAMS23_012,Samsung Galaxy S23,Hyderabad,17.385,78.4867,6909.34,17167.07,0.538,2.34,1,1,191.2,0.0,0.0,0,2,0.0,0.0,0,0,benign_festive_spend,0
TXN_UPI_100749,USR_4107,2025-02-03 20:31:00,262.42,Food_Dining,DEV_IN_OP12_017,OnePlus 12,Chennai,13.0827,80.2707,5862.99,13287.03,-0.422,0.04,1,1,126.8333,0.0,0.0,0,0,0.0,0.0,0,0,normal_routine,0
TXN_UPI_101561,USR_4125,2025-02-03 20:32:00,232.7,Food_Dining,DEV_IN_OP12_035,OnePlus 12,Pune,18.5204,73.8567,5679.44,14943.96,-0.364,0.04,1,1,0.01,0.0,0.0,0,1,0.0,0.0,0,0,normal_routine,0
TXN_UPI_100256,USR_4096,2025-02-03 20:48:00,548.58,Groceries_Daily,DEV_IN_SAMS23_006,Samsung Galaxy S23,Jaipur,26.9124,75.7873,1860.06,3333.56,-0.393,0.29,1,1,0.01,1302.74,130273.75,0,1,0.0,0.0,1,0,normal_routine,0
TXN_UPI_102507,USR_4146,2025-02-03 20:49:00,45106.62,Electronics_Gadgets,DEV_IN_NEW_056,Samsung Galaxy S24,Hyderabad,17.385,78.4867,11574.18,23569.47,1.423,3.9,0,1,48.5167,0.0,0.0,0,3,0.0,0.0,0,0,benign_new_device,0
TXN_UPI_101782,USR_4130,2025-02-03 20:53:00,336.59,Food_Dining,DEV_IN_SAMS23_040,Samsung Galaxy S23,Pune,18.5204,73.8567,7342.81,17781.97,-0.394,0.05,1,1,175.7833,0.0,0.0,0,0,0.0,0.0,0,0,normal_routine,0
TXN_UPI_100662,USR_4105,2025-02-03 20:56:00,1611.04,Utility_Bills,DEV_IN_SAMS23_015,Samsung Galaxy S23,Mumbai,19.076,72.8777,13078.19,23354.57,-0.491,0.12,1,1,0.01,0.0,0.0,0,2,0.0,0.0,0,0,normal_routine,0
TXN_UPI_102279,USR_4141,2025-02-03 20:56:00,2475.25,Gaming_Crypto,DEV_BURNER_50,Realme C11,Hyderabad,17.385,78.4867,6890.14,16942.67,-0.261,0.36,0,1,107.7667,0.0,0.0,0,0,0.0,0.0,0,1,stealth_micro_fraud,1
TXN_UPI_100031,USR_4091,2025-02-03 21:07:00,464.17,Food_Dining,DEV_IN_IPH15_001,iPhone 15,Bengaluru,12.9716,77.5946,6961.05,18877.9,-0.344,0.07,1,1,0.01,0.0,0.0,0,1,0.0,0.0,0,0,normal_routine,0
TXN_UPI_100165,USR_4094,2025-02-03 21:21:00,243.86,Food_Dining,DEV_IN_SAMS23_004,Samsung Galaxy S23,Bengaluru,12.9716,77.5946,7517.15,18643.65,-0.39,0.03,1,1,0.01,0.0,0.0,0,1,0.0,0.0,0,0,normal_routine,0
TXN_UPI_102819,USR_4153,2025-02-03 21:23:00,255.96,Food_Dining,DEV_IN_XRN13_063,Xiaomi Redmi Note 13,Mumbai,19.076,72.8777,5974.37,14958.16,-0.382,0.04,1,1,9.5167,0.0,0.0,0,0,0.0,0.0,0,0,normal_routine,0
TXN_UPI_100389,USR_4099,2025-02-03 21:24:00,1979.26,Utility_Bills,DEV_IN_XRN13_009,Xiaomi Redmi Note 13,Mumbai,19.076,72.8777,6429.1,17414.14,-0.256,0.31,1,1,127.6,0.0,0.0,0,0,0.0,0.0,0,0,normal_routine,0
TXN_UPI_101247,USR_4118,2025-02-03 21:24:00,445.94,Food_Dining,DEV_IN_IPH15_028,iPhone 15,Hyderabad,17.385,78.4867,6671.33,14894.66,-0.418,0.07,1,1,0.01,0.0,0.0,0,1,0.0,0.0,0,0,normal_routine,0
TXN_UPI_103404,USR_4166,2025-02-03 21:25:00,1402.04,P2P_Transfer,DEV_IN_SAMS23_076,Samsung Galaxy S23,Bengaluru,12.9716,77.5946,6374.1,16362.72,-0.304,0.22,1,1,145.7167,0.0,0.0,0,0,0.0,0.0,0,0,normal_routine,0
TXN_UPI_100520,USR_4102,2025-02-03 21:34:00,342.53,Groceries_Daily,DEV_IN_SAMS23_012,Samsung Galaxy S23,Hyderabad,17.385,78.4867,7451.44,17760.82,-0.4,0.05,1,1,216.6833,0.0,0.0,0,0,0.0,0.0,0,0,normal_routine,0
TXN_UPI_101069,USR_4114,2025-02-03 21:48:00,302.84,Food_Dining,DEV_IN_SAMS23_024,Samsung Galaxy S23,Delhi,28.6139,77.209,4500.6,11957.71,-0.351,0.07,1,1,0.01,0.0,0.0,0,1,0.0,0.0,0,0,normal_routine,0
TXN_UPI_103542,USR_4169,2025-02-03 21:57:00,31282.81,Electronics_Gadgets,DEV_IN_NEW_079,iPhone 16 Pro,Kolkata,22.5726,88.3639,6399.64,15182.6,1.639,4.89,0,1,0.01,1700.57,170056.57,0,1,2.0,0.0,1,0,benign_new_device,0
TXN_UPI_103584,USR_4170,2025-02-04 01:44:00,60890.81,P2P_Transfer,DEV_ROGUE_EMU_79,Linux Cloud Emulator,Chennai,13.0827,80.2707,5798.27,13757.48,4.005,10.5,0,1,7.1167,0.0,0.0,1,0,1.5,2.93,0,1,hostile_account_takeover,1
TXN_UPI_101917,USR_4133,2025-02-04 02:19:00,14311.88,Travel_Ticketing,DEV_IN_IPH15_043,iPhone 15,Jaipur,26.9124,75.7873,4710.03,14684.33,0.654,3.04,1,1,41.6667,235.29,5.65,1,0,0.0,0.0,0,0,benign_travel,0
TXN_UPI_103134,USR_4160,2025-02-04 02:28:00,4156.69,P2P_Transfer,DEV_IN_OP12_070,OnePlus 12,Chennai,13.0827,80.2707,5819.09,15262.5,-0.109,0.71,1,1,124.6333,0.0,0.0,1,0,0.0,0.0,0,0,emergency_nocturnal_legit,0
TXN_UPI_103137,USR_4160,2025-02-04 03:15:00,35299.0,P2P_Transfer,DEV_ROGUE_EMU_69,Linux Cloud Emulator,Chennai,13.0827,80.2707,5496.61,14547.68,2.049,6.42,0,1,0.01,0.0,0.0,1,1,1.5,2.41,0,1,hostile_account_takeover,1
TXN_UPI_101334,USR_4120,2025-02-04 08:05:00,752.02,Utility_Bills,DEV_IN_OP12_030,OnePlus 12,Kolkata,22.5726,88.3639,4638.26,12105.52,-0.321,0.16,1,1,0.01,0.0,0.0,0,1,0.0,0.0,0,0,normal_routine,0
TXN_UPI_101745,USR_4129,2025-02-04 08:10:00,522.44,Groceries_Daily,DEV_IN_SAMS23_039,Samsung Galaxy S23,Bengaluru,12.9716,77.5946,6573.35,15521.93,-0.39,0.08,1,1,0.01,0.0,0.0,0,7,0.0,0.0,0,0,normal_routine,0
TXN_UPI_100933,USR_4111,2025-02-04 08:34:00,1009.69,Utility_Bills,DEV_IN_SAMS23_021,Samsung Galaxy S23,Hyderabad,17.385,78.4867,8121.47,18381.69,-0.387,0.12,1,1,47.0167,0.0,0.0,0,2,0.0,0.0,0,0,normal_routine,0
TXN_UPI_101604,USR_4126,2025-02-04 08:37:00,423.67,Food_Dining,DEV_IN_OP12_036,OnePlus 12,Chennai,13.0827,80.2707,10006.52,23046.53,-0.416,0.04,1,1,93.1333,0.0,0.0,0,0,0.0,0.0,0,0,normal_routine,0
TXN_UPI_102777,USR_4152,2025-02-04 08:49:00,47673.31,Jewelry_Luxury,DEV_IN_OP12_062,OnePlus 12,Bengaluru,12.9716,77.5946,3678.5,8190.83,5.371,12.96,1,1,0.01,0.0,0.0,0,1,0.0,0.0,0,0,benign_festive_spend,0
TXN_UPI_101785,USR_4130,2025-02-04 09:04:00,305.18,Food_Dining,DEV_IN_SAMS23_040,Samsung Galaxy S23,Pune,18.5204,73.8567,6640.67,16963.7,-0.373,0.05,1,1,0.01,0.0,0.0,0,1,0.0,0.0,0,0,normal_routine,0
TXN_UPI_101565,USR_4125,2025-02-04 09:07:00,313.24,Groceries_Daily,DEV_IN_OP12_035,OnePlus 12,Pune,18.5204,73.8567,5077.14,14134.7,-0.337,0.06,1,1,0.01,0.0,0.0,0,1,0.0,0.0,0,0,normal_routine,0
TXN_UPI_103272,USR_4163,2025-02-04 09:12:00,2682.63,P2P_Transfer,DEV_IN_XRN13_073,Xiaomi Redmi Note 13,Chennai,13.0827,80.2707,6961.37,14387.7,-0.297,0.39,1,1,0.01,0.0,0.0,0,1,0.0,0.0,0,0,normal_routine,0
TXN_UPI_103312,USR_4164,2025-02-04 09:14:00,43277.36,Electronics_Gadgets,DEV_IN_IPH15_074,iPhone 15,Delhi,28.6139,77.209,8269.25,16352.01,2.141,5.23,1,1,204.4667,0.0,0.0,0,0,0.0,0.0,0,0,benign_festive_spend,0
TXN_UPI_102327,USR_4142,2025-02-04 09:18:00,1083.08,P2P_Transfer,DEV_BURNER_51,Realme C11,Hyderabad,17.385,78.4867,5613.18,13609.25,-0.333,0.19,0,1,91.7333,0.0,0.0,0,0,0.0,0.0,0,1,stealth_micro_fraud,1
TXN_UPI_102143,USR_4138,2025-02-04 09:23:00,758.49,P2P_Transfer,DEV_IN_IPH15_048,iPhone 15,Delhi,28.6139,77.209,7773.21,17254.5,-0.407,0.1,1,1,91.7167,0.0,0.0,0,0,0.0,0.0,0,0,normal_routine,0
TXN_UPI_100928,USR_4111,2025-02-04 09:25:00,1069.18,P2P_Transfer,DEV_BURNER_20,Realme C11,Hyderabad,17.385,78.4867,9177.36,19780.2,-0.41,0.12,0,1,134.9,0.0,0.0,0,0,0.0,0.0,0,1,stealth_micro_fraud,1
TXN_UPI_103093,USR_4159,2025-02-04 09:26:00,83770.76,Food_Dining,DEV_IN_XRN13_069,Xiaomi Redmi Note 13,Delhi,28.6139,77.209,5179.08,13546.12,5.802,16.17,1,1,0.01,0.0,0.0,0,1,0.0,0.0,0,0,benign_festive_spend,0
TXN_UPI_101471,USR_4123,2025-02-04 09:32:00,243.91,Food_Dining,DEV_IN_OP12_033,OnePlus 12,Chennai,13.0827,80.2707,3395.63,9067.01,-0.348,0.07,1,1,0.01,0.0,0.0,0,2,0.0,0.0,0,0,normal_routine,0
TXN_UPI_101115,USR_4115,2025-02-04 09:35:00,1134.76,Utility_Bills,DEV_IN_XRN13_025,Xiaomi Redmi Note 13,Bengaluru,12.9716,77.5946,3979.47,13975.73,-0.204,0.29,1,1,0.01,0.0,0.0,0,2,0.0,0.0,0,0,normal_routine,0
TXN_UPI_102374,USR_4143,2025-02-04 09:49:00,294.87,Groceries_Daily,DEV_IN_XRN13_053,Xiaomi Redmi Note 13,Pune,18.5204,73.8567,3126.33,12782.18,-0.222,0.09,1,1,20.75,0.0,0.0,0,3,0.0,0.0,0,0,normal_routine,0
TXN_UPI_102508,USR_4146,2025-02-04 09:52:00,764.99,P2P_Transfer,DEV_IN_SAMS23_056,Samsung Galaxy S23,Hyderabad,17.385,78.4867,12622.07,23920.7,-0.496,0.06,1,1,13.05,0.0,0.0,0,4,0.0,0.0,0,0,normal_routine,0
TXN_UPI_100303,USR_4097,2025-02-04 09:57:00,727.99,Utility_Bills,DEV_IN_XRN13_007,Xiaomi Redmi Note 13,Delhi,28.6139,77.209,7180.56,15827.38,-0.408,0.1,1,1,19.9667,0.0,0.0,0,3,0.0,0.0,0,0,normal_routine,0
TXN_UPI_102328,USR_4142,2025-02-04 11:10:00,1792.82,Utility_Bills,DEV_IN_IPH15_052,iPhone 15,Hyderabad,17.385,78.4867,5471.61,13418.09,-0.274,0.33,1,1,1.8667,0.0,0.0,0,0,0.0,0.0,0,0,normal_routine,0
TXN_UPI_102822,USR_4153,2025-02-04 11:15:00,669.22,Utility_Bills,DEV_IN_XRN13_063,Xiaomi Redmi Note 13,Mumbai,19.076,72.8777,5458.96,14303.75,-0.335,0.12,1,1,87.8167,0.0,0.0,0,2,0.0,0.0,0,0,normal_routine,0
TXN_UPI_103139,USR_4160,2025-02-04 11:15:00,18839.43,Electronics_Gadgets,DEV_IN_OP12_070,OnePlus 12,Chennai,13.0827,80.2707,6286.16,15017.5,0.836,3.0,1,1,0.01,0.0,0.0,0,3,0.0,0.0,0,0,benign_festive_spend,0
TXN_UPI_101111,USR_4115,2025-02-04 11:43:00,327.85,Food_Dining,DEV_IN_XRN13_025,Xiaomi Redmi Note 13,Bengaluru,12.9716,77.5946,4460.23,14811.63,-0.279,0.07,1,1,0.01,0.0,0.0,0,1,0.0,0.0,0,0,normal_routine,0
TXN_UPI_100167,USR_4094,2025-02-04 11:44:00,395.58,Groceries_Daily,DEV_IN_SAMS23_004,Samsung Galaxy S23,Bengaluru,12.9716,77.5946,7046.62,18121.01,-0.367,0.06,1,1,105.3,0.0,0.0,0,3,0.0,0.0,0,0,normal_routine,0
TXN_UPI_100026,USR_4091,2025-02-04 11:54:00,1250.41,P2P_Transfer,DEV_IN_IPH15_001,iPhone 15,Bengaluru,12.9716,77.5946,7383.58,20316.12,-0.302,0.17,1,1,27.1333,0.0,0.0,0,0,0.0,0.0,0,0,normal_routine,0
TXN_UPI_100935,USR_4111,2025-02-04 12:40:00,6530.98,Travel_Ticketing,DEV_IN_SAMS23_021,Samsung Galaxy S23,Goa,15.2993,74.124,9739.72,20746.61,-0.155,0.67,1,1,0.01,520.05,52004.67,0,1,0.0,0.0,1,0,benign_travel,0
TXN_UPI_101923,USR_4133,2025-02-04 13:01:00,471.47,P2P_Transfer,DEV_IN_IPH15_043,iPhone 15,Delhi,28.6139,77.209,4397.92,13431.03,-0.292,0.11,1,1,0.01,0.0,0.0,0,2,0.0,0.0,0,0,normal_routine,0
TXN_UPI_101200,USR_4117,2025-02-04 13:04:00,1104.85,P2P_Transfer,DEV_IN_SAMS23_027,Samsung Galaxy S23,Kolkata,22.5726,88.3639,3484.05,8007.63,-0.297,0.32,1,1,0.01,0.0,0.0,0,1,0.0,0.0,0,0,normal_routine,0
TXN_UPI_102591,USR_4148,2025-02-04 13:07:00,275.39,Food_Dining,DEV_IN_XRN13_058,Xiaomi Redmi Note 13,Pune,18.5204,73.8567,6665.6,16870.05,-0.379,0.04,1,1,156.55,953.87,6.09,0,0,0.0,0.0,0,0,normal_routine,0
TXN_UPI_101832,USR_4131,2025-02-04 13:22:00,1356.15,Utility_Bills,DEV_IN_OP12_041,OnePlus 12,Bengaluru,12.9716,77.5946,8367.4,18177.61,-0.386,0.16,1,1,0.01,0.0,0.0,0,1,0.0,0.0,0,0,normal_routine,0
TXN_UPI_101468,USR_4123,2025-02-04 13:26:00,1056.37,Utility_Bills,DEV_IN_OP12_033,OnePlus 12,Chennai,13.0827,80.2707,3710.68,9504.63,-0.279,0.28,1,1,138.0,0.0,0.0,0,0,0.0,0.0,0,0,normal_routine,0
TXN_UPI_100612,USR_4104,2025-02-04 13:29:00,18984.9,Groceries_Daily,DEV_IN_NEW_014,Samsung Galaxy S24,Mumbai,19.076,72.8777,14033.63,23714.16,0.209,1.35,0,1,88.0833,0.0,0.0,0,0,0.0,0.0,0,0,benign_new_device,0
TXN_UPI_101968,USR_4134,2025-02-04 13:29:00,656.42,Utility_Bills,DEV_IN_OP12_044,OnePlus 12,Chennai,13.0827,80.2707,8211.38,17475.91,-0.432,0.08,1,1,0.01,0.0,0.0,0,4,0.0,0.0,0,0,normal_routine,0
TXN_UPI_101610,USR_4126,2025-02-04 13:31:00,330.7,Food_Dining,DEV_IN_OP12_036,OnePlus 12,Chennai,13.0827,80.2707,9357.84,21655.61,-0.417,0.04,1,1,0.01,0.0,0.0,0,1,0.0,0.0,0,0,normal_routine,0
TXN_UPI_101965,USR_4134,2025-02-04 13:39:00,495.25,Food_Dining,DEV_IN_OP12_044,OnePlus 12,Chennai,13.0827,80.2707,9009.34,18171.5,-0.469,0.05,1,1,0.01,0.0,0.0,0,1,0.0,0.0,0,0,normal_routine,0
TXN_UPI_102460,USR_4145,2025-02-04 13:45:00,346.33,Groceries_Daily,DEV_IN_SAMS23_055,Samsung Galaxy S23,Mumbai,19.076,72.8777,10475.78,20850.49,-0.486,0.03,1,1,100.1667,0.0,0.0,0,2,0.0,0.0,0,0,normal_routine,0
TXN_UPI_100661,USR_4105,2025-02-04 13:52:00,802.68,Food_Dining,DEV_IN_SAMS23_015,Samsung Galaxy S23,Mumbai,19.076,72.8777,13487.38,23631.05,-0.537,0.06,1,1,0.01,0.0,0.0,0,1,0.0,0.0,0,0,normal_routine,0
TXN_UPI_101697,USR_4128,2025-02-04 13:57:00,6558.23,Travel_Ticketing,DEV_IN_SAMS23_038,Samsung Galaxy S23,Delhi,28.6139,77.209,4578.63,12891.44,0.154,1.43,1,1,0.01,235.29,23529.02,0,1,0.0,0.0,1,0,benign_travel,0
TXN_UPI_100751,USR_4107,2025-02-04 18:04:00,178.83,Groceries_Daily,DEV_IN_OP12_017,OnePlus 12,Chennai,13.0827,80.2707,5503.04,12907.05,-0.413,0.03,1,1,0.01,0.0,0.0,0,1,0.0,0.0,0,0,normal_routine,0
TXN_UPI_100663,USR_4105,2025-02-04 18:19:00,1326.7,Utility_Bills,DEV_IN_SAMS23_015,Samsung Galaxy S23,Mumbai,19.076,72.8777,12719.84,23073.18,-0.494,0.1,1,1,21.3833,0.0,0.0,0,3,0.0,0.0,0,0,normal_routine,0
TXN_UPI_102008,USR_4135,2025-02-04 18:22:00,1854.76,Utility_Bills,DEV_IN_OP12_045,OnePlus 12,Bengaluru,12.9716,77.5946,5774.22,15266.63,-0.257,0.32,1,1,0.01,0.0,0.0,0,1,0.0,0.0,0,0,normal_routine,0
TXN_UPI_101606,USR_4126,2025-02-04 18:41:00,1264.34,Utility_Bills,DEV_IN_OP12_036,OnePlus 12,Chennai,13.0827,80.2707,9365.45,22393.9,-0.362,0.14,1,1,120.4167,0.0,0.0,0,0,0.0,0.0,0,0,normal_routine,0
TXN_UPI_100617,USR_4104,2025-02-04 18:56:00,671.57,Groceries_Daily,DEV_IN_OP12_014,OnePlus 12,Mumbai,19.076,72.8777,12414.23,22234.18,-0.528,0.05,1,1,0.01,0.0,0.0,0,1,0.0,0.0,0,0,normal_routine,0
TXN_UPI_102195,USR_4139,2025-02-04 19:05:00,257.75,Food_Dining,DEV_IN_OP12_049,OnePlus 12,Pune,18.5204,73.8567,4013.53,9807.07,-0.383,0.06,1,1,0.01,0.0,0.0,0,3,0.0,0.0,0,0,normal_routine,0
TXN_UPI_102054,USR_4136,2025-02-04 19:18:00,1540.53,P2P_Transfer,DEV_IN_SAMS23_046,Samsung Galaxy S23,Pune,18.5204,73.8567,1950.86,4881.67,-0.084,0.79,1,1,154.7167,0.0,0.0,0,0,0.0,0.0,0,0,normal_routine,0
TXN_UPI_103002,USR_4157,2025-02-04 19:29:00,21805.17,Groceries_Daily,DEV_IN_NEW_067,Samsung Galaxy S24,Jaipur,26.9124,75.7873,8565.2,18179.17,0.728,2.55,0,1,0.01,0.0,0.0,0,1,0.0,0.0,0,0,benign_new_device,0
TXN_UPI_101743,USR_4129,2025-02-04 19:32:00,11399.38,Travel_Ticketing,DEV_IN_SAMS23_039,Samsung Galaxy S23,Jaipur,26.9124,75.7873,4259.36,10008.41,0.713,2.68,1,1,0.01,1561.54,156153.6,0,5,0.0,0.0,1,0,benign_travel,0
TXN_UPI_102780,USR_4152,2025-02-04 19:56:00,890.57,P2P_Transfer,DEV_IN_OP12_062,OnePlus 12,Bengaluru,12.9716,77.5946,4772.47,10843.51,-0.358,0.19,1,1,0.01,0.0,0.0,0,2,0.0,0.0,0,0,normal_routine,0
TXN_UPI_101556,USR_4125,2025-02-04 19:59:00,346.89,Food_Dining,DEV_IN_OP12_035,OnePlus 12,Pune,18.5204,73.8567,5286.43,15139.3,-0.326,0.07,1,1,46.2833,0.0,0.0,0,0,0.0,0.0,0,0,normal_routine,0
TXN_UPI_100980,USR_4112,2025-02-04 20:01:00,571.02,P2P_Transfer,DEV_IN_SAMS23_022,Samsung Galaxy S23,Hyderabad,17.385,78.4867,3594.33,12715.0,-0.238,0.16,1,1,0.01,0.0,0.0,0,2,0.0,0.0,0,0,normal_routine,0
TXN_UPI_100526,USR_4102,2025-02-04 20:04:00,918.5,Groceries_Daily,DEV_IN_SAMS23_012,Samsung Galaxy S23,Hyderabad,17.385,78.4867,6924.06,16138.17,-0.372,0.13,1,1,68.05,621.46,9.13,0,0,0.0,0.0,0,0,normal_routine,0
TXN_UPI_103140,USR_4160,2025-02-04 20:06:00,974.34,P2P_Transfer,DEV_IN_OP12_070,OnePlus 12,Chennai,13.0827,80.2707,6655.38,14946.26,-0.38,0.15,1,1,8.85,0.0,0.0,0,4,0.0,0.0,0,0,normal_routine,0
TXN_UPI_101741,USR_4129,2025-02-04 20:07:00,241.65,Groceries_Daily,DEV_IN_SAMS23_039,Samsung Galaxy S23,Bengaluru,12.9716,77.5946,4519.13,10284.23,-0.416,0.05,1,1,83.5333,0.0,0.0,0,3,0.0,0.0,0,0,normal_routine,0
TXN_UPI_101742,USR_4129,2025-02-04 20:25:00,484.0,Food_Dining,DEV_IN_SAMS23_039,Samsung Galaxy S23,Bengaluru,12.9716,77.5946,4381.15,10145.19,-0.384,0.11,1,1,0.3,0.0,0.0,0,4,0.0,0.0,0,0,normal_routine,0
TXN_UPI_103544,USR_4169,2025-02-04 20:33:00,1546.52,Utility_Bills,DEV_IN_IPH15_079,iPhone 15,Kolkata,22.5726,88.3639,7067.0,15333.17,-0.36,0.22,1,1,0.01,1357.77,135777.42,0,1,0.0,0.0,1,0,normal_routine,0
TXN_UPI_103408,USR_4166,2025-02-04 20:43:00,2593.4,Utility_Bills,DEV_IN_SAMS23_076,Samsung Galaxy S23,Bengaluru,12.9716,77.5946,5693.18,15413.58,-0.201,0.46,1,1,0.01,0.0,0.0,0,1,0.0,0.0,0,0,normal_routine,0
TXN_UPI_103545,USR_4169,2025-02-04 20:54:00,63541.11,P2P_Transfer,DEV_CLONE_78,Virtual Android,Lagos,6.5244,3.3792,6904.63,15134.77,3.742,9.2,0,0,0.35,9216.67,26333.34,0,2,3.0,3.48,1,1,impossible_travel_jump,1
TXN_UPI_100215,USR_4095,2025-02-04 20:57:00,1069.47,Utility_Bills,DEV_IN_IPH15_005,iPhone 15,Kolkata,22.5726,88.3639,12834.72,22789.91,-0.516,0.08,1,1,0.01,0.0,0.0,0,1,0.0,0.0,0,0,normal_routine,0
TXN_UPI_103363,USR_4165,2025-02-04 20:59:00,1239.86,P2P_Transfer,DEV_IN_IPH15_075,iPhone 15,Bengaluru,12.9716,77.5946,6774.02,18732.05,-0.295,0.18,1,1,0.01,0.0,0.0,0,1,0.0,0.0,0,0,normal_routine,0
TXN_UPI_103313,USR_4164,2025-02-04 21:07:00,303.06,Groceries_Daily,DEV_IN_IPH15_074,iPhone 15,Delhi,28.6139,77.209,9565.85,17354.97,-0.534,0.03,1,1,11.8833,0.0,0.0,0,0,0.0,0.0,0,0,normal_routine,0
TXN_UPI_100121,USR_4093,2025-02-04 21:13:00,307.28,Food_Dining,DEV_IN_IPH15_003,iPhone 15,Mumbai,19.076,72.8777,5709.52,13786.57,-0.392,0.05,1,1,49.0167,0.0,0.0,0,2,0.0,0.0,0,0,normal_routine,0
TXN_UPI_101244,USR_4118,2025-02-04 21:14:00,222.58,Food_Dining,DEV_IN_IPH15_028,iPhone 15,Hyderabad,17.385,78.4867,7321.26,15531.13,-0.457,0.03,1,1,0.01,621.46,62146.29,0,1,0.0,0.0,1,0,normal_routine,0
TXN_UPI_100836,USR_4109,2025-02-04 21:21:00,36141.48,Food_Dining,DEV_IN_NEW_019,iPhone 16 Pro,Pune,18.5204,73.8567,8947.97,19565.42,1.39,4.04,0,1,63.4667,0.0,0.0,0,0,0.0,0.0,0,0,benign_new_device,0
TXN_UPI_100071,USR_4092,2025-02-04 21:33:00,460.34,Groceries_Daily,DEV_IN_OP12_002,OnePlus 12,Kolkata,22.5726,88.3639,9050.39,21202.84,-0.405,0.05,1,1,121.9167,0.0,0.0,0,0,0.0,0.0,0,0,normal_routine,0
TXN_UPI_100793,USR_4108,2025-02-04 21:43:00,297.4,Groceries_Daily,DEV_IN_IPH15_018,iPhone 15,Delhi,28.6139,77.209,12287.12,20050.65,-0.598,0.02,1,1,61.4,0.0,0.0,0,0,0.0,0.0,0,0,normal_routine,0
TXN_UPI_100528,USR_4102,2025-02-04 21:50:00,69286.49,Food_Dining,DEV_IN_SAMS23_012,Samsung Galaxy S23,Hyderabad,17.385,78.4867,6526.84,15701.52,3.997,10.62,1,1,0.01,0.0,0.0,0,1,0.0,0.0,0,0,benign_festive_spend,0
TXN_UPI_101379,USR_4121,2025-02-04 23:15:00,57.25,Gaming_Crypto,DEV_BOTNET_30,Automated Script Bot,Kolkata,22.5726,88.3639,5738.85,14546.04,-0.391,0.01,0,1,0.01,0.0,0.0,0,8,0.0,0.0,0,1,credential_stuffing_burst,1
TXN_UPI_100480,USR_4101,2025-02-05 00:19:00,16413.2,Travel_Ticketing,DEV_IN_IPH15_011,iPhone 15,Delhi,28.6139,77.209,9510.87,19127.74,0.361,1.73,1,1,92.25,1148.09,12.45,0,0,0.0,0.0,0,0,benign_travel,0
TXN_UPI_101333,USR_4120,2025-02-05 01:23:00,3861.79,P2P_Transfer,DEV_IN_OP12_030,OnePlus 12,Kolkata,22.5726,88.3639,4667.01,12326.72,-0.065,0.83,1,1,30.4333,0.0,0.0,1,0,0.0,0.0,0,0,emergency_nocturnal_legit,0
TXN_UPI_100433,USR_4100,2025-02-05 01:45:00,3945.57,Travel_Ticketing,DEV_IN_OP12_010,OnePlus 12,Goa,15.2993,74.124,5937.55,15746.75,-0.127,0.66,1,1,150.1333,359.3,2.39,1,0,0.0,0.0,0,0,benign_travel,0
TXN_UPI_100841,USR_4109,2025-02-05 02:55:00,4805.63,Food_Dining,DEV_IN_IPH15_019,iPhone 15,Pune,18.5204,73.8567,8818.86,18753.87,-0.214,0.54,1,1,127.0833,0.0,0.0,1,2,0.0,0.0,0,0,emergency_nocturnal_legit,0
TXN_UPI_101201,USR_4117,2025-02-05 03:00:00,2593.59,P2P_Transfer,DEV_IN_SAMS23_027,Samsung Galaxy S23,Kolkata,22.5726,88.3639,3404.74,7884.62,-0.103,0.76,1,1,13.9333,0.0,0.0,1,2,0.0,0.0,0,0,emergency_nocturnal_legit,0
TXN_UPI_100844,USR_4109,2025-02-05 03:32:00,67.6,Gaming_Crypto,DEV_BOTNET_18,Automated Script Bot,Pune,18.5204,73.8567,8185.75,18003.89,-0.451,0.01,0,1,56.1,0.0,0.0,1,8,1.5,0.11,0,1,credential_stuffing_burst,1
TXN_UPI_102998,USR_4157,2025-02-05 05:09:00,72269.74,P2P_Transfer,DEV_ROGUE_EMU_66,Linux Cloud Emulator,Jaipur,26.9124,75.7873,7104.3,14823.47,4.396,10.17,0,1,79.4833,0.0,0.0,1,0,1.5,2.9,0,1,hostile_account_takeover,1
TXN_UPI_102733,USR_4151,2025-02-05 08:01:00,342.75,Groceries_Daily,DEV_IN_SAMS23_061,Samsung Galaxy S23,Bengaluru,12.9716,77.5946,7666.17,17595.6,-0.416,0.04,1,1,0.01,0.0,0.0,0,1,0.0,0.0,0,0,normal_routine,0
TXN_UPI_102145,USR_4138,2025-02-05 08:08:00,280.36,Food_Dining,DEV_IN_IPH15_048,iPhone 15,Delhi,28.6139,77.209,7622.98,16706.39,-0.44,0.04,1,1,129.1667,235.29,1.82,0,0,0.0,0.0,0,0,normal_routine,0
TXN_UPI_101962,USR_4134,2025-02-05 08:37:00,1235.91,Utility_Bills,DEV_IN_OP12_044,OnePlus 12,Chennai,13.0827,80.2707,9929.83,18976.0,-0.458,0.12,1,1,247.3333,0.0,0.0,0,0,0.0,0.0,0,0,normal_routine,0
TXN_UPI_101245,USR_4118,2025-02-05 08:52:00,1466.89,P2P_Transfer,DEV_IN_IPH15_028,iPhone 15,Hyderabad,17.385,78.4867,7076.47,15315.87,-0.366,0.21,1,1,11.6333,0.0,0.0,0,2,0.0,0.0,0,0,normal_routine,0
TXN_UPI_102188,USR_4139,2025-02-05 08:52:00,270.02,Groceries_Daily,DEV_IN_OP12_049,OnePlus 12,Pune,18.5204,73.8567,3528.39,8453.99,-0.385,0.08,1,1,45.25,0.0,0.0,0,0,0.0,0.0,0,0,normal_routine,0
TXN_UPI_101520,USR_4124,2025-02-05 08:55:00,932.1,P2P_Transfer,DEV_IN_IPH15_034,iPhone 15,Kolkata,22.5726,88.3639,9775.9,20305.16,-0.436,0.1,1,1,0.01,0.0,0.0,0,1,0.0,0.0,0,0,normal_routine,0
TXN_UPI_101971,USR_4134,2025-02-05 08:55:00,540.04,Groceries_Daily,DEV_IN_OP12_044,OnePlus 12,Chennai,13.0827,80.2707,7702.03,16803.07,-0.426,0.07,1,1,0.01,0.0,0.0,0,2,0.0,0.0,0,0,normal_routine,0
TXN_UPI_100436,USR_4100,2025-02-05 09:02:00,20938.58,Groceries_Daily,DEV_IN_NEW_010,Samsung Galaxy S24,Pune,18.5204,73.8567,5520.66,14999.2,1.028,3.79,0,1,0.01,0.0,0.0,0,1,0.0,0.0,0,0,benign_new_device,0
TXN_UPI_102189,USR_4139,2025-02-05 09:07:00,39386.33,Electronics_Gadgets,DEV_CLONE_48,Virtual Android,Lagos,6.5244,3.3792,3412.02,8323.64,4.322,11.54,0,0,0.25,7723.26,30893.06,0,1,3.0,3.79,1,0,impossible_travel_jump,1
TXN_UPI_102916,USR_4155,2025-02-05 09:19:00,263.32,Food_Dining,DEV_IN_SAMS23_065,Samsung Galaxy S23,Hyderabad,17.385,78.4867,3792.43,11471.2,-0.308,0.07,1,1,0.01,0.0,0.0,0,3,0.0,0.0,0,0,normal_routine,0
TXN_UPI_100117,USR_4093,2025-02-05 09:25:00,644.49,Groceries_Daily,DEV_IN_IPH15_003,iPhone 15,Mumbai,19.076,72.8777,6468.44,14661.5,-0.397,0.1,1,1,44.3833,0.0,0.0,0,0,0.0,0.0,0,0,normal_routine,0
TXN_UPI_101831,USR_4131,2025-02-05 09:25:00,1239.31,P2P_Transfer,DEV_IN_OP12_041,OnePlus 12,Bengaluru,12.9716,77.5946,8605.0,18430.67,-0.4,0.14,1,1,135.2167,0.0,0.0,0,0,0.0,0.0,0,0,normal_routine,0
TXN_UPI_101154,USR_4116,2025-02-05 09:30:00,3631.0,Utility_Bills,DEV_IN_OP12_026,OnePlus 12,Hyderabad,17.385,78.4867,8961.49,19719.23,-0.27,0.41,1,1,180.45,0.0,0.0,0,0,0.0,0.0,0,0,normal_routine,0
TXN_UPI_102412,USR_4144,2025-02-05 09:36:00,407.15,Groceries_Daily,DEV_IN_OP12_054,OnePlus 12,Jaipur,26.9124,75.7873,4187.17,10238.62,-0.369,0.1,1,1,212.35,0.0,0.0,0,0,0.0,0.0,0,0,normal_routine,0
TXN_UPI_103497,USR_4168,2025-02-05 09:44:00,345.75,Groceries_Daily,DEV_IN_XRN13_078,Xiaomi Redmi Note 13,Pune,18.5204,73.8567,6953.16,16656.25,-0.397,0.05,1,1,48.1167,0.0,0.0,0,2,0.0,0.0,0,0,normal_routine,0
TXN_UPI_102599,USR_4148,2025-02-05 09:48:00,424.97,Groceries_Daily,DEV_IN_XRN13_058,Xiaomi Redmi Note 13,Pune,18.5204,73.8567,7594.85,15824.91,-0.453,0.06,1,1,0.01,0.0,0.0,0,3,0.0,0.0,0,0,normal_routine,0
TXN_UPI_101423,USR_4122,2025-02-05 09:54:00,34848.23,Electronics_Gadgets,DEV_IN_NEW_032,Samsung Galaxy S24,Delhi,28.6139,77.209,4168.9,10525.51,2.915,8.36,0,1,205.5,0.0,0.0,0,0,0.0,0.0,0,0,benign_new_device,0
TXN_UPI_102007,USR_4135,2025-02-05 11:17:00,202.96,Food_Dining,DEV_IN_OP12_045,OnePlus 12,Bengaluru,12.9716,77.5946,5988.5,15517.56,-0.373,0.03,1,1,65.2,0.0,0.0,0,0,0.0,0.0,0,0,normal_routine,0
TXN_UPI_101071,USR_4114,2025-02-05 11:32:00,346.0,Food_Dining,DEV_IN_SAMS23_024,Samsung Galaxy S23,Delhi,28.6139,77.209,5545.74,13480.98,-0.386,0.06,1,1,0.01,0.0,0.0,0,3,0.0,0.0,0,0,normal_routine,0
TXN_UPI_101293,USR_4119,2025-02-05 13:00:00,694.88,P2P_Transfer,DEV_IN_OP12_029,OnePlus 12,Bengaluru,12.9716,77.5946,7806.14,16973.24,-0.419,0.09,1,1,97.5667,0.0,0.0,0,2,0.0,0.0,0,0,normal_routine,0
TXN_UPI_102101,USR_4137,2025-02-05 13:03:00,634.76,Utility_Bills,DEV_IN_OP12_047,OnePlus 12,Hyderabad,17.385,78.4867,16326.17,24713.69,-0.635,0.04,1,1,0.01,0.0,0.0,0,1,0.0,0.0,0,0,normal_routine,0
TXN_UPI_101517,USR_4124,2025-02-05 13:14:00,408.86,P2P_Transfer,DEV_IN_IPH15_034,iPhone 15,Kolkata,22.5726,88.3639,9468.21,20495.22,-0.442,0.04,1,1,0.01,0.0,0.0,0,1,0.0,0.0,0,0,normal_routine,0
TXN_UPI_100304,USR_4097,2025-02-05 13:17:00,189.27,Groceries_Daily,DEV_IN_XRN13_007,Xiaomi Redmi Note 13,Delhi,28.6139,77.209,6985.03,15624.92,-0.435,0.03,1,1,27.3333,0.0,0.0,0,4,0.0,0.0,0,0,normal_routine,0
TXN_UPI_101786,USR_4130,2025-02-05 13:30:00,518.51,Groceries_Daily,DEV_IN_SAMS23_040,Samsung Galaxy S23,Pune,18.5204,73.8567,6429.49,16717.31,-0.354,0.08,1,1,28.4333,0.0,0.0,0,2,0.0,0.0,0,0,normal_routine,0
TXN_UPI_103590,USR_4170,2025-02-05 13:30:00,957.24,P2P_Transfer,DEV_IN_IPH15_080,iPhone 15,Chennai,13.0827,80.2707,7173.67,15719.49,-0.395,0.13,1,1,0.01,0.0,0.0,0,3,0.0,0.0,0,0,normal_routine,0
TXN_UPI_100171,USR_4094,2025-02-05 13:43:00,196.13,Groceries_Daily,DEV_IN_SAMS23_004,Samsung Galaxy S23,Bengaluru,12.9716,77.5946,6335.38,17169.73,-0.358,0.03,1,1,0.01,0.0,0.0,0,2,0.0,0.0,0,0,normal_routine,0
TXN_UPI_101651,USR_4127,2025-02-05 13:52:00,1518.73,Utility_Bills,DEV_IN_XRN13_037,Xiaomi Redmi Note 13,Mumbai,19.076,72.8777,14164.14,26334.98,-0.48,0.11,1,1,122.6,0.0,0.0,0,4,0.0,0.0,0,0,normal_routine,0
TXN_UPI_102098,USR_4137,2025-02-05 13:58:00,172.0,Food_Dining,DEV_IN_OP12_047,OnePlus 12,Hyderabad,17.385,78.4867,15479.29,23397.69,-0.654,0.01,1,1,177.3,0.0,0.0,0,0,0.0,0.0,0,0,normal_routine,0
TXN_UPI_103094,USR_4159,2025-02-05 18:13:00,590.39,Groceries_Daily,DEV_IN_XRN13_069,Xiaomi Redmi Note 13,Delhi,28.6139,77.209,7560.65,18958.8,-0.368,0.08,1,1,32.7833,0.0,0.0,0,2,0.0,0.0,0,0,normal_routine,0
TXN_UPI_101024,USR_4113,2025-02-05 18:39:00,1146.46,P2P_Transfer,DEV_IN_OP12_023,OnePlus 12,Delhi,28.6139,77.209,6978.84,16576.91,-0.352,0.16,1,1,0.01,0.0,0.0,0,1,0.0,0.0,0,0,normal_routine,0
TXN_UPI_102059,USR_4136,2025-02-05 18:43:00,1662.73,P2P_Transfer,DEV_IN_SAMS23_046,Samsung Galaxy S23,Pune,18.5204,73.8567,2962.89,7525.01,-0.173,0.56,1,1,0.01,0.0,0.0,0,3,0.0,0.0,0,0,normal_routine,0
TXN_UPI_101744,USR_4129,2025-02-05 18:46:00,75794.79,Electronics_Gadgets,DEV_IN_SAMS23_039,Samsung Galaxy S23,Bengaluru,12.9716,77.5946,4475.73,9931.3,7.181,16.93,1,1,23.2333,1561.54,67.21,0,6,0.0,0.0,0,0,benign_festive_spend,0
TXN_UPI_101017,USR_4113,2025-02-05 18:50:00,249.41,Groceries_Daily,DEV_IN_OP12_023,OnePlus 12,Delhi,28.6139,77.209,4955.51,12492.93,-0.377,0.05,1,1,237.4833,0.0,0.0,0,0,0.0,0.0,0,0,normal_routine,0
TXN_UPI_101384,USR_4121,2025-02-05 18:50:00,34484.93,Electronics_Gadgets,DEV_IN_NEW_031,Samsung Galaxy S24,Kolkata,22.5726,88.3639,8706.03,19267.42,1.338,3.96,0,1,0.01,0.0,0.0,0,4,0.0,0.0,0,0,benign_new_device,0
TXN_UPI_101203,USR_4117,2025-02-05 18:55:00,640.38,P2P_Transfer,DEV_IN_SAMS23_027,Samsung Galaxy S23,Kolkata,22.5726,88.3639,4845.43,11180.49,-0.376,0.13,1,1,95.7167,0.0,0.0,0,4,0.0,0.0,0,0,normal_routine,0
TXN_UPI_103454,USR_4167,2025-02-05 18:58:00,301.72,Groceries_Daily,DEV_IN_XRN13_077,Xiaomi Redmi Note 13,Hyderabad,17.385,78.4867,7969.77,15917.33,-0.482,0.04,1,1,0.01,0.0,0.0,0,4,0.0,0.0,0,0,normal_routine,0
TXN_UPI_102598,USR_4148,2025-02-05 19:00:00,645.57,Utility_Bills,DEV_IN_XRN13_058,Xiaomi Redmi Note 13,Pune,18.5204,73.8567,7812.02,16021.77,-0.447,0.08,1,1,0.01,0.0,0.0,0,2,0.0,0.0,0,0,normal_routine,0
TXN_UPI_101698,USR_4128,2025-02-05 19:02:00,213.37,Food_Dining,DEV_IN_SAMS23_038,Samsung Galaxy S23,Bengaluru,12.9716,77.5946,4640.49,12693.08,-0.349,0.05,1,1,29.0833,1739.8,59.82,0,2,0.0,0.0,0,0,normal_routine,0
TXN_UPI_101470,USR_4123,2025-02-05 19:05:00,421.3,Food_Dining,DEV_IN_OP12_033,OnePlus 12,Chennai,13.0827,80.2707,3498.19,9204.88,-0.334,0.12,1,1,0.01,0.0,0.0,0,1,0.0,0.0,0,0,normal_routine,0
TXN_UPI_102283,USR_4141,2025-02-05 19:08:00,8977.36,Travel_Ticketing,DEV_IN_OP12_051,OnePlus 12,Mumbai,19.076,72.8777,6169.9,15965.55,0.176,1.46,1,1,0.01,621.46,62146.29,0,1,0.0,0.0,1,0,benign_travel,0
TXN_UPI_100796,USR_4108,2025-02-05 19:14:00,2396.25,Utility_Bills,DEV_IN_IPH15_018,iPhone 15,Delhi,28.6139,77.209,11901.9,19377.73,-0.491,0.2,1,1,0.01,0.0,0.0,0,1,0.0,0.0,0,0,normal_routine,0
TXN_UPI_103540,USR_4169,2025-02-05 19:21:00,643.33,Groceries_Daily,DEV_IN_IPH15_079,iPhone 15,Kolkata,22.5726,88.3639,6734.98,15640.03,-0.389,0.1,1,1,95.6833,0.0,0.0,0,0,0.0,0.0,0,0,normal_routine,0
TXN_UPI_100483,USR_4101,2025-02-05 19:22:00,310.82,Food_Dining,DEV_IN_IPH15_011,iPhone 15,Mumbai,19.076,72.8777,9184.88,18375.19,-0.483,0.03,1,1,58.5,0.0,0.0,0,2,0.0,0.0,0,0,normal_routine,0
TXN_UPI_100033,USR_4091,2025-02-05 19:33:00,939.06,P2P_Transfer,DEV_IN_IPH15_001,iPhone 15,Bengaluru,12.9716,77.5946,6548.18,18348.28,-0.306,0.14,1,1,0.01,0.0,0.0,0,1,0.0,0.0,0,0,normal_routine,0
TXN_UPI_101647,USR_4127,2025-02-05 19:35:00,45453.71,Jewelry_Luxury,DEV_IN_XRN13_037,Xiaomi Redmi Note 13,Mumbai,19.076,72.8777,11583.51,26018.89,1.302,3.92,1,1,95.6333,0.0,0.0,0,0,0.0,0.0,0,0,benign_festive_spend,0
TXN_UPI_102870,USR_4154,2025-02-05 19:44:00,368.78,Groceries_Daily,DEV_IN_IPH15_064,iPhone 15,Chennai,13.0827,80.2707,7695.22,15005.78,-0.488,0.05,1,1,0.01,0.0,0.0,0,1,0.0,0.0,0,0,normal_routine,0
TXN_UPI_101385,USR_4121,2025-02-05 19:51:00,139.95,Groceries_Daily,DEV_IN_OP12_031,OnePlus 12,Kolkata,22.5726,88.3639,9464.23,19475.26,-0.479,0.01,1,1,1.0167,0.0,0.0,0,5,0.0,0.0,0,0,normal_routine,0
TXN_UPI_102548,USR_4147,2025-02-05 20:01:00,164.0,Food_Dining,DEV_IN_XRN13_057,Xiaomi Redmi Note 13,Pune,18.5204,73.8567,10401.78,20816.36,-0.492,0.02,1,1,103.4667,1172.99,11.34,0,0,0.0,0.0,0,0,normal_routine,0
TXN_UPI_101158,USR_4116,2025-02-05 20:06:00,253.32,Food_Dining,DEV_IN_OP12_026,OnePlus 12,Hyderabad,17.385,78.4867,8049.16,18607.56,-0.419,0.03,1,1,83.15,0.0,0.0,0,0,0.0,0.0,0,0,normal_routine,0
TXN_UPI_101250,USR_4118,2025-02-05 20:08:00,276.95,Groceries_Daily,DEV_IN_IPH15_028,iPhone 15,Hyderabad,17.385,78.4867,6163.79,14316.01,-0.411,0.04,1,1,0.01,0.0,0.0,0,1,0.0,0.0,0,0,normal_routine,0
TXN_UPI_102194,USR_4139,2025-02-05 20:14:00,587.43,Utility_Bills,DEV_IN_OP12_049,OnePlus 12,Pune,18.5204,73.8567,4117.35,9936.13,-0.355,0.14,1,1,0.01,0.0,0.0,0,2,0.0,0.0,0,0,normal_routine,0
TXN_UPI_102147,USR_4138,2025-02-05 20:22:00,400.78,Food_Dining,DEV_IN_IPH15_048,iPhone 15,Delhi,28.6139,77.209,7144.35,16260.96,-0.415,0.06,1,1,72.6333,0.0,0.0,0,0,0.0,0.0,0,0,normal_routine,0
TXN_UPI_101070,USR_4114,2025-02-05 20:30:00,45278.46,Electronics_Gadgets,DEV_IN_NEW_024,Samsung Galaxy S24,Delhi,28.6139,77.209,4377.13,11801.88,3.466,10.34,0,1,46.7,0.0,0.0,0,2,0.0,0.0,0,0,benign_new_device,0
TXN_UPI_101289,USR_4119,2025-02-05 20:38:00,1853.42,P2P_Transfer,DEV_IN_OP12_029,OnePlus 12,Bengaluru,12.9716,77.5946,8768.93,17937.89,-0.386,0.21,1,1,120.1167,0.0,0.0,0,0,0.0,0.0,0,0,normal_routine,0
TXN_UPI_103225,USR_4162,2025-02-05 20:39:00,48747.39,Electronics_Gadgets,DEV_IN_XRN13_072,Xiaomi Redmi Note 13,Bengaluru,12.9716,77.5946,7725.14,17491.78,2.345,6.31,1,1,168.3167,0.0,0.0,0,0,0.0,0.0,0,0,benign_festive_spend,0
TXN_UPI_101557,USR_4125,2025-02-05 20:40:00,351.07,Groceries_Daily,DEV_IN_OP12_035,OnePlus 12,Pune,18.5204,73.8567,5096.45,14875.66,-0.319,0.07,1,1,24.6833,0.0,0.0,0,0,0.0,0.0,0,0,normal_routine,0
TXN_UPI_100164,USR_4094,2025-02-05 20:56:00,1926.7,Utility_Bills,DEV_IN_SAMS23_004,Samsung Galaxy S23,Bengaluru,12.9716,77.5946,7716.81,18943.16,-0.306,0.25,1,1,152.4833,845.32,5.54,0,0,0.0,0.0,0,0,normal_routine,0
TXN_UPI_100575,USR_4103,2025-02-05 21:04:00,170.88,Food_Dining,DEV_IN_SAMS23_013,Samsung Galaxy S23,Hyderabad,17.385,78.4867,8917.38,21900.49,-0.399,0.02,1,1,0.01,1255.39,125539.34,0,1,0.0,0.0,1,0,normal_routine,0
TXN_UPI_102728,USR_4151,2025-02-05 21:07:00,2066.91,Utility_Bills,DEV_IN_SAMS23_061,Samsung Galaxy S23,Bengaluru,12.9716,77.5946,8188.46,18784.6,-0.326,0.25,1,1,225.5,0.0,0.0,0,0,0.0,0.0,0,0,normal_routine,0
TXN_UPI_103447,USR_4167,2025-02-05 21:14:00,47662.05,Groceries_Daily,DEV_IN_NEW_077,Samsung Galaxy S24,Hyderabad,17.385,78.4867,7461.75,15719.57,2.557,6.39,0,1,171.2333,0.0,0.0,0,0,0.0,0.0,0,0,benign_new_device,0
TXN_UPI_102644,USR_4149,2025-02-05 21:18:00,1301.45,P2P_Transfer,DEV_IN_SAMS23_059,Samsung Galaxy S23,Hyderabad,17.385,78.4867,6544.12,12791.23,-0.41,0.2,1,1,0.01,0.0,0.0,0,2,0.0,0.0,0,0,normal_routine,0
TXN_UPI_101475,USR_4123,2025-02-05 21:25:00,194.61,Groceries_Daily,DEV_IN_OP12_033,OnePlus 12,Chennai,13.0827,80.2707,3081.11,8562.15,-0.337,0.06,1,1,0.01,0.0,0.0,0,1,0.0,0.0,0,0,normal_routine,0
TXN_UPI_101966,USR_4134,2025-02-05 21:25:00,790.43,Gaming_Crypto,DEV_BURNER_43,Itel A50 Burner,Chennai,13.0827,80.2707,8725.54,17931.32,-0.443,0.09,0,1,31.7667,0.0,0.0,0,2,0.0,0.0,0,1,stealth_micro_fraud,1
TXN_UPI_102730,USR_4151,2025-02-05 21:38:00,182.59,Groceries_Daily,DEV_IN_SAMS23_061,Samsung Galaxy S23,Bengaluru,12.9716,77.5946,8422.99,18317.26,-0.45,0.02,1,1,96.2333,0.0,0.0,0,2,0.0,0.0,0,0,normal_routine,0
TXN_UPI_101656,USR_4127,2025-02-05 21:48:00,717.02,Utility_Bills,DEV_IN_XRN13_037,Xiaomi Redmi Note 13,Mumbai,19.076,72.8777,12315.92,24798.75,-0.468,0.06,1,1,0.01,0.0,0.0,0,2,0.0,0.0,0,0,normal_routine,0
TXN_UPI_100889,USR_4110,2025-02-06 01:58:00,6151.74,P2P_Transfer,DEV_IN_OP12_020,OnePlus 12,Jaipur,26.9124,75.7873,6285.49,16514.38,-0.008,0.98,1,1,0.01,0.0,0.0,1,1,0.0,0.0,0,0,emergency_nocturnal_legit,0
TXN_UPI_101386,USR_4121,2025-02-06 02:18:00,69231.38,P2P_Transfer,DEV_ROGUE_EMU_30,Linux Cloud Emulator,Kolkata,22.5726,88.3639,9197.82,19257.78,3.117,7.53,0,1,6.45,0.0,0.0,1,6,1.5,2.57,0,1,hostile_account_takeover,1
TXN_UPI_103315,USR_4164,2025-02-06 02:53:00,119.1,Gaming_Crypto,DEV_BOTNET_73,Automated Script Bot,Delhi,28.6139,77.209,8936.49,16904.78,-0.522,0.01,0,1,66.6667,0.0,0.0,1,15,1.5,0.11,0,1,credential_stuffing_burst,1
TXN_UPI_102687,USR_4150,2025-02-06 03:14:00,1291.08,P2P_Transfer,DEV_IN_SAMS23_060,Samsung Galaxy S23,Mumbai,19.076,72.8777,6438.3,12410.36,-0.415,0.2,1,1,139.2,0.0,0.0,1,2,0.0,0.0,0,0,emergency_nocturnal_legit,0
TXN_UPI_102099,USR_4137,2025-02-06 04:20:00,71192.85,P2P_Transfer,DEV_ROGUE_EMU_46,Linux Cloud Emulator,Hyderabad,17.385,78.4867,14932.6,23151.01,2.43,4.77,0,1,14.3667,0.0,0.0,1,0,1.5,2.1,0,1,hostile_account_takeover,1
TXN_UPI_103453,USR_4167,2025-02-06 08:02:00,190.75,Groceries_Daily,DEV_IN_XRN13_077,Xiaomi Redmi Note 13,Hyderabad,17.385,78.4867,8212.87,16103.69,-0.498,0.02,1,1,62.0,0.0,0.0,0,3,0.0,0.0,0,0,normal_routine,0
TXN_UPI_102646,USR_4149,2025-02-06 08:06:00,299.65,Groceries_Daily,DEV_IN_SAMS23_059,Samsung Galaxy S23,Hyderabad,17.385,78.4867,6212.25,12494.07,-0.473,0.05,1,1,0.01,0.0,0.0,0,4,0.0,0.0,0,0,normal_routine,0
TXN_UPI_101970,USR_4134,2025-02-06 08:21:00,1048.22,P2P_Transfer,DEV_IN_OP12_044,OnePlus 12,Chennai,13.0827,80.2707,7897.73,17009.02,-0.403,0.13,1,1,0.01,0.0,0.0,0,1,0.0,0.0,0,0,normal_routine,0
TXN_UPI_102057,USR_4136,2025-02-06 08:23:00,1729.69,Utility_Bills,DEV_IN_SAMS23_046,Samsung Galaxy S23,Pune,18.5204,73.8567,1902.03,4642.3,-0.037,0.91,1,1,0.01,0.0,0.0,0,1,0.0,0.0,0,0,normal_routine,0
TXN_UPI_102461,USR_4145,2025-02-06 08:24:00,612.68,Groceries_Daily,DEV_IN_SAMS23_055,Samsung Galaxy S23,Mumbai,19.076,72.8777,10138.13,20580.52,-0.463,0.06,1,1,42.65,0.0,0.0,0,3,0.0,0.0,0,0,normal_routine,0
TXN_UPI_102555,USR_4147,2025-02-06 08:25:00,181.53,Groceries_Daily,DEV_IN_XRN13_057,Xiaomi Redmi Note 13,Pune,18.5204,73.8567,8474.58,18937.9,-0.438,0.02,1,1,0.01,0.0,0.0,0,1,0.0,0.0,0,0,normal_routine,0
TXN_UPI_100127,USR_4093,2025-02-06 08:49:00,1128.75,Utility_Bills,DEV_IN_IPH15_003,iPhone 15,Mumbai,19.076,72.8777,5620.65,13329.75,-0.337,0.2,1,1,0.01,0.0,0.0,0,1,0.0,0.0,0,0,normal_routine,0
TXN_UPI_101068,USR_4114,2025-02-06 09:31:00,174.11,Groceries_Daily,DEV_IN_SAMS23_024,Samsung Galaxy S23,Delhi,28.6139,77.209,4635.8,12118.25,-0.368,0.04,1,1,109.6167,0.0,0.0,0,0,0.0,0.0,0,0,normal_routine,0
TXN_UPI_101469,USR_4123,2025-02-06 09:32:00,202.78,Food_Dining,DEV_IN_OP12_033,OnePlus 12,Chennai,13.0827,80.2707,3615.88,9346.35,-0.365,0.06,1,1,44.1,0.0,0.0,0,0,0.0,0.0,0,0,normal_routine,0
TXN_UPI_102190,USR_4139,2025-02-06 09:47:00,304.58,Food_Dining,DEV_IN_OP12_049,OnePlus 12,Pune,18.5204,73.8567,4652.51,10487.19,-0.415,0.07,1,1,24.6667,7723.26,313.11,0,0,0.0,0.0,0,0,normal_routine,0
TXN_UPI_100530,USR_4102,2025-02-06 09:54:00,840.7,Utility_Bills,DEV_IN_SAMS23_012,Samsung Galaxy S23,Hyderabad,17.385,78.4867,8290.94,18574.09,-0.401,0.1,1,1,0.01,0.0,0.0,0,1,0.0,0.0,0,0,normal_routine,0
TXN_UPI_101378,USR_4121,2025-02-06 09:56:00,250.27,Groceries_Daily,DEV_IN_OP12_031,OnePlus 12,Kolkata,22.5726,88.3639,5942.13,14773.85,-0.385,0.04,1,1,180.4667,0.0,0.0,0,0,0.0,0.0,0,0,normal_routine,0
TXN_UPI_103359,USR_4165,2025-02-06 11:02:00,2031.05,Utility_Bills,DEV_IN_IPH15_075,iPhone 15,Bengaluru,12.9716,77.5946,7635.97,19874.39,-0.282,0.27,1,1,181.4167,0.0,0.0,0,0,0.0,0.0,0,0,normal_routine,0
TXN_UPI_101204,USR_4117,2025-02-06 11:07:00,25130.77,Jewelry_Luxury,DEV_IN_SAMS23_027,Samsung Galaxy S23,Kolkata,22.5726,88.3639,4718.01,11033.36,1.85,5.33,1,1,16.2,0.0,0.0,0,5,0.0,0.0,0,0,benign_festive_spend,0
TXN_UPI_101611,USR_4126,2025-02-06 11:10:00,214.69,Groceries_Daily,DEV_IN_OP12_036,OnePlus 12,Chennai,13.0827,80.2707,9099.92,21396.92,-0.415,0.02,1,1,45.65,0.0,0.0,0,2,0.0,0.0,0,0,normal_routine,0
TXN_UPI_102959,USR_4156,2025-02-06 11:25:00,283.2,Groceries_Daily,DEV_IN_SAMS23_066,Samsung Galaxy S23,Jaipur,26.9124,75.7873,1954.48,4155.88,-0.402,0.14,1,1,0.01,0.0,0.0,0,3,0.0,0.0,0,0,normal_routine,0
TXN_UPI_102782,USR_4152,2025-02-06 11:31:00,332.45,Groceries_Daily,DEV_IN_OP12_062,OnePlus 12,Bengaluru,12.9716,77.5946,6039.25,13337.44,-0.428,0.06,1,1,0.01,0.0,0.0,0,1,0.0,0.0,0,0,normal_routine,0
TXN_UPI_101515,USR_4124,2025-02-06 11:47:00,241.07,Groceries_Daily,DEV_IN_IPH15_034,iPhone 15,Kolkata,22.5726,88.3639,10099.1,21044.09,-0.468,0.02,1,1,110.2,0.0,0.0,0,0,0.0,0.0,0,0,normal_routine,0
TXN_UPI_102372,USR_4143,2025-02-06 13:06:00,326.01,Groceries_Daily,DEV_IN_XRN13_053,Xiaomi Redmi Note 13,Pune,18.5204,73.8567,3305.18,13168.04,-0.226,0.1,1,1,0.01,0.0,0.0,0,1,0.0,0.0,0,0,normal_routine,0
TXN_UPI_101110,USR_4115,2025-02-06 13:12:00,694.69,Utility_Bills,DEV_IN_XRN13_025,Xiaomi Redmi Note 13,Bengaluru,12.9716,77.5946,4590.08,15048.04,-0.259,0.15,1,1,137.4333,0.0,0.0,0,0,0.0,0.0,0,0,normal_routine,0
TXN_UPI_103493,USR_4168,2025-02-06 13:12:00,501.78,Food_Dining,DEV_IN_XRN13_078,Xiaomi Redmi Note 13,Pune,18.5204,73.8567,5097.31,11597.99,-0.396,0.1,1,1,71.8667,0.0,0.0,0,0,0.0,0.0,0,0,normal_routine,0
TXN_UPI_102193,USR_4139,2025-02-06 13:14:00,243.37,Groceries_Daily,DEV_IN_OP12_049,OnePlus 12,Pune,18.5204,73.8567,4238.41,10066.19,-0.397,0.06,1,1,0.01,0.0,0.0,0,1,0.0,0.0,0,0,normal_routine,0
TXN_UPI_103585,USR_4170,2025-02-06 13:16:00,355.25,Food_Dining,DEV_IN_IPH15_080,iPhone 15,Chennai,13.0827,80.2707,7698.01,16846.2,-0.436,0.05,1,1,59.5333,0.0,0.0,0,0,0.0,0.0,0,0,normal_routine,0
TXN_UPI_100665,USR_4105,2025-02-06 13:18:00,132.37,Food_Dining,DEV_IN_SAMS23_015,Samsung Galaxy S23,Mumbai,19.076,72.8777,12044.8,22546.56,-0.528,0.01,1,1,71.4167,0.0,0.0,0,5,0.0,0.0,0,0,normal_routine,0
TXN_UPI_101833,USR_4131,2025-02-06 13:20:00,434.16,Groceries_Daily,DEV_IN_OP12_041,OnePlus 12,Bengaluru,12.9716,77.5946,8148.3,17932.88,-0.43,0.05,1,1,47.9667,0.0,0.0,0,0,0.0,0.0,0,0,normal_routine,0
TXN_UPI_101877,USR_4132,2025-02-06 13:29:00,241.78,Food_Dining,DEV_IN_OP12_042,OnePlus 12,Hyderabad,17.385,78.4867,1210.07,2387.13,-0.406,0.2,1,1,0.01,0.0,0.0,0,1,0.0,0.0,0,0,normal_routine,0
TXN_UPI_101341,USR_4120,2025-02-06 13:40:00,205.11,Food_Dining,DEV_IN_OP12_030,OnePlus 12,Kolkata,22.5726,88.3639,3879.33,10938.3,-0.336,0.05,1,1,0.01,0.0,0.0,0,1,0.0,0.0,0,0,normal_routine,0
TXN_UPI_102458,USR_4145,2025-02-06 13:41:00,319.76,Groceries_Daily,DEV_IN_SAMS23_055,Samsung Galaxy S23,Mumbai,19.076,72.8777,11218.97,21422.8,-0.509,0.03,1,1,120.2,0.0,0.0,0,0,0.0,0.0,0,0,normal_routine,0
TXN_UPI_101383,USR_4121,2025-02-06 13:44:00,67347.88,Electronics_Gadgets,DEV_IN_OP12_031,OnePlus 12,Kolkata,22.5726,88.3639,6873.47,16492.78,3.667,9.8,1,1,112.2333,0.0,0.0,0,3,0.0,0.0,0,0,benign_festive_spend,0
TXN_UPI_101878,USR_4132,2025-02-06 13:50:00,54776.54,P2P_Transfer,DEV_CLONE_41,Virtual Android,Lagos,6.5244,3.3792,1179.81,2355.56,22.753,46.43,0,0,0.35,8215.23,23472.08,0,2,3.0,5.79,1,1,impossible_travel_jump,1
TXN_UPI_103227,USR_4162,2025-02-06 13:58:00,665.2,Groceries_Daily,DEV_IN_XRN13_072,Xiaomi Redmi Note 13,Bengaluru,12.9716,77.5946,8839.37,18455.92,-0.443,0.08,1,1,0.01,0.0,0.0,0,1,0.0,0.0,0,0,normal_routine,0
TXN_UPI_101243,USR_4118,2025-02-06 16:56:00,14475.31,Travel_Ticketing,DEV_IN_IPH15_028,iPhone 15,Mumbai,19.076,72.8777,7056.29,15753.86,0.471,2.05,1,1,188.4667,621.46,3.3,0,0,0.0,0.0,0,0,benign_travel,0
TXN_UPI_102779,USR_4152,2025-02-06 18:02:00,169.65,Food_Dining,DEV_IN_OP12_062,OnePlus 12,Bengaluru,12.9716,77.5946,4911.95,10976.49,-0.432,0.03,1,1,0.01,0.0,0.0,0,1,0.0,0.0,0,0,normal_routine,0
TXN_UPI_100118,USR_4093,2025-02-06 18:05:00,219.78,Food_Dining,DEV_IN_IPH15_003,iPhone 15,Mumbai,19.076,72.8777,6252.73,14429.41,-0.418,0.04,1,1,32.6667,0.0,0.0,0,0,0.0,0.0,0,0,normal_routine,0
TXN_UPI_102284,USR_4141,2025-02-06 18:06:00,1172.68,P2P_Transfer,DEV_IN_OP12_051,OnePlus 12,Hyderabad,17.385,78.4867,6254.97,15729.15,-0.323,0.19,1,1,22.9667,621.46,27.06,0,2,0.0,0.0,0,0,normal_routine,0
TXN_UPI_100571,USR_4103,2025-02-06 18:14:00,299.97,Groceries_Daily,DEV_IN_SAMS23_013,Samsung Galaxy S23,Hyderabad,17.385,78.4867,9528.42,23124.97,-0.399,0.03,1,1,95.0833,0.0,0.0,0,0,0.0,0.0,0,0,normal_routine,0
TXN_UPI_103409,USR_4166,2025-02-06 18:17:00,1278.9,Utility_Bills,DEV_IN_SAMS23_076,Samsung Galaxy S23,Bengaluru,12.9716,77.5946,5599.25,15187.54,-0.284,0.23,1,1,45.5667,0.0,0.0,0,2,0.0,0.0,0,0,normal_routine,0
TXN_UPI_100394,USR_4099,2025-02-06 18:29:00,35219.2,Electronics_Gadgets,DEV_IN_NEW_009,Samsung Galaxy S24,Mumbai,19.076,72.8777,5648.47,16148.79,1.831,6.24,0,1,0.01,0.0,0.0,0,3,0.0,0.0,0,0,benign_new_device,0
TXN_UPI_102736,USR_4151,2025-02-06 18:33:00,170.49,Food_Dining,DEV_IN_SAMS23_061,Samsung Galaxy S23,Bengaluru,12.9716,77.5946,7069.62,16937.44,-0.407,0.02,1,1,0.01,0.0,0.0,0,4,0.0,0.0,0,0,normal_routine,0
TXN_UPI_101426,USR_4122,2025-02-06 18:38:00,126.75,Groceries_Daily,DEV_IN_XRN13_032,Xiaomi Redmi Note 13,Delhi,28.6139,77.209,4938.41,11465.25,-0.42,0.03,1,1,0.01,0.0,0.0,0,1,0.0,0.0,0,0,normal_routine,0
TXN_UPI_103270,USR_4163,2025-02-06 19:04:00,23894.19,Electronics_Gadgets,DEV_IN_NEW_073,Samsung Galaxy S24,Chennai,13.0827,80.2707,6551.13,14503.53,1.196,3.65,0,1,129.3667,0.0,0.0,0,0,0.0,0.0,0,0,benign_new_device,0
TXN_UPI_102009,USR_4135,2025-02-06 19:08:00,1658.29,Utility_Bills,DEV_IN_OP12_045,OnePlus 12,Bengaluru,12.9716,77.5946,5634.24,15009.17,-0.265,0.29,1,1,48.7667,0.0,0.0,0,0,0.0,0.0,0,0,normal_routine,0
TXN_UPI_103502,USR_4168,2025-02-06 19:25:00,480.88,Utility_Bills,DEV_IN_XRN13_078,Xiaomi Redmi Note 13,Pune,18.5204,73.8567,7091.22,16445.03,-0.402,0.07,1,1,0.01,0.0,0.0,0,2,0.0,0.0,0,0,normal_routine,0
TXN_UPI_101476,USR_4123,2025-02-06 19:31:00,431.22,Food_Dining,DEV_IN_OP12_033,OnePlus 12,Chennai,13.0827,80.2707,2998.64,8452.64,-0.304,0.14,1,1,22.1,0.0,0.0,0,2,0.0,0.0,0,0,normal_routine,0
TXN_UPI_102871,USR_4154,2025-02-06 19:35:00,8701.3,Travel_Ticketing,DEV_IN_IPH15_064,iPhone 15,Mumbai,19.076,72.8777,7485.89,14840.14,0.082,1.16,1,1,23.85,1033.1,43.32,0,2,0.0,0.0,0,0,benign_travel,0
TXN_UPI_102233,USR_4140,2025-02-06 19:47:00,529.82,Groceries_Daily,DEV_IN_XRN13_050,Xiaomi Redmi Note 13,Chennai,13.0827,80.2707,3254.01,10169.13,-0.268,0.16,1,1,200.0333,0.0,0.0,0,0,0.0,0.0,0,0,normal_routine,0
TXN_UPI_102601,USR_4148,2025-02-06 19:47:00,547.38,P2P_Transfer,DEV_IN_XRN13_058,Xiaomi Redmi Note 13,Pune,18.5204,73.8567,7199.87,15449.77,-0.431,0.08,1,1,0.01,0.0,0.0,0,5,0.0,0.0,0,0,normal_routine,0
TXN_UPI_101428,USR_4122,2025-02-06 19:48:00,949.48,P2P_Transfer,DEV_IN_XRN13_032,Xiaomi Redmi Note 13,Delhi,28.6139,77.209,4644.73,11159.33,-0.331,0.2,1,1,0.01,0.0,0.0,0,1,0.0,0.0,0,0,normal_routine,0
TXN_UPI_100258,USR_4096,2025-02-06 19:55:00,1610.97,Utility_Bills,DEV_IN_SAMS23_006,Samsung Galaxy S23,Jaipur,26.9124,75.7873,2738.19,6060.85,-0.186,0.59,1,1,0.01,0.0,0.0,0,1,0.0,0.0,0,0,normal_routine,0
TXN_UPI_101199,USR_4117,2025-02-06 20:02:00,265.22,Groceries_Daily,DEV_IN_SAMS23_027,Samsung Galaxy S23,Kolkata,22.5726,88.3639,3599.01,8125.83,-0.41,0.07,1,1,198.8167,0.0,0.0,0,0,0.0,0.0,0,0,normal_routine,0
TXN_UPI_100975,USR_4112,2025-02-06 20:03:00,183.72,Food_Dining,DEV_IN_SAMS23_022,Samsung Galaxy S23,Hyderabad,17.385,78.4867,4127.82,13696.83,-0.288,0.04,1,1,166.1333,8215.23,49.45,0,0,0.0,0.0,0,0,normal_routine,0
TXN_UPI_100259,USR_4096,2025-02-06 20:10:00,243.09,Food_Dining,DEV_IN_SAMS23_006,Samsung Galaxy S23,Jaipur,26.9124,75.7873,2704.04,5971.44,-0.412,0.09,1,1,0.25,0.0,0.0,0,2,0.0,0.0,0,0,normal_routine,0
TXN_UPI_103138,USR_4160,2025-02-06 20:24:00,1749.58,Utility_Bills,DEV_IN_OP12_070,OnePlus 12,Chennai,13.0827,80.2707,6427.93,15228.58,-0.307,0.27,1,1,65.15,0.0,0.0,0,2,0.0,0.0,0,0,normal_routine,0
TXN_UPI_100122,USR_4093,2025-02-06 20:27:00,634.67,Utility_Bills,DEV_IN_IPH15_003,iPhone 15,Mumbai,19.076,72.8777,5535.25,13595.93,-0.36,0.11,1,1,47.2333,0.0,0.0,0,3,0.0,0.0,0,0,normal_routine,0
TXN_UPI_101918,USR_4133,2025-02-06 20:30:00,1203.38,Utility_Bills,DEV_IN_IPH15_043,iPhone 15,Delhi,28.6139,77.209,5065.65,14523.48,-0.266,0.24,1,1,66.1833,235.29,3.56,0,0,0.0,0.0,0,0,normal_routine,0
TXN_UPI_102866,USR_4154,2025-02-06 20:36:00,953.18,Utility_Bills,DEV_IN_IPH15_064,iPhone 15,Chennai,13.0827,80.2707,8352.37,15821.82,-0.468,0.11,1,1,96.15,0.0,0.0,0,0,0.0,0.0,0,0,normal_routine,0
TXN_UPI_101380,USR_4121,2025-02-06 20:46:00,732.49,P2P_Transfer,DEV_IN_OP12_031,OnePlus 12,Kolkata,22.5726,88.3639,5542.93,14330.59,-0.336,0.13,1,1,45.5167,0.0,0.0,0,0,0.0,0.0,0,0,normal_routine,0
TXN_UPI_102594,USR_4148,2025-02-06 20:47:00,974.41,Utility_Bills,DEV_IN_XRN13_058,Xiaomi Redmi Note 13,Pune,18.5204,73.8567,6895.1,16436.58,-0.36,0.14,1,1,222.8,0.0,0.0,0,0,0.0,0.0,0,0,normal_routine,0
TXN_UPI_103049,USR_4158,2025-02-06 20:55:00,1957.85,Utility_Bills,DEV_IN_SAMS23_068,Samsung Galaxy S23,Jaipur,26.9124,75.7873,6253.27,11895.65,-0.361,0.31,1,1,97.9,0.0,0.0,0,5,0.0,0.0,0,0,normal_routine,0
TXN_UPI_102413,USR_4144,2025-02-06 20:56:00,1373.41,P2P_Transfer,DEV_IN_OP12_054,OnePlus 12,Jaipur,26.9124,75.7873,4047.17,10072.56,-0.265,0.34,1,1,35.3333,0.0,0.0,0,0,0.0,0.0,0,0,normal_routine,0
TXN_UPI_100886,USR_4110,2025-02-06 21:00:00,71075.48,Food_Dining,DEV_IN_OP12_020,OnePlus 12,Jaipur,26.9124,75.7873,4490.61,12443.75,5.351,15.83,1,1,144.2333,0.0,0.0,0,0,0.0,0.0,0,0,benign_festive_spend,0
TXN_UPI_101964,USR_4134,2025-02-06 21:00:00,1465.54,Utility_Bills,DEV_IN_OP12_044,OnePlus 12,Chennai,13.0827,80.2707,9278.76,18436.14,-0.424,0.16,1,1,217.4167,0.0,0.0,0,0,0.0,0.0,0,0,normal_routine,0
TXN_UPI_100170,USR_4094,2025-02-06 21:02:00,752.73,P2P_Transfer,DEV_IN_SAMS23_004,Samsung Galaxy S23,Bengaluru,12.9716,77.5946,6499.58,17393.29,-0.33,0.12,1,1,0.01,0.0,0.0,0,1,0.0,0.0,0,0,normal_routine,0
TXN_UPI_100753,USR_4107,2025-02-06 21:09:00,381.33,Groceries_Daily,DEV_IN_OP12_017,OnePlus 12,Chennai,13.0827,80.2707,5243.96,12540.88,-0.388,0.07,1,1,119.3333,0.0,0.0,0,3,0.0,0.0,0,0,normal_routine,0
TXN_UPI_101738,USR_4129,2025-02-06 21:11:00,239.84,Food_Dining,DEV_IN_SAMS23_039,Samsung Galaxy S23,Bengaluru,12.9716,77.5946,4979.44,10742.09,-0.441,0.05,1,1,104.1667,0.0,0.0,0,0,0.0,0.0,0,0,normal_routine,0
TXN_UPI_101784,USR_4130,2025-02-06 21:12:00,896.77,P2P_Transfer,DEV_IN_SAMS23_040,Samsung Galaxy S23,Pune,18.5204,73.8567,6845.81,17228.59,-0.345,0.13,1,1,145.25,0.0,0.0,0,0,0.0,0.0,0,0,normal_routine,0
TXN_UPI_100839,USR_4109,2025-02-06 21:13:00,1687.77,P2P_Transfer,DEV_IN_IPH15_019,iPhone 15,Pune,18.5204,73.8567,9357.42,19299.4,-0.397,0.18,1,1,123.0833,0.0,0.0,0,0,0.0,0.0,0,0,normal_routine,0
TXN_UPI_101967,USR_4134,2025-02-06 21:20:00,207.58,Groceries_Daily,DEV_IN_OP12_044,OnePlus 12,Chennai,13.0827,80.2707,8469.57,17695.37,-0.467,0.02,1,1,23.9167,0.0,0.0,0,3,0.0,0.0,0,0,normal_routine,0
TXN_UPI_102643,USR_4149,2025-02-06 21:21:00,37210.44,Electronics_Gadgets,DEV_IN_SAMS23_059,Samsung Galaxy S23,Hyderabad,17.385,78.4867,5585.8,11765.29,2.688,6.66,1,1,0.01,520.05,52004.67,0,1,0.0,0.0,1,0,benign_festive_spend,0
TXN_UPI_101162,USR_4116,2025-02-06 21:27:00,468.92,Groceries_Daily,DEV_IN_OP12_026,OnePlus 12,Hyderabad,17.385,78.4867,7287.6,17677.44,-0.386,0.06,1,1,0.01,0.0,0.0,0,2,0.0,0.0,0,0,normal_routine,0
TXN_UPI_102058,USR_4136,2025-02-06 21:28:00,37082.75,Jewelry_Luxury,DEV_IN_SAMS23_046,Samsung Galaxy S23,Pune,18.5204,73.8567,1896.64,4569.29,7.701,19.55,1,1,13.0833,0.0,0.0,0,2,0.0,0.0,0,0,benign_festive_spend,0
TXN_UPI_100799,USR_4108,2025-02-06 21:33:00,1835.91,P2P_Transfer,DEV_IN_IPH15_018,iPhone 15,Delhi,28.6139,77.209,12228.05,19467.73,-0.534,0.15,1,1,0.01,0.0,0.0,0,1,0.0,0.0,0,0,normal_routine,0
TXN_UPI_102368,USR_4143,2025-02-06 21:39:00,806.12,P2P_Transfer,DEV_IN_XRN13_053,Xiaomi Redmi Note 13,Pune,18.5204,73.8567,3677.48,14071.22,-0.204,0.22,1,1,203.9333,0.0,0.0,0,0,0.0,0.0,0,0,normal_routine,0
TXN_UPI_101699,USR_4128,2025-02-06 21:40:00,32266.25,Electronics_Gadgets,DEV_IN_NEW_038,Samsung Galaxy S24,Bengaluru,12.9716,77.5946,4506.34,12522.3,2.217,7.16,0,1,26.6333,0.0,0.0,0,3,0.0,0.0,0,0,benign_new_device,0
TXN_UPI_100750,USR_4107,2025-02-06 21:44:00,665.19,Food_Dining,DEV_IN_OP12_017,OnePlus 12,Chennai,13.0827,80.2707,5669.87,13095.86,-0.382,0.12,1,1,73.2167,0.0,0.0,0,0,0.0,0.0,0,0,normal_routine,0
TXN_UPI_101205,USR_4117,2025-02-06 21:50:00,255.35,Food_Dining,DEV_IN_SAMS23_027,Samsung Galaxy S23,Kolkata,22.5726,88.3639,5318.38,11403.92,-0.444,0.05,1,1,10.7167,0.0,0.0,0,0,0.0,0.0,0,0,normal_routine,0
TXN_UPI_100255,USR_4096,2025-02-06 23:16:00,10759.89,Travel_Ticketing,DEV_IN_SAMS23_006,Samsung Galaxy S23,Goa,15.2993,74.124,1553.16,2944.54,3.127,6.93,1,1,146.2,1302.74,8.91,0,0,0.0,0.0,0,0,benign_travel,0
TXN_UPI_101295,USR_4119,2025-02-06 23:20:00,99.65,Gaming_Crypto,DEV_BOTNET_28,Automated Script Bot,Bengaluru,12.9716,77.5946,7378.96,16554.92,-0.44,0.01,0,1,0.01,0.0,0.0,0,15,0.0,0.0,0,1,credential_stuffing_burst,1
TXN_UPI_100755,USR_4107,2025-02-07 01:38:00,9660.38,Travel_Ticketing,DEV_IN_OP12_017,OnePlus 12,Mumbai,19.076,72.8777,4952.09,12222.35,0.385,1.95,1,1,0.01,1033.1,103309.85,1,1,0.0,0.0,1,0,benign_travel,0
TXN_UPI_103316,USR_4164,2025-02-07 01:41:00,66993.03,P2P_Transfer,DEV_ROGUE_EMU_73,Linux Cloud Emulator,Delhi,28.6139,77.209,8642.57,16695.84,3.495,7.75,0,1,22.8,0.0,0.0,1,0,1.5,2.6,0,1,hostile_account_takeover,1
TXN_UPI_103451,USR_4167,2025-02-07 02:19:00,17553.49,Travel_Ticketing,DEV_IN_XRN13_077,Xiaomi Redmi Note 13,Goa,15.2993,74.124,8160.6,16483.1,0.57,2.15,1,1,0.01,520.05,52004.67,1,1,0.0,0.0,1,0,benign_travel,0
TXN_UPI_103044,USR_4158,2025-02-07 03:36:00,5477.03,P2P_Transfer,DEV_IN_SAMS23_068,Samsung Galaxy S23,Jaipur,26.9124,75.7873,5573.92,11804.14,-0.008,0.98,1,1,197.8833,0.0,0.0,1,0,0.0,0.0,0,0,emergency_nocturnal_legit,0
TXN_UPI_103278,USR_4163,2025-02-07 03:49:00,5377.49,Food_Dining,DEV_IN_XRN13_073,Xiaomi Redmi Note 13,Chennai,13.0827,80.2707,5976.83,13362.52,-0.045,0.9,1,1,0.01,0.0,0.0,1,2,0.0,0.0,0,0,emergency_nocturnal_legit,0
TXN_UPI_101387,USR_4121,2025-02-07 04:37:00,4177.64,P2P_Transfer,DEV_IN_OP12_031,OnePlus 12,Kolkata,22.5726,88.3639,10865.42,21398.39,-0.313,0.38,1,1,26.3167,0.0,0.0,1,0,0.0,0.0,0,0,emergency_nocturnal_legit,0
TXN_UPI_103364,USR_4165,2025-02-07 08:05:00,581.62,Groceries_Daily,DEV_IN_IPH15_075,iPhone 15,Bengaluru,12.9716,77.5946,6606.32,18470.43,-0.326,0.09,1,1,59.1,0.0,0.0,0,2,0.0,0.0,0,0,normal_routine,0
TXN_UPI_103498,USR_4168,2025-02-07 08:19:00,705.64,Utility_Bills,DEV_IN_XRN13_078,Xiaomi Redmi Note 13,Pune,18.5204,73.8567,6746.68,16434.19,-0.368,0.1,1,1,46.5833,0.0,0.0,0,3,0.0,0.0,0,0,normal_routine,0
TXN_UPI_101924,USR_4133,2025-02-07 08:22:00,19874.6,Electronics_Gadgets,DEV_IN_NEW_043,iPhone 16 Pro,Delhi,28.6139,77.209,4278.94,13243.08,1.178,4.64,0,1,67.35,0.0,0.0,0,3,0.0,0.0,0,0,benign_new_device,0
TXN_UPI_100390,USR_4099,2025-02-07 08:23:00,2020.74,Utility_Bills,DEV_IN_XRN13_009,Xiaomi Redmi Note 13,Mumbai,19.076,72.8777,6275.66,17130.51,-0.248,0.32,1,1,82.9833,0.0,0.0,0,0,0.0,0.0,0,0,normal_routine,0
TXN_UPI_103323,USR_4164,2025-02-07 08:28:00,1298.41,Utility_Bills,DEV_IN_IPH15_074,iPhone 15,Delhi,28.6139,77.209,9289.6,18057.18,-0.443,0.14,1,1,0.01,0.0,0.0,0,5,0.0,0.0,0,0,normal_routine,0
TXN_UPI_102416,USR_4144,2025-02-07 08:35:00,503.64,Food_Dining,DEV_IN_OP12_054,OnePlus 12,Jaipur,26.9124,75.7873,3748.97,9598.52,-0.338,0.13,1,1,0.01,0.0,0.0,0,1,0.0,0.0,0,0,normal_routine,0
TXN_UPI_102640,USR_4149,2025-02-07 08:35:00,528.15,Gaming_Crypto,DEV_BURNER_58,Xiaomi Redmi 9A,Hyderabad,17.385,78.4867,5900.0,12301.6,-0.437,0.09,0,1,114.7333,0.0,0.0,0,0,0.0,0.0,0,1,stealth_micro_fraud,1
TXN_UPI_102240,USR_4140,2025-02-07 08:37:00,239.45,Food_Dining,DEV_IN_XRN13_050,Xiaomi Redmi Note 13,Chennai,13.0827,80.2707,2683.81,9131.88,-0.268,0.09,1,1,0.01,0.0,0.0,0,1,0.0,0.0,0,0,normal_routine,0
TXN_UPI_100484,USR_4101,2025-02-07 09:00:00,798.65,P2P_Transfer,DEV_IN_IPH15_011,iPhone 15,Mumbai,19.076,72.8777,8915.97,18158.46,-0.447,0.09,1,1,37.6333,0.0,0.0,0,3,0.0,0.0,0,0,normal_routine,0
TXN_UPI_101251,USR_4118,2025-02-07 09:13:00,519.78,Groceries_Daily,DEV_IN_IPH15_028,iPhone 15,Hyderabad,17.385,78.4867,5995.59,14144.06,-0.387,0.09,1,1,37.0833,0.0,0.0,0,2,0.0,0.0,0,0,normal_routine,0
TXN_UPI_101425,USR_4122,2025-02-07 09:38:00,250.09,Food_Dining,DEV_IN_XRN13_032,Xiaomi Redmi Note 13,Delhi,28.6139,77.209,5100.07,11627.58,-0.417,0.05,1,1,117.9333,0.0,0.0,0,0,0.0,0.0,0,0,normal_routine,0
TXN_UPI_100348,USR_4098,2025-02-07 09:46:00,2363.6,P2P_Transfer,DEV_BURNER_07,Xiaomi Redmi 9A,Hyderabad,17.385,78.4867,7992.67,18851.56,-0.299,0.3,0,1,158.0667,8215.23,51.97,0,0,0.0,0.0,0,1,stealth_micro_fraud,1
TXN_UPI_103182,USR_4161,2025-02-07 11:02:00,720.93,Food_Dining,DEV_IN_OP12_071,OnePlus 12,Kolkata,22.5726,88.3639,4800.92,15350.76,-0.266,0.15,1,1,95.6667,0.0,0.0,0,0,0.0,0.0,0,0,normal_routine,0
TXN_UPI_102463,USR_4145,2025-02-07 11:07:00,1125.13,Food_Dining,DEV_IN_SAMS23_055,Samsung Galaxy S23,Mumbai,19.076,72.8777,9537.1,20062.51,-0.419,0.12,1,1,0.01,0.0,0.0,0,1,0.0,0.0,0,0,normal_routine,0
TXN_UPI_103367,USR_4165,2025-02-07 11:23:00,349.27,Food_Dining,DEV_IN_IPH15_075,iPhone 15,Bengaluru,12.9716,77.5946,6099.32,17763.92,-0.324,0.06,1,1,0.01,0.0,0.0,0,1,0.0,0.0,0,0,normal_routine,0
TXN_UPI_102504,USR_4146,2025-02-07 11:27:00,66750.34,Jewelry_Luxury,DEV_IN_SAMS23_056,Samsung Galaxy S23,Hyderabad,17.385,78.4867,8254.79,20122.86,2.907,8.09,1,1,134.8667,0.0,0.0,0,0,0.0,0.0,0,0,benign_festive_spend,0
TXN_UPI_103406,USR_4166,2025-02-07 11:27:00,205.61,Food_Dining,DEV_IN_SAMS23_076,Samsung Galaxy S23,Bengaluru,12.9716,77.5946,6005.13,15868.72,-0.365,0.03,1,1,193.4667,0.0,0.0,0,0,0.0,0.0,0,0,normal_routine,0
TXN_UPI_101432,USR_4122,2025-02-07 11:44:00,197.97,Food_Dining,DEV_IN_XRN13_032,Xiaomi Redmi Note 13,Delhi,28.6139,77.209,4344.9,10572.46,-0.392,0.05,1,1,0.01,0.0,0.0,0,1,0.0,0.0,0,0,normal_routine,0
TXN_UPI_101116,USR_4115,2025-02-07 11:54:00,244.37,Groceries_Daily,DEV_IN_XRN13_025,Xiaomi Redmi Note 13,Bengaluru,12.9716,77.5946,3898.19,13782.78,-0.265,0.06,1,1,74.3167,0.0,0.0,0,3,0.0,0.0,0,0,normal_routine,0
TXN_UPI_100929,USR_4111,2025-02-07 13:02:00,657.87,Utility_Bills,DEV_IN_SAMS23_021,Samsung Galaxy S23,Hyderabad,17.385,78.4867,8887.78,19481.97,-0.422,0.07,1,1,75.6167,0.0,0.0,0,0,0.0,0.0,0,0,normal_routine,0
TXN_UPI_101021,USR_4113,2025-02-07 13:09:00,19755.67,Electronics_Gadgets,DEV_IN_OP12_023,OnePlus 12,Delhi,28.6139,77.209,6875.0,17180.05,0.75,2.87,1,1,111.95,0.0,0.0,0,0,0.0,0.0,0,0,benign_festive_spend,0
TXN_UPI_102100,USR_4137,2025-02-07 13:11:00,479.24,Utility_Bills,DEV_IN_OP12_047,OnePlus 12,Hyderabad,17.385,78.4867,16872.61,24957.35,-0.657,0.03,1,1,32.85,0.0,0.0,0,0,0.0,0.0,0,0,normal_routine,0
TXN_UPI_102061,USR_4136,2025-02-07 13:14:00,307.66,Groceries_Daily,DEV_IN_SAMS23_046,Samsung Galaxy S23,Pune,18.5204,73.8567,3029.69,7335.67,-0.371,0.1,1,1,0.01,0.0,0.0,0,1,0.0,0.0,0,0,normal_routine,0
TXN_UPI_101518,USR_4124,2025-02-07 13:20:00,161.33,Food_Dining,DEV_IN_IPH15_034,iPhone 15,Kolkata,22.5726,88.3639,9185.11,20233.93,-0.446,0.02,1,1,48.1,0.0,0.0,0,2,0.0,0.0,0,0,normal_routine,0
TXN_UPI_102776,USR_4152,2025-02-07 13:30:00,779.2,P2P_Transfer,DEV_IN_OP12_062,OnePlus 12,Bengaluru,12.9716,77.5946,3775.15,8308.82,-0.361,0.21,1,1,186.7,0.0,0.0,0,0,0.0,0.0,0,0,normal_routine,0
TXN_UPI_102422,USR_4144,2025-02-07 13:55:00,280.64,Groceries_Daily,DEV_IN_OP12_054,OnePlus 12,Jaipur,26.9124,75.7873,4431.72,11031.72,-0.376,0.06,1,1,0.01,0.0,0.0,0,1,0.0,0.0,0,0,normal_routine,0
TXN_UPI_102377,USR_4143,2025-02-07 16:25:00,16702.85,Travel_Ticketing,DEV_IN_XRN13_053,Xiaomi Redmi Note 13,Mumbai,19.076,72.8777,3069.45,12269.2,1.111,5.44,1,1,0.01,920.74,92074.24,0,2,0.0,0.0,1,0,benign_travel,0
TXN_UPI_101159,USR_4116,2025-02-07 18:02:00,2591.88,Utility_Bills,DEV_IN_OP12_026,OnePlus 12,Hyderabad,17.385,78.4867,7812.92,18372.12,-0.284,0.33,1,1,45.9333,0.0,0.0,0,0,0.0,0.0,0,0,normal_routine,0
TXN_UPI_100712,USR_4106,2025-02-07 18:07:00,668.06,Food_Dining,DEV_IN_OP12_016,OnePlus 12,Pune,18.5204,73.8567,1517.72,3318.47,-0.256,0.44,1,1,0.01,0.0,0.0,0,2,0.0,0.0,0,0,normal_routine,0
TXN_UPI_100261,USR_4096,2025-02-07 18:20:00,1085.33,Utility_Bills,DEV_IN_SAMS23_006,Samsung Galaxy S23,Jaipur,26.9124,75.7873,2575.47,5822.01,-0.256,0.42,1,1,0.01,0.0,0.0,0,4,0.0,0.0,0,0,normal_routine,0
TXN_UPI_100305,USR_4097,2025-02-07 18:20:00,1169.06,Utility_Bills,DEV_IN_XRN13_007,Xiaomi Redmi Note 13,Delhi,28.6139,77.209,6785.15,15436.19,-0.364,0.17,1,1,53.05,0.0,0.0,0,5,0.0,0.0,0,0,normal_routine,0
TXN_UPI_100082,USR_4092,2025-02-07 18:26:00,347.1,Groceries_Daily,DEV_IN_OP12_002,OnePlus 12,Kolkata,22.5726,88.3639,8346.55,19214.24,-0.416,0.04,1,1,0.01,0.0,0.0,0,1,0.0,0.0,0,0,normal_routine,0
TXN_UPI_101516,USR_4124,2025-02-07 18:26:00,399.54,Food_Dining,DEV_IN_IPH15_034,iPhone 15,Kolkata,22.5726,88.3639,9770.5,20765.91,-0.451,0.04,1,1,30.65,0.0,0.0,0,0,0.0,0.0,0,0,normal_routine,0
TXN_UPI_103317,USR_4164,2025-02-07 18:26:00,12611.97,Travel_Ticketing,DEV_IN_IPH15_074,iPhone 15,Goa,15.2993,74.124,10524.85,19391.95,0.108,1.2,1,1,16.75,1514.09,90.39,0,0,0.0,0.0,0,0,benign_travel,0
TXN_UPI_102552,USR_4147,2025-02-07 18:38:00,2765.03,Utility_Bills,DEV_IN_XRN13_057,Xiaomi Redmi Note 13,Pune,18.5204,73.8567,9186.56,19684.38,-0.326,0.3,1,1,0.01,0.0,0.0,0,1,0.0,0.0,0,0,normal_routine,0
TXN_UPI_103226,USR_4162,2025-02-07 18:38:00,1244.1,Utility_Bills,DEV_IN_XRN13_072,Xiaomi Redmi Note 13,Bengaluru,12.9716,77.5946,9092.55,18707.97,-0.42,0.14,1,1,45.9833,0.0,0.0,0,0,0.0,0.0,0,0,normal_routine,0
TXN_UPI_100119,USR_4093,2025-02-07 18:55:00,1482.06,Utility_Bills,DEV_IN_IPH15_003,iPhone 15,Mumbai,19.076,72.8777,6037.27,14213.56,-0.32,0.25,1,1,24.8333,0.0,0.0,0,0,0.0,0.0,0,0,normal_routine,0
TXN_UPI_102684,USR_4150,2025-02-07 19:05:00,27448.86,Electronics_Gadgets,DEV_IN_NEW_060,Samsung Galaxy S24,Mumbai,19.076,72.8777,6127.44,12326.85,1.73,4.48,0,1,125.1667,0.0,0.0,0,0,0.0,0.0,0,0,benign_new_device,0
TXN_UPI_100531,USR_4102,2025-02-07 19:11:00,268.71,Food_Dining,DEV_IN_SAMS23_012,Samsung Galaxy S23,Hyderabad,17.385,78.4867,8078.08,18348.85,-0.426,0.03,1,1,33.2833,0.0,0.0,0,2,0.0,0.0,0,0,normal_routine,0
TXN_UPI_102734,USR_4151,2025-02-07 19:11:00,1253.72,P2P_Transfer,DEV_IN_SAMS23_061,Samsung Galaxy S23,Bengaluru,12.9716,77.5946,7444.25,17372.37,-0.356,0.17,1,1,59.1667,0.0,0.0,0,2,0.0,0.0,0,0,normal_routine,0
TXN_UPI_103589,USR_4170,2025-02-07 19:14:00,468.48,Groceries_Daily,DEV_IN_IPH15_080,iPhone 15,Chennai,13.0827,80.2707,7376.86,15911.83,-0.434,0.06,1,1,106.4167,0.0,0.0,0,2,0.0,0.0,0,0,normal_routine,0
TXN_UPI_100848,USR_4109,2025-02-07 19:18:00,529.66,Utility_Bills,DEV_IN_IPH15_019,iPhone 15,Pune,18.5204,73.8567,7330.98,17179.47,-0.396,0.07,1,1,0.01,0.0,0.0,0,2,0.0,0.0,0,0,normal_routine,0
TXN_UPI_102957,USR_4156,2025-02-07 19:18:00,347.37,Groceries_Daily,DEV_IN_SAMS23_066,Samsung Galaxy S23,Jaipur,26.9124,75.7873,2062.45,4265.32,-0.402,0.17,1,1,0.01,0.0,0.0,0,1,0.0,0.0,0,0,normal_routine,0
TXN_UPI_101023,USR_4113,2025-02-07 19:19:00,3439.86,Utility_Bills,DEV_IN_OP12_023,OnePlus 12,Delhi,28.6139,77.209,7089.44,16821.94,-0.217,0.49,1,1,103.4,0.0,0.0,0,0,0.0,0.0,0,0,normal_routine,0
TXN_UPI_100931,USR_4111,2025-02-07 19:21:00,383.16,Food_Dining,DEV_IN_SAMS23_021,Samsung Galaxy S23,Hyderabad,17.385,78.4867,8620.0,18879.39,-0.436,0.04,1,1,119.9333,520.05,4.34,0,0,0.0,0.0,0,0,normal_routine,0
TXN_UPI_100977,USR_4112,2025-02-07 19:21:00,770.55,P2P_Transfer,DEV_IN_SAMS23_022,Samsung Galaxy S23,Hyderabad,17.385,78.4867,3883.92,13280.21,-0.234,0.2,1,1,0.01,0.0,0.0,0,1,0.0,0.0,0,0,normal_routine,0
TXN_UPI_101253,USR_4118,2025-02-07 19:21:00,709.09,Utility_Bills,DEV_IN_IPH15_028,iPhone 15,Hyderabad,17.385,78.4867,5691.65,13815.15,-0.361,0.12,1,1,0.01,0.0,0.0,0,1,0.0,0.0,0,0,normal_routine,0
TXN_UPI_102735,USR_4151,2025-02-07 19:21:00,522.88,Food_Dining,DEV_IN_SAMS23_061,Samsung Galaxy S23,Bengaluru,12.9716,77.5946,7262.18,17146.91,-0.393,0.07,1,1,0.1667,0.0,0.0,0,3,0.0,0.0,0,0,normal_routine,0
TXN_UPI_103275,USR_4163,2025-02-07 19:30:00,335.98,Food_Dining,DEV_IN_XRN13_073,Xiaomi Redmi Note 13,Chennai,13.0827,80.2707,6450.25,13839.86,-0.442,0.05,1,1,0.01,0.0,0.0,0,1,0.0,0.0,0,0,normal_routine,0
TXN_UPI_103090,USR_4159,2025-02-07 19:31:00,491.8,Groceries_Daily,DEV_IN_XRN13_069,Xiaomi Redmi Note 13,Delhi,28.6139,77.209,5668.48,14139.29,-0.366,0.09,1,1,142.4,0.0,0.0,0,0,0.0,0.0,0,0,normal_routine,0
TXN_UPI_101248,USR_4118,2025-02-07 19:32:00,1254.76,Utility_Bills,DEV_IN_IPH15_028,iPhone 15,Hyderabad,17.385,78.4867,6476.79,14700.05,-0.355,0.19,1,1,94.1333,0.0,0.0,0,2,0.0,0.0,0,0,normal_routine,0
TXN_UPI_100616,USR_4104,2025-02-07 19:55:00,240.39,Food_Dining,DEV_IN_OP12_014,OnePlus 12,Mumbai,19.076,72.8777,12820.02,22488.5,-0.559,0.02,1,1,119.1667,0.0,0.0,0,0,0.0,0.0,0,0,normal_routine,0
TXN_UPI_100212,USR_4095,2025-02-07 20:00:00,214.62,Food_Dining,DEV_IN_IPH15_005,iPhone 15,Kolkata,22.5726,88.3639,12997.57,23399.0,-0.546,0.02,1,1,0.01,0.0,0.0,0,1,0.0,0.0,0,0,normal_routine,0
TXN_UPI_102551,USR_4147,2025-02-07 20:13:00,2376.77,Utility_Bills,DEV_IN_XRN13_057,Xiaomi Redmi Note 13,Pune,18.5204,73.8567,9413.55,19969.81,-0.352,0.25,1,1,168.7,0.0,0.0,0,0,0.0,0.0,0,0,normal_routine,0
TXN_UPI_102648,USR_4149,2025-02-07 20:14:00,1056.95,Utility_Bills,DEV_IN_SAMS23_059,Samsung Galaxy S23,Hyderabad,17.385,78.4867,5893.13,12224.81,-0.396,0.18,1,1,0.01,0.0,0.0,0,1,0.0,0.0,0,0,normal_routine,0
TXN_UPI_102600,USR_4148,2025-02-07 20:18:00,940.55,Utility_Bills,DEV_IN_XRN13_058,Xiaomi Redmi Note 13,Pune,18.5204,73.8567,7383.97,15637.44,-0.412,0.13,1,1,58.5,0.0,0.0,0,4,0.0,0.0,0,0,normal_routine,0
TXN_UPI_103495,USR_4168,2025-02-07 20:20:00,992.69,Utility_Bills,DEV_IN_XRN13_078,Xiaomi Redmi Note 13,Pune,18.5204,73.8567,7381.09,17138.3,-0.373,0.13,1,1,199.0333,0.0,0.0,0,0,0.0,0.0,0,0,normal_routine,0
TXN_UPI_102371,USR_4143,2025-02-07 20:22:00,407.56,Food_Dining,DEV_IN_XRN13_053,Xiaomi Redmi Note 13,Pune,18.5204,73.8567,3401.77,13374.9,-0.224,0.12,1,1,102.8667,0.0,0.0,0,0,0.0,0.0,0,0,normal_routine,0
TXN_UPI_101207,USR_4117,2025-02-07 20:27:00,1484.95,P2P_Transfer,DEV_IN_SAMS23_027,Samsung Galaxy S23,Kolkata,22.5726,88.3639,5058.47,11134.68,-0.321,0.29,1,1,0.01,0.0,0.0,0,1,0.0,0.0,0,0,normal_routine,0
TXN_UPI_103499,USR_4168,2025-02-07 20:27:00,128.55,Groceries_Daily,DEV_IN_XRN13_078,Xiaomi Redmi Note 13,Pune,18.5204,73.8567,6563.62,16216.37,-0.397,0.02,1,1,12.1333,0.0,0.0,0,4,0.0,0.0,0,0,normal_routine,0
TXN_UPI_102820,USR_4153,2025-02-07 20:31:00,334.59,Groceries_Daily,DEV_IN_XRN13_063,Xiaomi Redmi Note 13,Mumbai,19.076,72.8777,5777.18,14734.98,-0.369,0.06,1,1,95.1333,0.0,0.0,0,0,0.0,0.0,0,0,normal_routine,0
TXN_UPI_103450,USR_4167,2025-02-07 20:32:00,204.38,Food_Dining,DEV_IN_XRN13_077,Xiaomi Redmi Note 13,Hyderabad,17.385,78.4867,8434.95,16697.4,-0.493,0.02,1,1,156.0167,0.0,0.0,0,0,0.0,0.0,0,0,normal_routine,0
TXN_UPI_102287,USR_4141,2025-02-07 20:38:00,336.99,Food_Dining,DEV_IN_OP12_051,OnePlus 12,Hyderabad,17.385,78.4867,5815.86,15129.83,-0.362,0.06,1,1,0.01,0.0,0.0,0,5,0.0,0.0,0,0,normal_routine,0
TXN_UPI_101925,USR_4133,2025-02-07 20:54:00,334.26,Groceries_Daily,DEV_IN_IPH15_043,iPhone 15,Delhi,28.6139,77.209,4737.64,13310.3,-0.331,0.07,1,1,12.5333,0.0,0.0,0,4,0.0,0.0,0,0,normal_routine,0
TXN_UPI_101567,USR_4125,2025-02-07 21:04:00,749.0,P2P_Transfer,DEV_IN_OP12_035,OnePlus 12,Pune,18.5204,73.8567,4808.37,13781.09,-0.295,0.16,1,1,0.01,0.0,0.0,0,3,0.0,0.0,0,0,normal_routine,0
TXN_UPI_100083,USR_4092,2025-02-07 21:12:00,1064.27,P2P_Transfer,DEV_IN_OP12_002,OnePlus 12,Kolkata,22.5726,88.3639,8130.35,18997.15,-0.372,0.13,1,1,2.7667,0.0,0.0,0,2,0.0,0.0,0,0,normal_routine,0
TXN_UPI_102466,USR_4145,2025-02-07 21:19:00,1708.15,Electronics_Gadgets,DEV_IN_NEW_055,Samsung Galaxy S24,Mumbai,19.076,72.8777,8763.22,19349.64,-0.365,0.19,0,1,0.01,0.0,0.0,0,2,0.0,0.0,0,0,benign_new_device,0
TXN_UPI_100660,USR_4105,2025-02-07 21:29:00,1060.52,Utility_Bills,DEV_IN_SAMS23_015,Samsung Galaxy S23,Mumbai,19.076,72.8777,13915.89,23920.16,-0.537,0.08,1,1,131.9667,0.0,0.0,0,0,0.0,0.0,0,0,normal_routine,0
TXN_UPI_102962,USR_4156,2025-02-07 21:40:00,1206.64,Utility_Bills,DEV_IN_SAMS23_066,Samsung Galaxy S23,Jaipur,26.9124,75.7873,4112.87,10275.26,-0.283,0.29,1,1,0.01,0.0,0.0,0,1,0.0,0.0,0,0,normal_routine,0
TXN_UPI_102958,USR_4156,2025-02-07 21:42:00,214.37,Food_Dining,DEV_IN_SAMS23_066,Samsung Galaxy S23,Jaipur,26.9124,75.7873,2008.85,4208.74,-0.426,0.11,1,1,2.4,0.0,0.0,0,2,0.0,0.0,0,0,normal_routine,0
TXN_UPI_100079,USR_4092,2025-02-07 21:44:00,222.06,Food_Dining,DEV_IN_OP12_002,OnePlus 12,Kolkata,22.5726,88.3639,8990.85,19942.77,-0.44,0.02,1,1,0.01,0.0,0.0,0,1,0.0,0.0,0,0,normal_routine,0
TXN_UPI_100486,USR_4101,2025-02-07 23:25:00,9835.84,Travel_Ticketing,DEV_IN_IPH15_011,iPhone 15,Goa,15.2993,74.124,8439.2,17738.14,0.079,1.17,1,1,0.01,440.32,44031.54,0,1,0.0,0.0,1,0,benign_travel,0
TXN_UPI_100938,USR_4111,2025-02-07 23:58:00,211.44,Gaming_Crypto,DEV_BOTNET_20,Automated Script Bot,Hyderabad,17.385,78.4867,9192.07,19985.79,-0.449,0.02,0,1,0.01,0.0,0.0,0,12,0.0,0.0,0,1,credential_stuffing_burst,1
TXN_UPI_102105,USR_4137,2025-02-08 01:03:00,4730.74,Food_Dining,DEV_IN_OP12_047,OnePlus 12,Hyderabad,17.385,78.4867,14475.11,23761.78,-0.41,0.33,1,1,0.01,0.0,0.0,1,1,0.0,0.0,0,0,emergency_nocturnal_legit,0
TXN_UPI_100704,USR_4106,2025-02-08 01:15:00,3738.47,Travel_Ticketing,DEV_IN_OP12_016,OnePlus 12,Jaipur,26.9124,75.7873,1626.84,3680.43,0.574,2.3,1,1,149.6167,953.87,6.38,1,0,0.0,0.0,0,0,benign_travel,0
TXN_UPI_102915,USR_4155,2025-02-08 02:54:00,188.2,Gaming_Crypto,DEV_BOTNET_64,Automated Script Bot,Hyderabad,17.385,78.4867,3898.43,11621.76,-0.319,0.05,0,1,0.01,0.0,0.0,1,10,1.5,0.11,0,1,credential_stuffing_burst,1
TXN_UPI_101702,USR_4128,2025-02-08 03:00:00,3974.2,Utility_Bills,DEV_IN_SAMS23_038,Samsung Galaxy S23,Bengaluru,12.9716,77.5946,5052.91,12874.61,-0.084,0.79,1,1,0.01,0.0,0.0,1,1,0.0,0.0,0,0,emergency_nocturnal_legit,0
TXN_UPI_100803,USR_4108,2025-02-08 04:39:00,1352.31,Food_Dining,DEV_IN_IPH15_018,iPhone 15,Delhi,28.6139,77.209,12187.1,19339.99,-0.56,0.11,1,1,0.01,8084.29,808429.48,1,2,0.0,0.0,1,0,emergency_nocturnal_legit,0
TXN_UPI_100435,USR_4100,2025-02-08 08:08:00,276.64,Food_Dining,DEV_IN_OP12_010,OnePlus 12,Pune,18.5204,73.8567,5701.49,15223.43,-0.356,0.05,1,1,131.3167,0.0,0.0,0,0,0.0,0.0,0,0,normal_routine,0
TXN_UPI_100621,USR_4104,2025-02-08 08:45:00,344.63,Groceries_Daily,DEV_IN_OP12_014,OnePlus 12,Mumbai,19.076,72.8777,11057.46,21263.68,-0.504,0.03,1,1,0.01,0.0,0.0,0,1,0.0,0.0,0,0,normal_routine,0
TXN_UPI_100211,USR_4095,2025-02-08 08:54:00,284.83,Groceries_Daily,DEV_IN_IPH15_005,iPhone 15,Kolkata,22.5726,88.3639,13421.33,23668.48,-0.555,0.02,1,1,157.85,0.0,0.0,0,0,0.0,0.0,0,0,normal_routine,0
TXN_UPI_101612,USR_4126,2025-02-08 09:03:00,4915.7,Groceries_Daily,DEV_IN_NEW_036,Samsung Galaxy S24,Chennai,13.0827,80.2707,8853.11,21148.11,-0.186,0.56,0,1,45.8833,0.0,0.0,0,3,0.0,0.0,0,0,benign_new_device,0
TXN_UPI_102597,USR_4148,2025-02-08 09:09:00,30948.27,Jewelry_Luxury,DEV_IN_XRN13_058,Xiaomi Redmi Note 13,Pune,18.5204,73.8567,7065.68,15721.11,1.519,4.38,1,1,0.01,0.0,0.0,0,1,0.0,0.0,0,0,benign_festive_spend,0
TXN_UPI_100620,USR_4104,2025-02-08 09:10:00,152.12,Groceries_Daily,DEV_IN_OP12_014,OnePlus 12,Mumbai,19.076,72.8777,11378.21,21490.5,-0.522,0.01,1,1,120.0667,0.0,0.0,0,0,0.0,0.0,0,0,normal_routine,0
TXN_UPI_103547,USR_4169,2025-02-08 09:12:00,319.21,Food_Dining,DEV_IN_IPH15_079,iPhone 15,Kolkata,22.5726,88.3639,8712.3,17439.87,-0.481,0.04,1,1,0.01,1357.77,135777.42,0,1,0.0,0.0,1,0,normal_routine,0
TXN_UPI_102778,USR_4152,2025-02-08 09:17:00,387.5,Groceries_Daily,DEV_IN_OP12_062,OnePlus 12,Bengaluru,12.9716,77.5946,5053.34,11117.04,-0.42,0.08,1,1,96.4667,0.0,0.0,0,0,0.0,0.0,0,0,normal_routine,0
TXN_UPI_103501,USR_4168,2025-02-08 09:26:00,38027.26,Groceries_Daily,DEV_IN_NEW_078,Samsung Galaxy S24,Pune,18.5204,73.8567,6207.33,15812.67,2.012,6.13,0,1,0.01,0.0,0.0,0,1,0.0,0.0,0,0,benign_new_device,0
TXN_UPI_101655,USR_4127,2025-02-08 09:28:00,642.03,Utility_Bills,DEV_IN_XRN13_037,Xiaomi Redmi Note 13,Mumbai,19.076,72.8777,12659.27,25078.67,-0.479,0.05,1,1,0.01,0.0,0.0,0,1,0.0,0.0,0,0,normal_routine,0
TXN_UPI_103411,USR_4166,2025-02-08 09:34:00,1350.92,Utility_Bills,DEV_IN_SAMS23_076,Samsung Galaxy S23,Bengaluru,12.9716,77.5946,5325.48,14789.52,-0.269,0.25,1,1,0.01,0.0,0.0,0,1,0.0,0.0,0,0,normal_routine,0
TXN_UPI_103001,USR_4157,2025-02-08 09:38:00,463.72,P2P_Transfer,DEV_IN_SAMS23_067,Samsung Galaxy S23,Jaipur,26.9124,75.7873,8835.25,18418.41,-0.455,0.05,1,1,158.3667,0.0,0.0,0,0,0.0,0.0,0,0,normal_routine,0
TXN_UPI_102415,USR_4144,2025-02-08 09:39:00,1398.64,Utility_Bills,DEV_IN_OP12_054,OnePlus 12,Jaipur,26.9124,75.7873,3830.01,9752.52,-0.249,0.37,1,1,203.8,0.0,0.0,0,0,0.0,0.0,0,0,normal_routine,0
TXN_UPI_102960,USR_4156,2025-02-08 09:45:00,52727.62,Food_Dining,DEV_IN_SAMS23_066,Samsung Galaxy S23,Jaipur,26.9124,75.7873,1905.32,4104.03,12.384,27.67,1,1,46.3333,0.0,0.0,0,4,0.0,0.0,0,0,benign_festive_spend,0
TXN_UPI_101839,USR_4131,2025-02-08 09:52:00,1564.14,P2P_Transfer,DEV_IN_OP12_041,OnePlus 12,Bengaluru,12.9716,77.5946,9774.7,19780.48,-0.415,0.16,1,1,0.01,0.0,0.0,0,3,0.0,0.0,0,0,normal_routine,0
TXN_UPI_101658,USR_4127,2025-02-08 09:57:00,1688.43,Utility_Bills,DEV_IN_XRN13_037,Xiaomi Redmi Note 13,Mumbai,19.076,72.8777,11675.59,24267.56,-0.412,0.14,1,1,0.01,0.0,0.0,0,1,0.0,0.0,0,0,normal_routine,0
TXN_UPI_100214,USR_4095,2025-02-08 11:00:00,32388.58,Jewelry_Luxury,DEV_IN_IPH15_005,iPhone 15,Kolkata,22.5726,88.3639,12242.18,22873.16,0.881,2.65,1,1,146.7167,0.0,0.0,0,0,0.0,0.0,0,0,benign_festive_spend,0
TXN_UPI_100030,USR_4091,2025-02-08 11:23:00,1141.6,Utility_Bills,DEV_IN_IPH15_001,iPhone 15,Bengaluru,12.9716,77.5946,7161.72,19169.14,-0.314,0.16,1,1,213.5167,0.0,0.0,0,0,0.0,0.0,0,0,normal_routine,0
TXN_UPI_101560,USR_4125,2025-02-08 11:23:00,300.09,Food_Dining,DEV_IN_OP12_035,OnePlus 12,Pune,18.5204,73.8567,5864.93,15165.43,-0.367,0.05,1,1,238.3667,0.0,0.0,0,0,0.0,0.0,0,0,normal_routine,0
TXN_UPI_102914,USR_4155,2025-02-08 11:29:00,1073.12,P2P_Transfer,DEV_IN_SAMS23_065,Samsung Galaxy S23,Hyderabad,17.385,78.4867,3984.05,11785.96,-0.247,0.27,1,1,0.01,0.0,0.0,0,1,0.0,0.0,0,0,normal_routine,0
TXN_UPI_102512,USR_4146,2025-02-08 11:31:00,350.11,Groceries_Daily,DEV_IN_SAMS23_056,Samsung Galaxy S23,Hyderabad,17.385,78.4867,11284.44,22867.91,-0.478,0.03,1,1,0.01,0.0,0.0,0,1,0.0,0.0,0,0,normal_routine,0
TXN_UPI_100979,USR_4112,2025-02-08 11:38:00,643.43,P2P_Transfer,DEV_IN_SAMS23_022,Samsung Galaxy S23,Hyderabad,17.385,78.4867,3683.75,12895.67,-0.236,0.17,1,1,0.01,0.0,0.0,0,1,0.0,0.0,0,0,normal_routine,0
TXN_UPI_100804,USR_4108,2025-02-08 11:43:00,1461.49,P2P_Transfer,DEV_IN_IPH15_018,iPhone 15,Delhi,28.6139,77.209,11901.98,19162.47,-0.545,0.12,1,1,7.0667,0.0,0.0,0,3,0.0,0.0,0,0,normal_routine,0
TXN_UPI_102553,USR_4147,2025-02-08 11:43:00,269.28,Groceries_Daily,DEV_IN_XRN13_057,Xiaomi Redmi Note 13,Pune,18.5204,73.8567,8985.89,19406.56,-0.449,0.03,1,1,17.0833,0.0,0.0,0,0,0.0,0.0,0,0,normal_routine,0
TXN_UPI_101472,USR_4123,2025-02-08 11:56:00,881.94,P2P_Transfer,DEV_IN_OP12_033,OnePlus 12,Chennai,13.0827,80.2707,3293.96,8936.93,-0.27,0.27,1,1,98.4,0.0,0.0,0,0,0.0,0.0,0,0,normal_routine,0
TXN_UPI_100891,USR_4110,2025-02-08 13:00:00,284.09,Groceries_Daily,DEV_IN_OP12_020,OnePlus 12,Jaipur,26.9124,75.7873,6153.74,16052.93,-0.366,0.05,1,1,0.01,0.0,0.0,0,1,0.0,0.0,0,0,normal_routine,0
TXN_UPI_101837,USR_4131,2025-02-08 13:11:00,705.36,Groceries_Daily,DEV_IN_OP12_041,OnePlus 12,Bengaluru,12.9716,77.5946,10282.88,20201.42,-0.474,0.07,1,1,0.01,0.0,0.0,0,1,0.0,0.0,0,0,normal_routine,0
TXN_UPI_101926,USR_4133,2025-02-08 13:12:00,2007.64,Gaming_Crypto,DEV_BURNER_42,Realme C11,Delhi,28.6139,77.209,4611.83,13139.27,-0.198,0.44,0,1,16.3,0.0,0.0,0,5,0.0,0.0,0,1,stealth_micro_fraud,1
TXN_UPI_100128,USR_4093,2025-02-08 13:14:00,100.74,Food_Dining,DEV_IN_IPH15_003,iPhone 15,Mumbai,19.076,72.8777,5499.24,13168.55,-0.41,0.02,1,1,52.4167,0.0,0.0,0,2,0.0,0.0,0,0,normal_routine,0
TXN_UPI_100527,USR_4102,2025-02-08 13:21:00,218.42,Food_Dining,DEV_IN_SAMS23_012,Samsung Galaxy S23,Hyderabad,17.385,78.4867,6730.34,15911.17,-0.409,0.03,1,1,89.2833,0.0,0.0,0,0,0.0,0.0,0,0,normal_routine,0
TXN_UPI_101291,USR_4119,2025-02-08 13:21:00,1563.65,Utility_Bills,DEV_IN_OP12_029,OnePlus 12,Bengaluru,12.9716,77.5946,8266.74,17431.95,-0.385,0.19,1,1,185.6,0.0,0.0,0,0,0.0,0.0,0,0,normal_routine,0
TXN_UPI_101164,USR_4116,2025-02-08 13:23:00,195.54,Food_Dining,DEV_IN_OP12_026,OnePlus 12,Hyderabad,17.385,78.4867,6934.41,17271.11,-0.39,0.03,1,1,0.01,0.0,0.0,0,4,0.0,0.0,0,0,normal_routine,0
TXN_UPI_100845,USR_4109,2025-02-08 13:24:00,763.38,P2P_Transfer,DEV_IN_IPH15_019,iPhone 15,Pune,18.5204,73.8567,7946.98,17790.1,-0.404,0.1,1,1,81.8667,0.0,0.0,0,3,0.0,0.0,0,0,normal_routine,0
TXN_UPI_101922,USR_4133,2025-02-08 13:25:00,921.28,P2P_Transfer,DEV_IN_IPH15_043,iPhone 15,Delhi,28.6139,77.209,4510.07,13631.18,-0.263,0.2,1,1,0.01,0.0,0.0,0,1,0.0,0.0,0,0,normal_routine,0
TXN_UPI_100711,USR_4106,2025-02-08 13:33:00,209.62,Groceries_Daily,DEV_IN_OP12_016,OnePlus 12,Pune,18.5204,73.8567,1555.1,3358.06,-0.401,0.13,1,1,0.01,120.15,12015.23,0,1,0.0,0.0,1,0,normal_routine,0
TXN_UPI_101112,USR_4115,2025-02-08 13:36:00,116.84,Food_Dining,DEV_IN_XRN13_025,Xiaomi Redmi Note 13,Bengaluru,12.9716,77.5946,4326.93,14589.06,-0.289,0.03,1,1,97.8833,0.0,0.0,0,0,0.0,0.0,0,0,normal_routine,0
TXN_UPI_103271,USR_4163,2025-02-08 13:36:00,1925.48,P2P_Transfer,DEV_IN_XRN13_073,Xiaomi Redmi Note 13,Chennai,13.0827,80.2707,7129.23,14595.63,-0.357,0.27,1,1,42.5333,0.0,0.0,0,0,0.0,0.0,0,0,normal_routine,0
TXN_UPI_102376,USR_4143,2025-02-08 16:03:00,6625.62,Travel_Ticketing,DEV_IN_XRN13_053,Xiaomi Redmi Note 13,Jaipur,26.9124,75.7873,2967.84,12428.3,0.294,2.23,1,1,0.01,953.87,95387.07,0,1,0.0,0.0,1,0,benign_travel,0
TXN_UPI_103587,USR_4170,2025-02-08 16:41:00,12619.43,Travel_Ticketing,DEV_IN_IPH15_080,iPhone 15,Jaipur,26.9124,75.7873,7423.19,16346.05,0.318,1.7,1,1,191.7833,920.74,4.8,0,0,0.0,0.0,0,0,benign_travel,0
TXN_UPI_103541,USR_4169,2025-02-08 18:01:00,2431.03,Travel_Ticketing,DEV_IN_IPH15_079,iPhone 15,Goa,15.2993,74.124,6531.92,15415.98,-0.266,0.37,1,1,70.6667,1700.57,24.06,0,0,0.0,0.0,0,0,benign_travel,0
TXN_UPI_101477,USR_4123,2025-02-08 18:04:00,875.55,P2P_Transfer,DEV_IN_OP12_033,OnePlus 12,Chennai,13.0827,80.2707,2927.32,8345.09,-0.246,0.3,1,1,46.55,0.0,0.0,0,3,0.0,0.0,0,0,normal_routine,0
TXN_UPI_102867,USR_4154,2025-02-08 18:15:00,7952.13,Electronics_Gadgets,DEV_IN_NEW_064,iPhone 16 Pro,Chennai,13.0827,80.2707,8113.68,15619.35,-0.01,0.98,0,1,45.65,0.0,0.0,0,0,0.0,0.0,0,0,benign_new_device,0
TXN_UPI_101928,USR_4133,2025-02-08 18:16:00,1658.36,Utility_Bills,DEV_IN_IPH15_043,iPhone 15,Delhi,28.6139,77.209,4426.44,12804.17,-0.216,0.37,1,1,0.01,0.0,0.0,0,7,0.0,0.0,0,0,normal_routine,0
TXN_UPI_102013,USR_4135,2025-02-08 18:23:00,788.91,P2P_Transfer,DEV_IN_OP12_045,OnePlus 12,Bengaluru,12.9716,77.5946,5066.54,14122.47,-0.303,0.16,1,1,0.01,0.0,0.0,0,1,0.0,0.0,0,0,normal_routine,0
TXN_UPI_101389,USR_4121,2025-02-08 18:48:00,11639.24,Travel_Ticketing,DEV_IN_OP12_031,OnePlus 12,Mumbai,19.076,72.8777,10410.83,20921.56,0.059,1.12,1,1,0.01,1654.84,165483.91,0,1,0.0,0.0,1,0,benign_travel,0
TXN_UPI_101562,USR_4125,2025-02-08 18:49:00,1215.36,Utility_Bills,DEV_IN_OP12_035,OnePlus 12,Pune,18.5204,73.8567,5503.74,14732.42,-0.291,0.22,1,1,118.2833,0.0,0.0,0,0,0.0,0.0,0,0,normal_routine,0
TXN_UPI_102510,USR_4146,2025-02-08 18:51:00,213.94,Food_Dining,DEV_IN_SAMS23_056,Samsung Galaxy S23,Hyderabad,17.385,78.4867,11921.94,23374.86,-0.501,0.02,1,1,0.01,0.0,0.0,0,1,0.0,0.0,0,0,normal_routine,0
TXN_UPI_102911,USR_4155,2025-02-08 18:52:00,491.62,Food_Dining,DEV_IN_SAMS23_065,Samsung Galaxy S23,Hyderabad,17.385,78.4867,4336.48,12305.69,-0.312,0.11,1,1,221.4333,0.0,0.0,0,0,0.0,0.0,0,0,normal_routine,0
TXN_UPI_101344,USR_4120,2025-02-08 18:55:00,146.09,Groceries_Daily,DEV_IN_OP12_030,OnePlus 12,Kolkata,22.5726,88.3639,5630.51,15719.58,-0.349,0.03,1,1,0.01,0.0,0.0,0,2,0.0,0.0,0,0,normal_routine,0
TXN_UPI_102152,USR_4138,2025-02-08 19:00:00,624.65,Utility_Bills,DEV_IN_IPH15_048,iPhone 15,Delhi,28.6139,77.209,7285.04,16173.45,-0.412,0.09,1,1,0.01,0.0,0.0,0,1,0.0,0.0,0,0,normal_routine,0
TXN_UPI_101523,USR_4124,2025-02-08 19:05:00,431.35,Food_Dining,DEV_IN_IPH15_034,iPhone 15,Kolkata,22.5726,88.3639,9025.21,19628.14,-0.438,0.05,1,1,0.01,0.0,0.0,0,4,0.0,0.0,0,0,normal_routine,0
TXN_UPI_100573,USR_4103,2025-02-08 19:06:00,1036.62,P2P_Transfer,DEV_IN_SAMS23_013,Samsung Galaxy S23,Hyderabad,17.385,78.4867,8955.01,22500.52,-0.352,0.12,1,1,0.01,0.0,0.0,0,1,0.0,0.0,0,0,normal_routine,0
TXN_UPI_101927,USR_4133,2025-02-08 19:08:00,356.93,P2P_Transfer,DEV_BURNER_42,Xiaomi Redmi 9A,Delhi,28.6139,77.209,4539.49,12962.57,-0.323,0.08,0,1,5.9333,0.0,0.0,0,6,0.0,0.0,0,1,stealth_micro_fraud,1
TXN_UPI_100934,USR_4111,2025-02-08 19:10:00,70253.82,Electronics_Gadgets,DEV_IN_SAMS23_021,Samsung Galaxy S23,Hyderabad,17.385,78.4867,7905.96,18142.04,3.437,8.89,1,1,106.6,0.0,0.0,0,0,0.0,0.0,0,0,benign_festive_spend,0
TXN_UPI_103005,USR_4157,2025-02-08 19:10:00,184.62,Groceries_Daily,DEV_IN_SAMS23_067,Samsung Galaxy S23,Jaipur,26.9124,75.7873,8474.29,17617.94,-0.471,0.02,1,1,0.01,0.0,0.0,0,1,0.0,0.0,0,0,normal_routine,0
TXN_UPI_100795,USR_4108,2025-02-08 19:12:00,24138.15,Food_Dining,DEV_IN_NEW_018,iPhone 16 Pro,Delhi,28.6139,77.209,11479.96,19573.03,0.647,2.1,0,1,201.95,0.0,0.0,0,0,0.0,0.0,0,0,benign_new_device,0
TXN_UPI_100300,USR_4097,2025-02-08 19:17:00,351.72,Food_Dining,DEV_IN_XRN13_007,Xiaomi Redmi Note 13,Delhi,28.6139,77.209,7845.29,16483.12,-0.455,0.04,1,1,220.8167,235.29,1.07,0,0,0.0,0.0,0,0,normal_routine,0
TXN_UPI_103185,USR_4161,2025-02-08 19:18:00,196.51,Food_Dining,DEV_IN_OP12_071,OnePlus 12,Kolkata,22.5726,88.3639,4660.27,14706.85,-0.304,0.04,1,1,0.01,1357.77,135777.42,0,1,0.0,0.0,1,0,normal_routine,0
TXN_UPI_103407,USR_4166,2025-02-08 19:21:00,1822.18,P2P_Transfer,DEV_IN_SAMS23_076,Samsung Galaxy S23,Bengaluru,12.9716,77.5946,5818.05,15644.27,-0.255,0.31,1,1,31.9,0.0,0.0,0,0,0.0,0.0,0,0,normal_routine,0
TXN_UPI_102732,USR_4151,2025-02-08 19:25:00,370.46,Groceries_Daily,DEV_IN_SAMS23_061,Samsung Galaxy S23,Bengaluru,12.9716,77.5946,7901.52,17827.51,-0.422,0.05,1,1,151.6333,0.0,0.0,0,0,0.0,0.0,0,0,normal_routine,0
TXN_UPI_102685,USR_4150,2025-02-08 19:30:00,381.46,Food_Dining,DEV_IN_SAMS23_060,Samsung Galaxy S23,Mumbai,19.076,72.8777,6862.66,12721.91,-0.509,0.06,1,1,24.4167,0.0,0.0,0,0,0.0,0.0,0,0,normal_routine,0
TXN_UPI_102330,USR_4142,2025-02-08 19:35:00,1358.06,Utility_Bills,DEV_IN_IPH15_052,iPhone 15,Hyderabad,17.385,78.4867,5212.21,13059.95,-0.295,0.26,1,1,0.01,0.0,0.0,0,1,0.0,0.0,0,0,normal_routine,0
TXN_UPI_103092,USR_4159,2025-02-08 19:36:00,706.46,Utility_Bills,DEV_IN_XRN13_069,Xiaomi Redmi Note 13,Delhi,28.6139,77.209,5323.36,13738.65,-0.336,0.13,1,1,183.9167,0.0,0.0,0,0,0.0,0.0,0,0,normal_routine,0
TXN_UPI_103273,USR_4163,2025-02-08 19:41:00,323.31,Groceries_Daily,DEV_IN_XRN13_073,Xiaomi Redmi Note 13,Chennai,13.0827,80.2707,6827.66,14180.66,-0.459,0.05,1,1,106.4833,0.0,0.0,0,0,0.0,0.0,0,0,normal_routine,0
TXN_UPI_101027,USR_4113,2025-02-08 19:42:00,831.27,Food_Dining,DEV_IN_OP12_023,OnePlus 12,Delhi,28.6139,77.209,8813.85,20420.89,-0.391,0.09,1,1,0.01,0.0,0.0,0,2,0.0,0.0,0,0,normal_routine,0
TXN_UPI_100125,USR_4093,2025-02-08 19:47:00,391.61,Groceries_Daily,DEV_IN_IPH15_003,iPhone 15,Mumbai,19.076,72.8777,5925.62,13655.03,-0.405,0.07,1,1,120.9667,0.0,0.0,0,2,0.0,0.0,0,0,normal_routine,0
TXN_UPI_102056,USR_4136,2025-02-08 19:47:00,1641.07,Utility_Bills,DEV_IN_SAMS23_046,Samsung Galaxy S23,Pune,18.5204,73.8567,1910.73,4718.79,-0.057,0.86,1,1,215.6333,0.0,0.0,0,0,0.0,0.0,0,0,normal_routine,0
TXN_UPI_100577,USR_4103,2025-02-08 19:48:00,48360.24,Food_Dining,DEV_IN_SAMS23_013,Samsung Galaxy S23,Hyderabad,17.385,78.4867,9616.27,22058.04,1.756,5.03,1,1,0.01,0.0,0.0,0,1,0.0,0.0,0,0,benign_festive_spend,0
TXN_UPI_101522,USR_4124,2025-02-08 19:51:00,252.5,Groceries_Daily,DEV_IN_IPH15_034,iPhone 15,Kolkata,22.5726,88.3639,9268.89,19843.6,-0.454,0.03,1,1,0.01,0.0,0.0,0,3,0.0,0.0,0,0,normal_routine,0
TXN_UPI_103369,USR_4165,2025-02-08 19:55:00,727.71,P2P_Transfer,DEV_IN_IPH15_075,iPhone 15,Bengaluru,12.9716,77.5946,5816.2,17332.01,-0.294,0.13,1,1,0.01,0.0,0.0,0,3,0.0,0.0,0,0,normal_routine,0
TXN_UPI_103591,USR_4170,2025-02-08 19:57:00,593.89,P2P_Transfer,DEV_IN_IPH15_080,iPhone 15,Chennai,13.0827,80.2707,6996.06,15527.87,-0.412,0.08,1,1,78.45,0.0,0.0,0,0,0.0,0.0,0,0,normal_routine,0
TXN_UPI_102596,USR_4148,2025-02-08 20:06:00,12133.63,Electronics_Gadgets,DEV_IN_NEW_058,Samsung Galaxy S24,Pune,18.5204,73.8567,6896.75,15953.28,0.328,1.76,0,1,188.6833,953.87,5.06,0,0,0.0,0.0,0,0,benign_new_device,0
TXN_UPI_102379,USR_4143,2025-02-08 20:16:00,418.04,Groceries_Daily,DEV_IN_XRN13_053,Xiaomi Redmi Note 13,Pune,18.5204,73.8567,3366.6,12147.34,-0.243,0.12,1,1,0.01,0.0,0.0,0,4,0.0,0.0,0,0,normal_routine,0
TXN_UPI_101875,USR_4132,2025-02-08 20:22:00,290.71,Food_Dining,DEV_IN_OP12_042,OnePlus 12,Hyderabad,17.385,78.4867,1252.34,2461.14,-0.391,0.23,1,1,219.8,621.46,2.83,0,0,0.0,0.0,0,0,normal_routine,0
TXN_UPI_102737,USR_4151,2025-02-08 20:24:00,836.0,P2P_Transfer,DEV_IN_SAMS23_061,Samsung Galaxy S23,Bengaluru,12.9716,77.5946,6877.98,16738.98,-0.361,0.12,1,1,49.85,0.0,0.0,0,5,0.0,0.0,0,0,normal_routine,0
TXN_UPI_103277,USR_4163,2025-02-08 20:39:00,529.12,Groceries_Daily,DEV_IN_XRN13_073,Xiaomi Redmi Note 13,Chennai,13.0827,80.2707,6128.16,13515.54,-0.414,0.09,1,1,0.01,0.0,0.0,0,1,0.0,0.0,0,0,normal_routine,0
TXN_UPI_103098,USR_4159,2025-02-08 20:43:00,1031.99,P2P_Transfer,DEV_IN_XRN13_069,Xiaomi Redmi Note 13,Delhi,28.6139,77.209,10134.57,22038.58,-0.413,0.1,1,1,0.01,0.0,0.0,0,3,0.0,0.0,0,0,normal_routine,0
TXN_UPI_100754,USR_4107,2025-02-08 20:45:00,182.94,Food_Dining,DEV_IN_OP12_017,OnePlus 12,Chennai,13.0827,80.2707,5096.61,12377.5,-0.397,0.04,1,1,47.6,0.0,0.0,0,0,0.0,0.0,0,0,normal_routine,0
TXN_UPI_100481,USR_4101,2025-02-08 20:48:00,852.75,Utility_Bills,DEV_IN_IPH15_011,iPhone 15,Mumbai,19.076,72.8777,9740.95,18847.01,-0.472,0.09,1,1,92.4833,1148.09,12.41,0,0,0.0,0.0,0,0,normal_routine,0
TXN_UPI_101473,USR_4123,2025-02-08 20:49:00,286.97,Groceries_Daily,DEV_IN_OP12_033,OnePlus 12,Chennai,13.0827,80.2707,3218.58,8806.19,-0.333,0.09,1,1,8.8833,0.0,0.0,0,0,0.0,0.0,0,0,normal_routine,0
TXN_UPI_103231,USR_4162,2025-02-08 20:53:00,763.79,Groceries_Daily,DEV_IN_XRN13_072,Xiaomi Redmi Note 13,Bengaluru,12.9716,77.5946,7895.91,17566.9,-0.406,0.1,1,1,0.01,0.0,0.0,0,1,0.0,0.0,0,0,normal_routine,0
TXN_UPI_100353,USR_4098,2025-02-08 21:01:00,55568.59,Electronics_Gadgets,DEV_IN_IPH15_008,iPhone 15,Hyderabad,17.385,78.4867,7453.14,17697.59,2.719,7.46,1,1,0.01,0.0,0.0,0,2,0.0,0.0,0,0,benign_festive_spend,0
TXN_UPI_102465,USR_4145,2025-02-08 21:02:00,230.16,Food_Dining,DEV_IN_SAMS23_055,Samsung Galaxy S23,Mumbai,19.076,72.8777,9014.19,19575.91,-0.449,0.03,1,1,0.01,0.0,0.0,0,1,0.0,0.0,0,0,normal_routine,0
TXN_UPI_103003,USR_4157,2025-02-08 21:03:00,350.38,Groceries_Daily,DEV_IN_SAMS23_067,Samsung Galaxy S23,Jaipur,26.9124,75.7873,8978.95,18040.55,-0.478,0.04,1,1,97.5667,0.0,0.0,0,0,0.0,0.0,0,0,normal_routine,0
TXN_UPI_102197,USR_4139,2025-02-08 21:13:00,629.77,Groceries_Daily,DEV_IN_OP12_049,OnePlus 12,Pune,18.5204,73.8567,3803.43,9570.05,-0.332,0.17,1,1,0.01,0.0,0.0,0,1,0.0,0.0,0,0,normal_routine,0
TXN_UPI_103232,USR_4162,2025-02-08 21:21:00,46007.68,Electronics_Gadgets,DEV_CLONE_71,Virtual Android,Lagos,6.5244,3.3792,7697.8,17360.8,2.207,5.98,0,0,0.4667,8140.55,17444.04,0,2,3.0,2.91,1,0,impossible_travel_jump,1
TXN_UPI_103414,USR_4166,2025-02-08 21:29:00,520.29,Groceries_Daily,DEV_IN_SAMS23_076,Samsung Galaxy S23,Bengaluru,12.9716,77.5946,5071.79,14221.67,-0.32,0.1,1,1,0.01,0.0,0.0,0,2,0.0,0.0,0,0,normal_routine,0
TXN_UPI_103054,USR_4158,2025-02-08 21:56:00,516.51,Groceries_Daily,DEV_IN_SAMS23_068,Samsung Galaxy S23,Jaipur,26.9124,75.7873,7367.87,15287.11,-0.448,0.07,1,1,0.01,0.0,0.0,0,2,0.0,0.0,0,0,normal_routine,0
TXN_UPI_101696,USR_4128,2025-02-08 22:34:00,14923.22,Travel_Ticketing,DEV_IN_SAMS23_038,Samsung Galaxy S23,Jaipur,26.9124,75.7873,4233.81,12963.14,0.825,3.52,1,1,218.5333,1561.54,7.15,0,0,0.0,0.0,0,0,benign_travel,0
TXN_UPI_100532,USR_4102,2025-02-08 23:19:00,11696.35,Travel_Ticketing,DEV_IN_SAMS23_012,Samsung Galaxy S23,Delhi,28.6139,77.209,7861.15,18137.67,0.211,1.49,1,1,28.1333,1255.39,44.62,0,3,0.0,0.0,0,0,benign_travel,0
TXN_UPI_101429,USR_4122,2025-02-09 01:16:00,5057.46,Utility_Bills,DEV_IN_XRN13_032,Xiaomi Redmi Note 13,Delhi,28.6139,77.209,4532.75,11007.19,0.048,1.12,1,1,53.4667,0.0,0.0,1,2,0.0,0.0,0,0,emergency_nocturnal_legit,0
TXN_UPI_102823,USR_4153,2025-02-09 02:37:00,2995.16,Food_Dining,DEV_IN_XRN13_063,Xiaomi Redmi Note 13,Mumbai,19.076,72.8777,5309.28,14103.12,-0.164,0.56,1,1,111.3667,0.0,0.0,1,0,0.0,0.0,0,0,emergency_nocturnal_legit,0
TXN_UPI_100349,USR_4098,2025-02-09 08:26:00,14796.08,Food_Dining,DEV_IN_NEW_008,iPhone 16 Pro,Hyderabad,17.385,78.4867,7822.09,18588.79,0.375,1.89,0,1,46.6667,0.0,0.0,0,0,0.0,0.0,0,0,benign_new_device,0
TXN_UPI_102419,USR_4144,2025-02-09 08:35:00,654.7,Utility_Bills,DEV_IN_OP12_054,OnePlus 12,Jaipur,26.9124,75.7873,3446.08,9201.84,-0.303,0.19,1,1,0.01,0.0,0.0,0,1,0.0,0.0,0,0,normal_routine,0
TXN_UPI_100888,USR_4110,2025-02-09 08:59:00,1164.53,Utility_Bills,DEV_IN_OP12_020,OnePlus 12,Jaipur,26.9124,75.7873,6445.52,16745.22,-0.315,0.18,1,1,165.1833,0.0,0.0,0,0,0.0,0.0,0,0,normal_routine,0
TXN_UPI_101474,USR_4123,2025-02-09 09:06:00,1476.19,Utility_Bills,DEV_IN_OP12_033,OnePlus 12,Chennai,13.0827,80.2707,3129.75,8686.28,-0.19,0.47,1,1,12.2833,0.0,0.0,0,0,0.0,0.0,0,0,normal_routine,0
TXN_UPI_100260,USR_4096,2025-02-09 09:09:00,665.15,P2P_Transfer,DEV_IN_SAMS23_006,Samsung Galaxy S23,Jaipur,26.9124,75.7873,2631.66,5897.64,-0.333,0.25,1,1,60.9833,0.0,0.0,0,3,0.0,0.0,0,0,normal_routine,0
TXN_UPI_101788,USR_4130,2025-02-09 09:14:00,286.59,Groceries_Daily,DEV_IN_SAMS23_040,Samsung Galaxy S23,Pune,18.5204,73.8567,6054.86,16251.38,-0.355,0.05,1,1,0.01,0.0,0.0,0,1,0.0,0.0,0,0,normal_routine,0
TXN_UPI_102012,USR_4135,2025-02-09 09:34:00,336.05,Groceries_Daily,DEV_IN_OP12_045,OnePlus 12,Bengaluru,12.9716,77.5946,5219.13,14322.46,-0.341,0.06,1,1,206.75,0.0,0.0,0,0,0.0,0.0,0,0,normal_routine,0
TXN_UPI_102378,USR_4143,2025-02-09 09:37:00,727.69,P2P_Transfer,DEV_IN_XRN13_053,Xiaomi Redmi Note 13,Pune,18.5204,73.8567,3437.92,12302.54,-0.22,0.21,1,1,41.2,120.15,2.92,0,3,0.0,0.0,0,0,normal_routine,0
TXN_UPI_100489,USR_4101,2025-02-09 09:38:00,970.27,P2P_Transfer,DEV_IN_IPH15_011,iPhone 15,Mumbai,19.076,72.8777,8083.76,17107.53,-0.416,0.12,1,1,0.01,0.0,0.0,0,2,0.0,0.0,0,0,normal_routine,0
TXN_UPI_102107,USR_4137,2025-02-09 09:45:00,275.99,Food_Dining,DEV_IN_OP12_047,OnePlus 12,Hyderabad,17.385,78.4867,13810.08,23260.45,-0.582,0.02,1,1,0.01,0.0,0.0,0,3,0.0,0.0,0,0,normal_routine,0
TXN_UPI_100039,USR_4091,2025-02-09 09:47:00,126.85,Food_Dining,DEV_IN_IPH15_001,iPhone 15,Bengaluru,12.9716,77.5946,6082.24,17100.52,-0.348,0.02,1,1,0.01,0.0,0.0,0,2,0.0,0.0,0,0,normal_routine,0
TXN_UPI_102329,USR_4142,2025-02-09 09:59:00,330.61,Groceries_Daily,DEV_IN_IPH15_052,iPhone 15,Hyderabad,17.385,78.4867,5360.13,13228.26,-0.38,0.06,1,1,118.8167,0.0,0.0,0,0,0.0,0.0,0,0,normal_routine,0
TXN_UPI_103365,USR_4165,2025-02-09 11:05:00,689.6,P2P_Transfer,DEV_IN_IPH15_075,iPhone 15,Bengaluru,12.9716,77.5946,6429.12,18225.23,-0.315,0.11,1,1,51.0,0.0,0.0,0,3,0.0,0.0,0,0,normal_routine,0
TXN_UPI_102645,USR_4149,2025-02-09 11:15:00,171.3,Groceries_Daily,DEV_IN_SAMS23_059,Samsung Galaxy S23,Hyderabad,17.385,78.4867,6389.92,12632.82,-0.492,0.03,1,1,85.95,0.0,0.0,0,3,0.0,0.0,0,0,normal_routine,0
TXN_UPI_100080,USR_4092,2025-02-09 11:38:00,1484.32,Utility_Bills,DEV_IN_OP12_002,OnePlus 12,Kolkata,22.5726,88.3639,8732.94,19703.09,-0.368,0.17,1,1,37.9,0.0,0.0,0,2,0.0,0.0,0,0,normal_routine,0
TXN_UPI_102192,USR_4139,2025-02-09 11:39:00,220.66,Food_Dining,DEV_IN_OP12_049,OnePlus 12,Pune,18.5204,73.8567,4368.02,10200.95,-0.407,0.05,1,1,214.5833,0.0,0.0,0,0,0.0,0.0,0,0,normal_routine,0
TXN_UPI_103233,USR_4162,2025-02-09 11:48:00,1795.67,P2P_Transfer,DEV_IN_XRN13_072,Xiaomi Redmi Note 13,Bengaluru,12.9716,77.5946,8733.2,18216.63,-0.381,0.21,1,1,14.45,8140.55,563.36,0,3,0.0,0.0,0,0,normal_routine,0
TXN_UPI_100985,USR_4112,2025-02-09 13:03:00,902.13,P2P_Transfer,DEV_IN_SAMS23_022,Samsung Galaxy S23,Hyderabad,17.385,78.4867,4656.11,14629.83,-0.257,0.19,1,1,0.01,0.0,0.0,0,4,0.0,0.0,0,0,normal_routine,0
TXN_UPI_100393,USR_4099,2025-02-09 13:05:00,1029.71,Utility_Bills,DEV_IN_XRN13_009,Xiaomi Redmi Note 13,Mumbai,19.076,72.8777,5792.8,16378.2,-0.291,0.18,1,1,143.7667,0.0,0.0,0,2,0.0,0.0,0,0,normal_routine,0
TXN_UPI_101338,USR_4120,2025-02-09 13:08:00,358.61,Groceries_Daily,DEV_IN_OP12_030,OnePlus 12,Kolkata,22.5726,88.3639,4179.95,11392.58,-0.335,0.09,1,1,137.0,0.0,0.0,0,0,0.0,0.0,0,0,normal_routine,0
TXN_UPI_101434,USR_4122,2025-02-09 13:09:00,1503.08,Utility_Bills,DEV_IN_XRN13_032,Xiaomi Redmi Note 13,Delhi,28.6139,77.209,4160.53,10321.22,-0.257,0.36,1,1,0.01,0.0,0.0,0,1,0.0,0.0,0,0,normal_routine,0
TXN_UPI_102200,USR_4139,2025-02-09 13:18:00,827.09,P2P_Transfer,DEV_IN_OP12_049,OnePlus 12,Pune,18.5204,73.8567,3574.14,9229.22,-0.298,0.23,1,1,0.01,0.0,0.0,0,4,0.0,0.0,0,0,normal_routine,0
TXN_UPI_101793,USR_4130,2025-02-09 13:35:00,575.25,P2P_Transfer,DEV_IN_SAMS23_040,Samsung Galaxy S23,Pune,18.5204,73.8567,5384.36,15213.28,-0.316,0.11,1,1,0.01,0.0,0.0,0,3,0.0,0.0,0,0,normal_routine,0
TXN_UPI_103413,USR_4166,2025-02-09 13:35:00,1870.29,Utility_Bills,DEV_IN_SAMS23_076,Samsung Galaxy S23,Bengaluru,12.9716,77.5946,5158.32,14402.7,-0.228,0.36,1,1,0.01,845.32,84531.84,0,1,0.0,0.0,1,0,normal_routine,0
TXN_UPI_102236,USR_4140,2025-02-09 13:37:00,514.74,P2P_Transfer,DEV_IN_XRN13_050,Xiaomi Redmi Note 13,Chennai,13.0827,80.2707,2964.5,9686.41,-0.253,0.17,1,1,194.45,0.0,0.0,0,0,0.0,0.0,0,0,normal_routine,0
TXN_UPI_100670,USR_4105,2025-02-09 13:40:00,253.57,Food_Dining,DEV_IN_SAMS23_015,Samsung Galaxy S23,Mumbai,19.076,72.8777,10536.09,21416.25,-0.48,0.02,1,1,0.01,0.0,0.0,0,1,0.0,0.0,0,0,normal_routine,0
TXN_UPI_102062,USR_4136,2025-02-09 13:44:00,38272.53,Electronics_Gadgets,DEV_IN_NEW_046,Samsung Galaxy S24,Pune,18.5204,73.8567,2954.08,7246.89,4.874,12.96,0,1,48.5,0.0,0.0,0,2,0.0,0.0,0,0,benign_new_device,0
TXN_UPI_103188,USR_4161,2025-02-09 13:48:00,131.24,Groceries_Daily,DEV_IN_OP12_071,OnePlus 12,Kolkata,22.5726,88.3639,5025.62,14596.69,-0.335,0.03,1,1,0.01,0.0,0.0,0,1,0.0,0.0,0,0,normal_routine,0
TXN_UPI_102150,USR_4138,2025-02-09 13:49:00,255.44,Groceries_Daily,DEV_IN_IPH15_048,iPhone 15,Delhi,28.6139,77.209,7699.86,16549.02,-0.45,0.03,1,1,0.01,0.0,0.0,0,2,0.0,0.0,0,0,normal_routine,0
TXN_UPI_100976,USR_4112,2025-02-09 13:51:00,511.2,Groceries_Daily,DEV_IN_SAMS23_022,Samsung Galaxy S23,Hyderabad,17.385,78.4867,3996.35,13485.21,-0.258,0.13,1,1,65.8,0.0,0.0,0,0,0.0,0.0,0,0,normal_routine,0
TXN_UPI_102514,USR_4146,2025-02-09 13:59:00,865.07,P2P_Transfer,DEV_IN_SAMS23_056,Samsung Galaxy S23,Hyderabad,17.385,78.4867,11942.97,23068.54,-0.48,0.07,1,1,0.01,0.0,0.0,0,1,0.0,0.0,0,0,normal_routine,0
TXN_UPI_102110,USR_4137,2025-02-09 18:01:00,385.93,Groceries_Daily,DEV_IN_OP12_047,OnePlus 12,Hyderabad,17.385,78.4867,13024.03,22547.93,-0.56,0.03,1,1,0.01,0.0,0.0,0,1,0.0,0.0,0,0,normal_routine,0
TXN_UPI_103322,USR_4164,2025-02-09 18:03:00,397.12,Groceries_Daily,DEV_IN_IPH15_074,iPhone 15,Delhi,28.6139,77.209,9536.62,18244.49,-0.501,0.04,1,1,0.01,0.0,0.0,0,4,0.0,0.0,0,0,normal_routine,0
TXN_UPI_100937,USR_4111,2025-02-09 18:06:00,1308.65,P2P_Transfer,DEV_IN_SAMS23_021,Samsung Galaxy S23,Hyderabad,17.385,78.4867,9411.05,20217.64,-0.401,0.14,1,1,0.01,0.0,0.0,0,1,0.0,0.0,0,0,normal_routine,0
TXN_UPI_100438,USR_4100,2025-02-09 18:09:00,780.13,P2P_Transfer,DEV_IN_OP12_010,OnePlus 12,Pune,18.5204,73.8567,5840.06,14801.54,-0.342,0.13,1,1,143.65,0.0,0.0,0,0,0.0,0.0,0,0,normal_routine,0
TXN_UPI_100847,USR_4109,2025-02-09 18:09:00,138.04,Groceries_Daily,DEV_IN_IPH15_019,iPhone 15,Pune,18.5204,73.8567,7530.78,17373.98,-0.426,0.02,1,1,0.01,0.0,0.0,0,1,0.0,0.0,0,0,normal_routine,0
TXN_UPI_101795,USR_4130,2025-02-09 18:24:00,1114.51,Utility_Bills,DEV_IN_SAMS23_040,Samsung Galaxy S23,Pune,18.5204,73.8567,5159.42,14849.92,-0.272,0.22,1,1,0.01,0.0,0.0,0,1,0.0,0.0,0,0,normal_routine,0
TXN_UPI_103136,USR_4160,2025-02-09 18:26:00,240.44,Food_Dining,DEV_IN_OP12_070,OnePlus 12,Chennai,13.0827,80.2707,5671.81,14755.95,-0.368,0.04,1,1,171.0667,1607.1,9.39,0,0,0.0,0.0,0,0,normal_routine,0
TXN_UPI_103362,USR_4165,2025-02-09 18:29:00,496.48,Groceries_Daily,DEV_IN_IPH15_075,iPhone 15,Bengaluru,12.9716,77.5946,6976.52,18997.28,-0.341,0.07,1,1,213.8667,0.0,0.0,0,0,0.0,0.0,0,0,normal_routine,0
TXN_UPI_100622,USR_4104,2025-02-09 18:31:00,1124.77,Utility_Bills,DEV_IN_OP12_014,OnePlus 12,Mumbai,19.076,72.8777,10759.89,21040.05,-0.458,0.1,1,1,33.7667,0.0,0.0,0,0,0.0,0.0,0,0,normal_routine,0
TXN_UPI_102102,USR_4137,2025-02-09 18:35:00,275.95,Groceries_Daily,DEV_IN_OP12_047,OnePlus 12,Hyderabad,17.385,78.4867,15819.99,24469.38,-0.635,0.02,1,1,101.5333,0.0,0.0,0,0,0.0,0.0,0,0,normal_routine,0
TXN_UPI_100129,USR_4093,2025-02-09 18:37:00,142.88,Food_Dining,DEV_IN_IPH15_003,iPhone 15,Mumbai,19.076,72.8777,5357.18,13022.83,-0.4,0.03,1,1,29.3833,0.0,0.0,0,3,0.0,0.0,0,0,normal_routine,0
TXN_UPI_102019,USR_4135,2025-02-09 18:45:00,1622.92,P2P_Transfer,DEV_IN_OP12_045,OnePlus 12,Bengaluru,12.9716,77.5946,4466.69,13047.1,-0.218,0.36,1,1,0.01,845.32,84531.84,0,3,0.0,0.0,1,0,normal_routine,0
TXN_UPI_100078,USR_4092,2025-02-09 18:54:00,157.71,Food_Dining,DEV_IN_OP12_002,OnePlus 12,Kolkata,22.5726,88.3639,9266.88,20189.81,-0.451,0.02,1,1,232.1667,9216.67,39.7,0,0,0.0,0.0,0,0,normal_routine,0
TXN_UPI_102467,USR_4145,2025-02-09 18:57:00,523.84,P2P_Transfer,DEV_BURNER_54,Itel A50 Burner,Mumbai,19.076,72.8777,8567.24,19114.2,-0.421,0.06,0,1,45.6333,0.0,0.0,0,3,0.0,0.0,0,1,stealth_micro_fraud,1
TXN_UPI_100440,USR_4100,2025-02-09 18:59:00,331.68,Food_Dining,DEV_IN_OP12_010,OnePlus 12,Pune,18.5204,73.8567,5558.47,14403.86,-0.363,0.06,1,1,0.01,0.0,0.0,0,1,0.0,0.0,0,0,normal_routine,0
TXN_UPI_103006,USR_4157,2025-02-09 19:03:00,1076.26,Utility_Bills,DEV_IN_SAMS23_067,Samsung Galaxy S23,Jaipur,26.9124,75.7873,8237.44,17419.27,-0.411,0.13,1,1,23.8833,0.0,0.0,0,2,0.0,0.0,0,0,normal_routine,0
TXN_UPI_102650,USR_4149,2025-02-09 19:07:00,830.52,P2P_Transfer,DEV_IN_SAMS23_059,Samsung Galaxy S23,Hyderabad,17.385,78.4867,5648.77,11953.53,-0.403,0.15,1,1,0.01,0.0,0.0,0,3,0.0,0.0,0,0,normal_routine,0
TXN_UPI_102956,USR_4156,2025-02-09 19:08:00,234.74,Food_Dining,DEV_IN_SAMS23_066,Samsung Galaxy S23,Jaipur,26.9124,75.7873,2123.37,4322.54,-0.437,0.11,1,1,154.1,0.0,0.0,0,0,0.0,0.0,0,0,normal_routine,0
TXN_UPI_103230,USR_4162,2025-02-09 19:10:00,645.96,Groceries_Daily,DEV_IN_XRN13_072,Xiaomi Redmi Note 13,Bengaluru,12.9716,77.5946,8109.15,17778.66,-0.42,0.08,1,1,153.9,0.0,0.0,0,0,0.0,0.0,0,0,normal_routine,0
TXN_UPI_101297,USR_4119,2025-02-09 19:17:00,381.1,Food_Dining,DEV_IN_OP12_029,OnePlus 12,Bengaluru,12.9716,77.5946,6975.91,16174.09,-0.408,0.05,1,1,0.01,0.0,0.0,0,1,0.0,0.0,0,0,normal_routine,0
TXN_UPI_101876,USR_4132,2025-02-09 19:33:00,903.74,Utility_Bills,DEV_IN_OP12_042,OnePlus 12,Hyderabad,17.385,78.4867,1220.28,2425.92,-0.13,0.74,1,1,23.1833,0.0,0.0,0,0,0.0,0.0,0,0,normal_routine,0
TXN_UPI_102199,USR_4139,2025-02-09 19:33:00,1247.49,P2P_Transfer,DEV_IN_OP12_049,OnePlus 12,Pune,18.5204,73.8567,3635.37,9342.05,-0.256,0.34,1,1,0.01,0.0,0.0,0,3,0.0,0.0,0,0,normal_routine,0
TXN_UPI_101026,USR_4113,2025-02-09 19:35:00,1408.78,P2P_Transfer,DEV_IN_OP12_023,OnePlus 12,Delhi,28.6139,77.209,9025.42,20671.62,-0.368,0.16,1,1,0.01,0.0,0.0,0,1,0.0,0.0,0,0,normal_routine,0
TXN_UPI_101791,USR_4130,2025-02-09 19:38:00,1940.39,Utility_Bills,DEV_IN_SAMS23_040,Samsung Galaxy S23,Pune,18.5204,73.8567,5630.97,15604.51,-0.237,0.34,1,1,0.01,0.0,0.0,0,1,0.0,0.0,0,0,normal_routine,0
TXN_UPI_101921,USR_4133,2025-02-09 19:47:00,540.38,P2P_Transfer,DEV_IN_IPH15_043,iPhone 15,Delhi,28.6139,77.209,4642.4,13836.91,-0.296,0.12,1,1,173.8,0.0,0.0,0,0,0.0,0.0,0,0,normal_routine,0
TXN_UPI_103009,USR_4157,2025-02-09 19:56:00,590.8,P2P_Transfer,DEV_IN_SAMS23_067,Samsung Galaxy S23,Jaipur,26.9124,75.7873,7632.48,16845.07,-0.418,0.08,1,1,0.01,0.0,0.0,0,1,0.0,0.0,0,0,normal_routine,0
TXN_UPI_102509,USR_4146,2025-02-09 20:11:00,674.48,Utility_Bills,DEV_IN_SAMS23_056,Samsung Galaxy S23,Hyderabad,17.385,78.4867,12262.77,23643.01,-0.49,0.06,1,1,130.3167,0.0,0.0,0,0,0.0,0.0,0,0,normal_routine,0
TXN_UPI_103324,USR_4164,2025-02-09 20:13:00,1084.01,Utility_Bills,DEV_IN_IPH15_074,iPhone 15,Delhi,28.6139,77.209,9079.31,17863.86,-0.448,0.12,1,1,59.75,0.0,0.0,0,6,0.0,0.0,0,0,normal_routine,0
TXN_UPI_103410,USR_4166,2025-02-09 20:14:00,337.94,Food_Dining,DEV_IN_SAMS23_076,Samsung Galaxy S23,Bengaluru,12.9716,77.5946,5472.18,14980.32,-0.343,0.06,1,1,73.95,0.0,0.0,0,0,0.0,0.0,0,0,normal_routine,0
TXN_UPI_100084,USR_4092,2025-02-09 20:24:00,372.25,Groceries_Daily,DEV_IN_OP12_002,OnePlus 12,Kolkata,22.5726,88.3639,7944.4,18779.62,-0.403,0.05,1,1,47.2,0.0,0.0,0,3,0.0,0.0,0,0,normal_routine,0
TXN_UPI_101208,USR_4117,2025-02-09 20:25:00,789.0,Utility_Bills,DEV_IN_SAMS23_027,Samsung Galaxy S23,Kolkata,22.5726,88.3639,4961.89,10998.46,-0.379,0.16,1,1,47.9667,0.0,0.0,0,2,0.0,0.0,0,0,normal_routine,0
TXN_UPI_101834,USR_4131,2025-02-09 20:26:00,45169.07,Food_Dining,DEV_IN_OP12_041,OnePlus 12,Bengaluru,12.9716,77.5946,7914.54,17708.52,2.104,5.71,1,1,79.1,0.0,0.0,0,0,0.0,0.0,0,0,benign_festive_spend,0
TXN_UPI_103144,USR_4160,2025-02-09 20:27:00,556.74,Food_Dining,DEV_IN_OP12_070,OnePlus 12,Chennai,13.0827,80.2707,6255.8,14243.78,-0.4,0.09,1,1,0.01,0.0,0.0,0,3,0.0,0.0,0,0,normal_routine,0
TXN_UPI_100257,USR_4096,2025-02-09 20:39:00,31272.0,Electronics_Gadgets,DEV_IN_NEW_006,Samsung Galaxy S24,Jaipur,26.9124,75.7873,1817.75,3287.52,8.959,17.2,0,1,143.85,0.0,0.0,0,0,0.0,0.0,0,0,benign_new_device,0
TXN_UPI_101609,USR_4126,2025-02-09 20:40:00,404.17,P2P_Transfer,DEV_IN_OP12_036,OnePlus 12,Chennai,13.0827,80.2707,9629.16,21924.27,-0.421,0.04,1,1,154.7333,0.0,0.0,0,0,0.0,0.0,0,0,normal_routine,0
TXN_UPI_101835,USR_4131,2025-02-09 20:48:00,63577.64,Gaming_Crypto,DEV_CLONE_40,Virtual Android,Lagos,6.5244,3.3792,9010.26,18546.92,2.942,7.06,0,0,0.3667,8140.55,22201.51,0,1,3.0,3.13,1,1,impossible_travel_jump,1
TXN_UPI_100842,USR_4109,2025-02-09 20:49:00,543.83,Food_Dining,DEV_IN_IPH15_019,iPhone 15,Pune,18.5204,73.8567,8689.4,18462.53,-0.441,0.06,1,1,113.9,0.0,0.0,0,0,0.0,0.0,0,0,normal_routine,0
TXN_UPI_103321,USR_4164,2025-02-09 20:58:00,945.47,P2P_Transfer,DEV_IN_IPH15_074,iPhone 15,Delhi,28.6139,77.209,9782.08,18444.59,-0.479,0.1,1,1,0.01,0.0,0.0,0,3,0.0,0.0,0,0,normal_routine,0
TXN_UPI_100798,USR_4108,2025-02-09 21:00:00,43826.26,Electronics_Gadgets,DEV_IN_IPH15_018,iPhone 15,Delhi,28.6139,77.209,11240.61,18938.31,1.721,3.9,1,1,169.5,0.0,0.0,0,0,0.0,0.0,0,0,benign_festive_spend,0
TXN_UPI_103319,USR_4164,2025-02-09 21:00:00,2050.02,P2P_Transfer,DEV_IN_IPH15_074,iPhone 15,Delhi,28.6139,77.209,10275.93,18882.34,-0.436,0.2,1,1,0.01,0.0,0.0,0,1,0.0,0.0,0,0,normal_routine,0
TXN_UPI_102238,USR_4140,2025-02-09 21:02:00,145.06,Groceries_Daily,DEV_IN_XRN13_050,Xiaomi Redmi Note 13,Chennai,13.0827,80.2707,2814.29,9396.86,-0.284,0.05,1,1,0.01,0.0,0.0,0,1,0.0,0.0,0,0,normal_routine,0
TXN_UPI_102919,USR_4155,2025-02-09 21:13:00,861.88,Utility_Bills,DEV_IN_SAMS23_065,Samsung Galaxy S23,Hyderabad,17.385,78.4867,4396.88,12052.14,-0.293,0.2,1,1,0.01,0.0,0.0,0,1,0.0,0.0,0,0,normal_routine,0
TXN_UPI_100309,USR_4097,2025-02-09 21:19:00,1565.9,P2P_Transfer,DEV_IN_XRN13_007,Xiaomi Redmi Note 13,Delhi,28.6139,77.209,6701.21,14898.15,-0.345,0.23,1,1,0.01,0.0,0.0,0,2,0.0,0.0,0,0,normal_routine,0
TXN_UPI_100216,USR_4095,2025-02-09 21:33:00,214.95,Food_Dining,DEV_IN_IPH15_005,iPhone 15,Kolkata,22.5726,88.3639,12498.57,22547.34,-0.545,0.02,1,1,120.6,0.0,0.0,0,0,0.0,0.0,0,0,normal_routine,0
TXN_UPI_100391,USR_4099,2025-02-09 21:43:00,1095.97,Utility_Bills,DEV_IN_XRN13_009,Xiaomi Redmi Note 13,Mumbai,19.076,72.8777,6133.83,16859.89,-0.299,0.18,1,1,61.3333,0.0,0.0,0,0,0.0,0.0,0,0,normal_routine,0
TXN_UPI_100758,USR_4107,2025-02-09 21:58:00,987.37,Utility_Bills,DEV_IN_OP12_017,OnePlus 12,Chennai,13.0827,80.2707,5065.6,11766.16,-0.347,0.19,1,1,0.01,0.0,0.0,0,1,0.0,0.0,0,0,normal_routine,0
TXN_UPI_103504,USR_4168,2025-02-09 23:15:00,14947.0,Travel_Ticketing,DEV_IN_XRN13_078,Xiaomi Redmi Note 13,Jaipur,26.9124,75.7873,6753.2,16070.59,0.51,2.21,1,1,0.01,953.87,95387.07,0,4,0.0,0.0,1,0,benign_travel,0
TXN_UPI_101246,USR_4118,2025-02-09 23:16:00,126.69,Gaming_Crypto,DEV_BOTNET_27,Automated Script Bot,Hyderabad,17.385,78.4867,6889.49,15092.07,-0.448,0.02,0,1,110.4,0.0,0.0,0,13,0.0,0.0,0,1,credential_stuffing_burst,1
TXN_UPI_100441,USR_4100,2025-02-09 23:45:00,8473.95,Travel_Ticketing,DEV_IN_OP12_010,OnePlus 12,Goa,15.2993,74.124,5409.13,14223.28,0.215,1.57,1,1,4.7667,359.3,75.38,0,2,0.0,0.0,0,0,benign_travel,0
TXN_UPI_101969,USR_4134,2025-02-10 01:08:00,5102.19,P2P_Transfer,DEV_IN_OP12_044,OnePlus 12,Chennai,13.0827,80.2707,7982.44,17257.74,-0.167,0.64,1,1,131.65,0.0,0.0,1,0,0.0,0.0,0,0,emergency_nocturnal_legit,0
TXN_UPI_101299,USR_4119,2025-02-10 02:01:00,45858.59,P2P_Transfer,DEV_ROGUE_EMU_28,Linux Cloud Emulator,Bengaluru,12.9716,77.5946,6646.55,15804.79,2.481,6.9,0,1,0.01,0.0,0.0,1,3,1.5,2.48,0,1,hostile_account_takeover,1
TXN_UPI_100986,USR_4112,2025-02-10 03:16:00,179.38,Gaming_Crypto,DEV_BOTNET_21,Automated Script Bot,Hyderabad,17.385,78.4867,4562.26,14457.68,-0.303,0.04,0,1,14.2167,0.0,0.0,1,12,1.5,0.11,0,1,credential_stuffing_burst,1
TXN_UPI_100668,USR_4105,2025-02-10 03:37:00,57.93,Gaming_Crypto,DEV_BOTNET_14,Automated Script Bot,Mumbai,19.076,72.8777,11095.83,21848.06,-0.505,0.01,0,1,0.01,0.0,0.0,1,9,1.5,0.11,0,1,credential_stuffing_burst,1
TXN_UPI_101746,USR_4129,2025-02-10 03:43:00,25.26,Gaming_Crypto,DEV_BOTNET_38,Automated Script Bot,Bengaluru,12.9716,77.5946,6400.47,15331.75,-0.416,0.0,0,1,139.55,0.0,0.0,1,8,1.5,0.11,0,1,credential_stuffing_burst,1
TXN_UPI_101747,USR_4129,2025-02-10 04:01:00,61874.06,Gaming_Crypto,DEV_CLONE_38,Virtual Android,Lagos,6.5244,3.3792,6223.38,15153.57,3.672,9.94,0,0,0.3,8140.55,27135.18,1,1,4.5,6.46,1,1,impossible_travel_jump,1
TXN_UPI_100984,USR_4112,2025-02-10 08:02:00,247.48,Food_Dining,DEV_IN_SAMS23_022,Samsung Galaxy S23,Hyderabad,17.385,78.4867,4772.12,14803.36,-0.306,0.05,1,1,0.01,0.0,0.0,0,3,0.0,0.0,0,0,normal_routine,0
TXN_UPI_101030,USR_4113,2025-02-10 08:04:00,458.88,Food_Dining,DEV_IN_OP12_023,OnePlus 12,Delhi,28.6139,77.209,8225.2,19726.71,-0.394,0.06,1,1,0.01,0.0,0.0,0,2,0.0,0.0,0,0,normal_routine,0
TXN_UPI_101031,USR_4113,2025-02-10 08:12:00,874.73,P2P_Transfer,DEV_IN_OP12_023,OnePlus 12,Delhi,28.6139,77.209,8031.04,19516.27,-0.367,0.11,1,1,0.1333,0.0,0.0,0,3,0.0,0.0,0,0,normal_routine,0
TXN_UPI_103279,USR_4163,2025-02-10 08:45:00,643.18,Utility_Bills,DEV_IN_XRN13_073,Xiaomi Redmi Note 13,Chennai,13.0827,80.2707,5961.06,13185.88,-0.403,0.11,1,1,76.9333,0.0,0.0,0,3,0.0,0.0,0,0,normal_routine,0
TXN_UPI_103191,USR_4161,2025-02-10 08:49:00,12259.43,Electronics_Gadgets,DEV_IN_NEW_071,Samsung Galaxy S24,Kolkata,22.5726,88.3639,4700.79,14085.9,0.537,2.61,0,1,0.01,0.0,0.0,0,1,0.0,0.0,0,0,benign_new_device,0
TXN_UPI_101787,USR_4130,2025-02-10 08:56:00,352.33,Groceries_Daily,DEV_IN_SAMS23_040,Samsung Galaxy S23,Pune,18.5204,73.8567,6238.81,16478.59,-0.357,0.06,1,1,115.4333,0.0,0.0,0,0,0.0,0.0,0,0,normal_routine,0
TXN_UPI_103368,USR_4165,2025-02-10 09:00:00,1090.67,Utility_Bills,DEV_IN_IPH15_075,iPhone 15,Bengaluru,12.9716,77.5946,5943.92,17547.01,-0.277,0.18,1,1,69.6167,0.0,0.0,0,2,0.0,0.0,0,0,normal_routine,0
TXN_UPI_102912,USR_4155,2025-02-10 09:03:00,674.16,Food_Dining,DEV_IN_SAMS23_065,Samsung Galaxy S23,Hyderabad,17.385,78.4867,4212.46,12124.63,-0.292,0.16,1,1,38.1833,0.0,0.0,0,0,0.0,0.0,0,0,normal_routine,0
TXN_UPI_100894,USR_4110,2025-02-10 09:11:00,144.57,Food_Dining,DEV_IN_OP12_020,OnePlus 12,Jaipur,26.9124,75.7873,5867.44,15463.96,-0.37,0.02,1,1,0.01,235.29,23529.02,0,1,0.0,0.0,1,0,normal_routine,0
TXN_UPI_101211,USR_4117,2025-02-10 09:16:00,1082.85,P2P_Transfer,DEV_IN_SAMS23_027,Samsung Galaxy S23,Kolkata,22.5726,88.3639,4617.56,10647.19,-0.332,0.23,1,1,0.01,0.0,0.0,0,1,0.0,0.0,0,0,normal_routine,0
TXN_UPI_100032,USR_4091,2025-02-10 09:40:00,246.12,Groceries_Daily,DEV_IN_IPH15_001,iPhone 15,Bengaluru,12.9716,77.5946,6751.47,18606.36,-0.35,0.04,1,1,156.55,0.0,0.0,0,0,0.0,0.0,0,0,normal_routine,0
TXN_UPI_102554,USR_4147,2025-02-10 09:46:00,317.87,Groceries_Daily,DEV_IN_XRN13_057,Xiaomi Redmi Note 13,Pune,18.5204,73.8567,8721.75,19168.59,-0.438,0.04,1,1,46.05,0.0,0.0,0,0,0.0,0.0,0,0,normal_routine,0
TXN_UPI_101118,USR_4115,2025-02-10 09:50:00,976.04,P2P_Transfer,DEV_IN_XRN13_025,Xiaomi Redmi Note 13,Bengaluru,12.9716,77.5946,3706.07,13429.19,-0.203,0.26,1,1,0.01,0.0,0.0,0,1,0.0,0.0,0,0,normal_routine,0
TXN_UPI_102060,USR_4136,2025-02-10 09:54:00,6601.22,Groceries_Daily,DEV_IN_NEW_046,Samsung Galaxy S24,Pune,18.5204,73.8567,2924.65,7416.78,0.496,2.26,0,1,111.1833,0.0,0.0,0,0,0.0,0.0,0,0,benign_new_device,0
TXN_UPI_103459,USR_4167,2025-02-10 11:05:00,1563.91,P2P_Transfer,DEV_IN_XRN13_077,Xiaomi Redmi Note 13,Hyderabad,17.385,78.4867,9441.65,20515.23,-0.384,0.17,1,1,0.01,0.0,0.0,0,2,0.0,0.0,0,0,normal_routine,0
TXN_UPI_101074,USR_4114,2025-02-10 11:11:00,214.43,Food_Dining,DEV_IN_SAMS23_024,Samsung Galaxy S23,Delhi,28.6139,77.209,5130.39,13015.46,-0.378,0.04,1,1,0.01,0.0,0.0,0,1,0.0,0.0,0,0,normal_routine,0
TXN_UPI_100936,USR_4111,2025-02-10 11:19:00,1116.37,Utility_Bills,DEV_IN_SAMS23_021,Samsung Galaxy S23,Hyderabad,17.385,78.4867,9648.04,20455.07,-0.417,0.12,1,1,142.65,520.05,3.65,0,0,0.0,0.0,0,0,normal_routine,0
TXN_UPI_102375,USR_4143,2025-02-10 11:23:00,410.78,Groceries_Daily,DEV_IN_XRN13_053,Xiaomi Redmi Note 13,Pune,18.5204,73.8567,3043.05,12601.89,-0.209,0.13,1,1,145.5667,0.0,0.0,0,0,0.0,0.0,0,0,normal_routine,0
TXN_UPI_102198,USR_4139,2025-02-10 11:33:00,590.63,P2P_Transfer,DEV_IN_OP12_049,OnePlus 12,Pune,18.5204,73.8567,3717.66,9453.85,-0.331,0.16,1,1,38.3333,0.0,0.0,0,2,0.0,0.0,0,0,normal_routine,0
TXN_UPI_102649,USR_4149,2025-02-10 11:40:00,1199.43,P2P_Transfer,DEV_IN_SAMS23_059,Samsung Galaxy S23,Hyderabad,17.385,78.4867,5765.86,12087.7,-0.378,0.21,1,1,63.4333,0.0,0.0,0,2,0.0,0.0,0,0,normal_routine,0
TXN_UPI_103320,USR_4164,2025-02-10 11:53:00,1217.05,Utility_Bills,DEV_IN_IPH15_074,iPhone 15,Delhi,28.6139,77.209,10033.99,18654.43,-0.473,0.12,1,1,14.8833,0.0,0.0,0,2,0.0,0.0,0,0,normal_routine,0
TXN_UPI_100709,USR_4106,2025-02-10 11:59:00,330.77,Food_Dining,DEV_IN_OP12_016,OnePlus 12,Pune,18.5204,73.8567,1537.6,3437.43,-0.351,0.22,1,1,185.0667,0.0,0.0,0,0,0.0,0.0,0,0,normal_routine,0
TXN_UPI_101346,USR_4120,2025-02-10 13:03:00,818.0,P2P_Transfer,DEV_IN_OP12_030,OnePlus 12,Kolkata,22.5726,88.3639,5373.4,15362.68,-0.297,0.15,1,1,0.01,0.0,0.0,0,4,0.0,0.0,0,0,normal_routine,0
TXN_UPI_102696,USR_4150,2025-02-10 13:06:00,618.01,Utility_Bills,DEV_IN_SAMS23_060,Samsung Galaxy S23,Mumbai,19.076,72.8777,5158.19,11183.28,-0.406,0.12,1,1,0.01,0.0,0.0,0,4,0.0,0.0,0,0,normal_routine,0
TXN_UPI_102784,USR_4152,2025-02-10 13:09:00,1972.25,Utility_Bills,DEV_IN_OP12_062,OnePlus 12,Bengaluru,12.9716,77.5946,5741.38,13043.08,-0.289,0.34,1,1,0.01,0.0,0.0,0,3,0.0,0.0,0,0,normal_routine,0
TXN_UPI_103543,USR_4169,2025-02-10 13:25:00,3539.45,Travel_Ticketing,DEV_IN_IPH15_079,iPhone 15,Jaipur,26.9124,75.7873,7177.23,15558.03,-0.234,0.49,1,1,159.4667,1357.77,8.51,0,0,0.0,0.0,0,0,benign_travel,0
TXN_UPI_101114,USR_4115,2025-02-10 13:37:00,118.77,Groceries_Daily,DEV_IN_XRN13_025,Xiaomi Redmi Note 13,Bengaluru,12.9716,77.5946,4096.46,14169.49,-0.281,0.03,1,1,0.01,0.0,0.0,0,1,0.0,0.0,0,0,normal_routine,0
TXN_UPI_102285,USR_4141,2025-02-10 13:42:00,822.57,P2P_Transfer,DEV_IN_OP12_051,OnePlus 12,Hyderabad,17.385,78.4867,6105.49,15519.88,-0.34,0.13,1,1,91.6,0.0,0.0,0,3,0.0,0.0,0,0,normal_routine,0
TXN_UPI_100350,USR_4098,2025-02-10 13:48:00,1347.77,Utility_Bills,DEV_IN_IPH15_008,iPhone 15,Hyderabad,17.385,78.4867,8027.21,18351.26,-0.364,0.17,1,1,29.3667,0.0,0.0,0,0,0.0,0.0,0,0,normal_routine,0
TXN_UPI_101025,USR_4113,2025-02-10 13:48:00,84441.33,Food_Dining,DEV_IN_OP12_023,OnePlus 12,Delhi,28.6139,77.209,6807.3,16361.02,4.745,12.4,1,1,115.15,0.0,0.0,0,0,0.0,0.0,0,0,benign_festive_spend,0
TXN_UPI_102417,USR_4144,2025-02-10 13:52:00,381.08,Groceries_Daily,DEV_IN_OP12_054,OnePlus 12,Jaipur,26.9124,75.7873,3644.28,9459.83,-0.345,0.1,1,1,77.2833,0.0,0.0,0,0,0.0,0.0,0,0,normal_routine,0
TXN_UPI_103546,USR_4169,2025-02-10 16:34:00,15344.3,Travel_Ticketing,DEV_IN_IPH15_079,iPhone 15,Jaipur,26.9124,75.7873,8522.82,17650.68,0.386,1.8,1,1,139.6667,7937.78,56.83,0,0,0.0,0.0,0,0,benign_travel,0
TXN_UPI_101480,USR_4123,2025-02-10 17:07:00,12221.19,Travel_Ticketing,DEV_IN_OP12_033,OnePlus 12,Goa,15.2993,74.124,2901.75,8044.19,1.159,4.21,1,1,0.01,706.92,70691.62,0,1,0.0,0.0,1,0,benign_travel,0
TXN_UPI_101209,USR_4117,2025-02-10 18:13:00,94.21,Food_Dining,DEV_IN_SAMS23_027,Samsung Galaxy S23,Kolkata,22.5726,88.3639,4852.08,10873.31,-0.438,0.02,1,1,21.8,0.0,0.0,0,3,0.0,0.0,0,0,normal_routine,0
TXN_UPI_101883,USR_4132,2025-02-10 18:20:00,79706.3,Food_Dining,DEV_IN_OP12_042,OnePlus 12,Hyderabad,17.385,78.4867,2573.68,8973.61,8.596,30.97,1,1,0.01,0.0,0.0,0,2,0.0,0.0,0,0,benign_festive_spend,0
TXN_UPI_100443,USR_4100,2025-02-10 18:22:00,13319.96,Travel_Ticketing,DEV_IN_OP12_010,OnePlus 12,Jaipur,26.9124,75.7873,5350.03,13869.47,0.575,2.49,1,1,0.01,953.87,95387.07,0,1,0.0,0.0,1,0,benign_travel,0
TXN_UPI_101700,USR_4128,2025-02-10 18:23:00,401.03,P2P_Transfer,DEV_BURNER_37,Realme C11,Bengaluru,12.9716,77.5946,5322.81,13198.28,-0.373,0.08,0,1,92.7167,0.0,0.0,0,0,0.0,0.0,0,1,stealth_micro_fraud,1
TXN_UPI_103053,USR_4158,2025-02-10 18:25:00,584.86,Utility_Bills,DEV_IN_SAMS23_068,Samsung Galaxy S23,Jaipur,26.9124,75.7873,7551.19,15451.04,-0.451,0.08,1,1,0.01,0.0,0.0,0,1,0.0,0.0,0,0,normal_routine,0
TXN_UPI_100846,USR_4109,2025-02-10 18:26:00,147.45,Groceries_Daily,DEV_IN_IPH15_019,iPhone 15,Pune,18.5204,73.8567,7741.73,17574.91,-0.432,0.02,1,1,53.0333,0.0,0.0,0,0,0.0,0.0,0,0,normal_routine,0
TXN_UPI_102462,USR_4145,2025-02-10 18:26:00,430.67,Groceries_Daily,DEV_IN_SAMS23_055,Samsung Galaxy S23,Mumbai,19.076,72.8777,9830.85,20315.69,-0.463,0.04,1,1,106.0333,0.0,0.0,0,0,0.0,0.0,0,0,normal_routine,0
TXN_UPI_101113,USR_4115,2025-02-10 18:45:00,931.53,P2P_Transfer,DEV_IN_XRN13_025,Xiaomi Redmi Note 13,Bengaluru,12.9716,77.5946,4195.36,14377.97,-0.227,0.22,1,1,53.15,0.0,0.0,0,0,0.0,0.0,0,0,normal_routine,0
TXN_UPI_103318,USR_4164,2025-02-10 19:00:00,223.4,Groceries_Daily,DEV_IN_IPH15_074,iPhone 15,Delhi,28.6139,77.209,10590.07,19090.0,-0.543,0.02,1,1,72.5667,1514.09,20.86,0,0,0.0,0.0,0,0,normal_routine,0
TXN_UPI_100982,USR_4112,2025-02-10 19:09:00,879.87,Gaming_Crypto,DEV_BURNER_21,Itel A50 Burner,Hyderabad,17.385,78.4867,3427.98,12375.78,-0.206,0.26,0,1,0.01,0.0,0.0,0,1,0.0,0.0,0,1,stealth_micro_fraud,1
TXN_UPI_101388,USR_4121,2025-02-10 19:14:00,278.54,Food_Dining,DEV_IN_OP12_031,OnePlus 12,Kolkata,22.5726,88.3639,10684.67,21135.09,-0.492,0.03,1,1,86.6167,0.0,0.0,0,0,0.0,0.0,0,0,normal_routine,0
TXN_UPI_101076,USR_4114,2025-02-10 19:23:00,592.65,Food_Dining,DEV_IN_SAMS23_024,Samsung Galaxy S23,Delhi,28.6139,77.209,4888.85,12729.53,-0.337,0.12,1,1,0.01,0.0,0.0,0,3,0.0,0.0,0,0,normal_routine,0
TXN_UPI_102920,USR_4155,2025-02-10 19:31:00,622.09,P2P_Transfer,DEV_IN_SAMS23_065,Samsung Galaxy S23,Hyderabad,17.385,78.4867,4306.24,11909.73,-0.309,0.14,1,1,22.3,0.0,0.0,0,2,0.0,0.0,0,0,normal_routine,0
TXN_UPI_102418,USR_4144,2025-02-10 19:37:00,367.0,Groceries_Daily,DEV_IN_OP12_054,OnePlus 12,Jaipur,26.9124,75.7873,3542.3,9328.15,-0.34,0.1,1,1,5.75,0.0,0.0,0,0,0.0,0.0,0,0,normal_routine,0
TXN_UPI_102286,USR_4141,2025-02-10 19:39:00,961.54,Utility_Bills,DEV_IN_OP12_051,OnePlus 12,Hyderabad,17.385,78.4867,5954.55,15321.86,-0.326,0.16,1,1,5.95,0.0,0.0,0,4,0.0,0.0,0,0,normal_routine,0
TXN_UPI_102066,USR_4136,2025-02-10 19:59:00,705.72,P2P_Transfer,DEV_IN_SAMS23_046,Samsung Galaxy S23,Pune,18.5204,73.8567,3739.55,8833.28,-0.343,0.19,1,1,0.01,0.0,0.0,0,1,0.0,0.0,0,0,normal_routine,0
TXN_UPI_102913,USR_4155,2025-02-10 20:01:00,213.4,Groceries_Daily,DEV_IN_SAMS23_065,Samsung Galaxy S23,Hyderabad,17.385,78.4867,4101.88,11949.55,-0.325,0.05,1,1,10.9667,0.0,0.0,0,0,0.0,0.0,0,0,normal_routine,0
TXN_UPI_103143,USR_4160,2025-02-10 20:03:00,384.92,Food_Dining,DEV_IN_OP12_070,OnePlus 12,Chennai,13.0827,80.2707,6414.48,14401.8,-0.419,0.06,1,1,0.01,8429.29,842929.04,0,2,0.0,0.0,1,0,normal_routine,0
TXN_UPI_100397,USR_4099,2025-02-10 20:12:00,329.6,Food_Dining,DEV_IN_XRN13_009,Xiaomi Redmi Note 13,Mumbai,19.076,72.8777,6858.03,16474.36,-0.396,0.05,1,1,0.01,0.0,0.0,0,2,0.0,0.0,0,0,normal_routine,0
TXN_UPI_102014,USR_4135,2025-02-10 20:12:00,590.94,Food_Dining,DEV_IN_OP12_045,OnePlus 12,Bengaluru,12.9716,77.5946,4936.91,13926.17,-0.312,0.12,1,1,49.8167,0.0,0.0,0,0,0.0,0.0,0,0,normal_routine,0
TXN_UPI_102237,USR_4140,2025-02-10 20:13:00,607.48,P2P_Transfer,DEV_IN_XRN13_050,Xiaomi Redmi Note 13,Chennai,13.0827,80.2707,2885.48,9538.72,-0.239,0.21,1,1,30.6,0.0,0.0,0,0,0.0,0.0,0,0,normal_routine,0
TXN_UPI_103503,USR_4168,2025-02-10 20:15:00,856.71,P2P_Transfer,DEV_IN_XRN13_078,Xiaomi Redmi Note 13,Pune,18.5204,73.8567,6912.56,16256.66,-0.373,0.12,1,1,96.8333,0.0,0.0,0,3,0.0,0.0,0,0,normal_routine,0
TXN_UPI_102516,USR_4146,2025-02-10 20:16:00,294.7,Food_Dining,DEV_IN_SAMS23_056,Samsung Galaxy S23,Hyderabad,17.385,78.4867,11372.86,22621.46,-0.49,0.03,1,1,0.01,0.0,0.0,0,1,0.0,0.0,0,0,normal_routine,0
TXN_UPI_102246,USR_4140,2025-02-10 20:18:00,712.19,Groceries_Daily,DEV_IN_XRN13_050,Xiaomi Redmi Note 13,Chennai,13.0827,80.2707,2368.71,8453.21,-0.196,0.3,1,1,0.01,0.0,0.0,0,3,0.0,0.0,0,0,normal_routine,0
TXN_UPI_101521,USR_4124,2025-02-10 20:20:00,367.48,Food_Dining,DEV_IN_IPH15_034,iPhone 15,Kolkata,22.5726,88.3639,9523.22,20067.15,-0.456,0.04,1,1,131.4167,0.0,0.0,0,2,0.0,0.0,0,0,normal_routine,0
TXN_UPI_100034,USR_4091,2025-02-10 20:24:00,233.78,Food_Dining,DEV_IN_IPH15_001,iPhone 15,Bengaluru,12.9716,77.5946,6378.2,18093.7,-0.34,0.04,1,1,120.85,0.0,0.0,0,0,0.0,0.0,0,0,normal_routine,0
TXN_UPI_102282,USR_4141,2025-02-10 20:27:00,236.52,Groceries_Daily,DEV_IN_OP12_051,OnePlus 12,Hyderabad,17.385,78.4867,6361.3,16184.84,-0.378,0.04,1,1,239.6667,0.0,0.0,0,0,0.0,0.0,0,0,normal_routine,0
TXN_UPI_102464,USR_4145,2025-02-10 20:33:00,170.13,Food_Dining,DEV_IN_SAMS23_055,Samsung Galaxy S23,Mumbai,19.076,72.8777,9282.19,19808.75,-0.46,0.02,1,1,81.4333,0.0,0.0,0,0,0.0,0.0,0,0,normal_routine,0
TXN_UPI_101249,USR_4118,2025-02-10 20:34:00,1056.83,Utility_Bills,DEV_IN_IPH15_028,iPhone 15,Hyderabad,17.385,78.4867,6318.55,14503.26,-0.363,0.17,1,1,73.0333,0.0,0.0,0,0,0.0,0.0,0,0,normal_routine,0
TXN_UPI_102149,USR_4138,2025-02-10 20:43:00,39339.57,Jewelry_Luxury,DEV_IN_IPH15_048,iPhone 15,Delhi,28.6139,77.209,6741.09,15840.28,2.058,5.84,1,1,0.01,0.0,0.0,0,1,0.0,0.0,0,0,benign_festive_spend,0
TXN_UPI_103458,USR_4167,2025-02-10 20:52:00,468.79,Groceries_Daily,DEV_IN_XRN13_077,Xiaomi Redmi Note 13,Hyderabad,17.385,78.4867,9684.16,20736.8,-0.444,0.05,1,1,0.01,0.0,0.0,0,1,0.0,0.0,0,0,normal_routine,0
TXN_UPI_103461,USR_4167,2025-02-10 20:55:00,17839.62,Jewelry_Luxury,DEV_IN_XRN13_077,Xiaomi Redmi Note 13,Hyderabad,17.385,78.4867,9446.3,20075.06,0.418,1.89,1,1,0.01,520.05,52004.67,0,1,0.0,0.0,1,0,benign_festive_spend,0
TXN_UPI_100572,USR_4103,2025-02-10 21:06:00,407.91,Food_Dining,DEV_IN_SAMS23_013,Samsung Galaxy S23,Hyderabad,17.385,78.4867,9230.73,22807.28,-0.387,0.04,1,1,98.8667,0.0,0.0,0,0,0.0,0.0,0,0,normal_routine,0
TXN_UPI_102691,USR_4150,2025-02-10 21:16:00,1468.89,P2P_Transfer,DEV_IN_SAMS23_060,Samsung Galaxy S23,Mumbai,19.076,72.8777,5780.23,11823.21,-0.365,0.25,1,1,0.01,0.0,0.0,0,1,0.0,0.0,0,0,normal_routine,0
TXN_UPI_100311,USR_4097,2025-02-10 21:17:00,376.64,Groceries_Daily,DEV_IN_XRN13_007,Xiaomi Redmi Note 13,Delhi,28.6139,77.209,6423.0,14571.79,-0.415,0.06,1,1,0.01,0.0,0.0,0,4,0.0,0.0,0,0,normal_routine,0
TXN_UPI_100800,USR_4108,2025-02-10 21:19:00,182.35,Groceries_Daily,DEV_IN_IPH15_018,iPhone 15,Delhi,28.6139,77.209,11922.4,19259.51,-0.61,0.02,1,1,95.7667,0.0,0.0,0,0,0.0,0.0,0,0,normal_routine,0
TXN_UPI_100399,USR_4099,2025-02-10 21:22:00,669.0,P2P_Transfer,DEV_IN_XRN13_009,Xiaomi Redmi Note 13,Mumbai,19.076,72.8777,6515.68,16100.61,-0.363,0.1,1,1,0.01,0.0,0.0,0,4,0.0,0.0,0,0,normal_routine,0
TXN_UPI_102111,USR_4137,2025-02-10 21:22:00,38450.94,Electronics_Gadgets,DEV_IN_OP12_047,OnePlus 12,Hyderabad,17.385,78.4867,12708.08,22351.56,1.152,3.03,1,1,27.35,0.0,0.0,0,2,0.0,0.0,0,0,benign_festive_spend,0
TXN_UPI_101427,USR_4122,2025-02-10 21:30:00,352.34,Groceries_Daily,DEV_IN_XRN13_032,Xiaomi Redmi Note 13,Delhi,28.6139,77.209,4783.19,11310.8,-0.392,0.07,1,1,98.8667,0.0,0.0,0,0,0.0,0.0,0,0,normal_routine,0
TXN_UPI_102556,USR_4147,2025-02-10 21:40:00,311.95,Food_Dining,DEV_IN_XRN13_057,Xiaomi Redmi Note 13,Pune,18.5204,73.8567,8237.63,18716.46,-0.423,0.04,1,1,109.25,0.0,0.0,0,0,0.0,0.0,0,0,normal_routine,0
TXN_UPI_100221,USR_4095,2025-02-10 21:46:00,513.41,Food_Dining,DEV_IN_IPH15_005,iPhone 15,Kolkata,22.5726,88.3639,11290.4,21407.28,-0.503,0.05,1,1,0.01,1700.57,170056.57,0,2,0.0,0.0,1,0,normal_routine,0
TXN_UPI_101701,USR_4128,2025-02-10 21:48:00,528.35,Groceries_Daily,DEV_IN_SAMS23_038,Samsung Galaxy S23,Bengaluru,12.9716,77.5946,5182.18,13034.18,-0.357,0.1,1,1,3.4167,0.0,0.0,0,0,0.0,0.0,0,0,normal_routine,0
TXN_UPI_102148,USR_4138,2025-02-10 21:54:00,580.1,Utility_Bills,DEV_IN_IPH15_048,iPhone 15,Delhi,28.6139,77.209,6933.62,16047.81,-0.396,0.08,1,1,121.5333,0.0,0.0,0,0,0.0,0.0,0,0,normal_routine,0
TXN_UPI_102642,USR_4149,2025-02-11 00:05:00,5023.51,Travel_Ticketing,DEV_IN_SAMS23_059,Samsung Galaxy S23,Goa,15.2993,74.124,5603.94,11953.11,-0.049,0.9,1,1,250.8333,520.05,2.07,0,0,0.0,0.0,0,0,benign_travel,0
TXN_UPI_103184,USR_4161,2025-02-11 00:13:00,8491.48,Travel_Ticketing,DEV_IN_OP12_071,OnePlus 12,Jaipur,26.9124,75.7873,4544.18,14912.66,0.265,1.87,1,1,172.9667,1357.77,7.85,0,0,0.0,0.0,0,0,benign_travel,0
TXN_UPI_101974,USR_4134,2025-02-11 01:54:00,172.65,Gaming_Crypto,DEV_BOTNET_43,Automated Script Bot,Chennai,13.0827,80.2707,8340.4,17245.13,-0.474,0.02,0,1,0.01,0.0,0.0,1,8,1.5,0.11,0,1,credential_stuffing_burst,1
TXN_UPI_100123,USR_4093,2025-02-11 02:32:00,38.61,Gaming_Crypto,DEV_BOTNET_02,Automated Script Bot,Mumbai,19.076,72.8777,5382.11,13408.95,-0.399,0.01,0,1,102.0833,0.0,0.0,1,12,1.5,0.11,0,1,credential_stuffing_burst,1
TXN_UPI_100126,USR_4093,2025-02-11 08:00:00,480.59,Groceries_Daily,DEV_IN_IPH15_003,iPhone 15,Mumbai,19.076,72.8777,5767.51,13490.09,-0.392,0.08,1,1,60.2167,0.0,0.0,0,0,0.0,0.0,0,0,normal_routine,0
TXN_UPI_103500,USR_4168,2025-02-11 08:22:00,528.59,P2P_Transfer,DEV_IN_XRN13_078,Xiaomi Redmi Note 13,Pune,18.5204,73.8567,6374.35,16013.07,-0.365,0.08,1,1,83.9167,0.0,0.0,0,0,0.0,0.0,0,0,normal_routine,0
TXN_UPI_103186,USR_4161,2025-02-11 08:34:00,26932.13,Jewelry_Luxury,DEV_IN_OP12_071,OnePlus 12,Kolkata,22.5726,88.3639,4532.74,14514.3,1.543,5.94,1,1,61.2667,0.0,0.0,0,0,0.0,0.0,0,0,benign_festive_spend,0
TXN_UPI_102244,USR_4140,2025-02-11 08:54:00,950.07,P2P_Transfer,DEV_IN_XRN13_050,Xiaomi Redmi Note 13,Chennai,13.0827,80.2707,2460.46,8662.78,-0.174,0.39,1,1,0.01,0.0,0.0,0,1,0.0,0.0,0,0,normal_routine,0
TXN_UPI_100081,USR_4092,2025-02-11 09:09:00,2071.61,P2P_Transfer,DEV_BURNER_01,Realme C11,Kolkata,22.5726,88.3639,8525.84,19457.09,-0.332,0.24,0,1,45.5167,0.0,0.0,0,0,0.0,0.0,0,1,stealth_micro_fraud,1
TXN_UPI_102064,USR_4136,2025-02-11 09:14:00,2185.15,Utility_Bills,DEV_IN_SAMS23_046,Samsung Galaxy S23,Pune,18.5204,73.8567,3870.15,9041.41,-0.186,0.56,1,1,0.01,0.0,0.0,0,1,0.0,0.0,0,0,normal_routine,0
TXN_UPI_101884,USR_4132,2025-02-11 09:33:00,712.17,Utility_Bills,DEV_IN_OP12_042,OnePlus 12,Hyderabad,17.385,78.4867,4603.48,15193.77,-0.256,0.15,1,1,15.2167,0.0,0.0,0,3,0.0,0.0,0,0,normal_routine,0
TXN_UPI_103274,USR_4163,2025-02-11 09:42:00,500.2,Groceries_Daily,DEV_IN_XRN13_073,Xiaomi Redmi Note 13,Chennai,13.0827,80.2707,6630.56,14008.59,-0.438,0.08,1,1,62.0167,0.0,0.0,0,0,0.0,0.0,0,0,normal_routine,0
TXN_UPI_100978,USR_4112,2025-02-11 09:43:00,391.68,Groceries_Daily,DEV_IN_SAMS23_022,Samsung Galaxy S23,Hyderabad,17.385,78.4867,3786.63,13082.28,-0.26,0.1,1,1,86.3667,0.0,0.0,0,0,0.0,0.0,0,0,normal_routine,0
TXN_UPI_102961,USR_4156,2025-02-11 09:48:00,30554.62,Electronics_Gadgets,DEV_IN_SAMS23_066,Samsung Galaxy S23,Jaipur,26.9124,75.7873,3357.39,9383.53,2.898,9.1,1,1,72.05,0.0,0.0,0,0,0.0,0.0,0,0,benign_festive_spend,0
TXN_UPI_102106,USR_4137,2025-02-11 09:53:00,278.12,Groceries_Daily,DEV_IN_OP12_047,OnePlus 12,Hyderabad,17.385,78.4867,14196.7,23476.07,-0.593,0.02,1,1,80.8333,0.0,0.0,0,2,0.0,0.0,0,0,normal_routine,0
TXN_UPI_101929,USR_4133,2025-02-11 09:59:00,146.04,Food_Dining,DEV_IN_IPH15_043,iPhone 15,Delhi,28.6139,77.209,4353.6,12642.34,-0.333,0.03,1,1,63.7167,0.0,0.0,0,0,0.0,0.0,0,0,normal_routine,0
TXN_UPI_101163,USR_4116,2025-02-11 11:12:00,685.01,P2P_Transfer,DEV_IN_OP12_026,OnePlus 12,Hyderabad,17.385,78.4867,7103.32,17471.95,-0.367,0.1,1,1,109.75,0.0,0.0,0,3,0.0,0.0,0,0,normal_routine,0
TXN_UPI_103235,USR_4162,2025-02-11 11:42:00,683.06,Groceries_Daily,DEV_IN_XRN13_072,Xiaomi Redmi Note 13,Bengaluru,12.9716,77.5946,8337.57,17825.67,-0.429,0.08,1,1,0.01,0.0,0.0,0,1,0.0,0.0,0,0,normal_routine,0
TXN_UPI_101435,USR_4122,2025-02-11 11:50:00,185.98,Groceries_Daily,DEV_IN_XRN13_032,Xiaomi Redmi Note 13,Delhi,28.6139,77.209,4092.39,10196.7,-0.383,0.05,1,1,46.6833,0.0,0.0,0,2,0.0,0.0,0,0,normal_routine,0
TXN_UPI_103011,USR_4157,2025-02-11 11:59:00,1036.94,Utility_Bills,DEV_IN_SAMS23_067,Samsung Galaxy S23,Jaipur,26.9124,75.7873,7301.27,16482.16,-0.38,0.14,1,1,0.01,0.0,0.0,0,1,0.0,0.0,0,0,normal_routine,0
TXN_UPI_100714,USR_4106,2025-02-11 13:00:00,79566.31,Jewelry_Luxury,DEV_IN_OP12_016,OnePlus 12,Pune,18.5204,73.8567,3564.68,12999.24,5.847,22.32,1,1,0.01,0.0,0.0,0,1,0.0,0.0,0,0,benign_festive_spend,0
TXN_UPI_103550,USR_4169,2025-02-11 13:02:00,1391.98,Utility_Bills,DEV_IN_IPH15_079,iPhone 15,Kolkata,22.5726,88.3639,8748.41,17083.68,-0.431,0.16,1,1,0.01,0.0,0.0,0,1,0.0,0.0,0,0,normal_routine,0
TXN_UPI_101340,USR_4120,2025-02-11 13:04:00,364.91,Groceries_Daily,DEV_IN_OP12_030,OnePlus 12,Kolkata,22.5726,88.3639,3982.7,11081.13,-0.326,0.09,1,1,187.0167,0.0,0.0,0,0,0.0,0.0,0,0,normal_routine,0
TXN_UPI_102333,USR_4142,2025-02-11 13:07:00,63081.77,Electronics_Gadgets,DEV_IN_IPH15_052,iPhone 15,Hyderabad,17.385,78.4867,4881.85,12568.77,4.631,12.92,1,1,0.01,0.0,0.0,0,1,0.0,0.0,0,0,benign_festive_spend,0
TXN_UPI_100579,USR_4103,2025-02-11 13:09:00,908.85,P2P_Transfer,DEV_IN_SAMS23_013,Samsung Galaxy S23,Hyderabad,17.385,78.4867,10388.86,22409.21,-0.423,0.09,1,1,0.01,0.0,0.0,0,1,0.0,0.0,0,0,normal_routine,0
TXN_UPI_102154,USR_4138,2025-02-11 13:09:00,265.93,Food_Dining,DEV_IN_IPH15_048,iPhone 15,Delhi,28.6139,77.209,6931.05,15813.57,-0.421,0.04,1,1,0.01,0.0,0.0,0,1,0.0,0.0,0,0,normal_routine,0
TXN_UPI_100896,USR_4110,2025-02-11 13:12:00,761.78,P2P_Transfer,DEV_IN_OP12_020,OnePlus 12,Jaipur,26.9124,75.7873,5609.91,15114.69,-0.321,0.14,1,1,0.01,0.0,0.0,0,1,0.0,0.0,0,0,normal_routine,0
TXN_UPI_100623,USR_4104,2025-02-11 13:19:00,248.95,Groceries_Daily,DEV_IN_OP12_014,OnePlus 12,Mumbai,19.076,72.8777,10499.48,20812.51,-0.493,0.02,1,1,42.8,0.0,0.0,0,0,0.0,0.0,0,0,normal_routine,0
TXN_UPI_103097,USR_4159,2025-02-11 13:24:00,474.19,Groceries_Daily,DEV_IN_XRN13_069,Xiaomi Redmi Note 13,Delhi,28.6139,77.209,10402.91,22282.87,-0.446,0.05,1,1,0.01,0.0,0.0,0,2,0.0,0.0,0,0,normal_routine,0
TXN_UPI_103593,USR_4170,2025-02-11 13:28:00,446.66,Groceries_Daily,DEV_IN_IPH15_080,iPhone 15,Chennai,13.0827,80.2707,6640.52,15175.48,-0.408,0.07,1,1,0.01,0.0,0.0,0,1,0.0,0.0,0,0,normal_routine,0
TXN_UPI_102241,USR_4140,2025-02-11 13:43:00,852.55,Groceries_Daily,DEV_IN_XRN13_050,Xiaomi Redmi Note 13,Chennai,13.0827,80.2707,2613.97,9009.68,-0.196,0.33,1,1,101.1,0.0,0.0,0,2,0.0,0.0,0,0,normal_routine,0
TXN_UPI_101614,USR_4126,2025-02-11 13:44:00,1398.43,Utility_Bills,DEV_IN_OP12_036,OnePlus 12,Chennai,13.0827,80.2707,10668.93,23681.53,-0.391,0.13,1,1,0.01,0.0,0.0,0,1,0.0,0.0,0,0,normal_routine,0
TXN_UPI_101256,USR_4118,2025-02-11 13:49:00,262.51,Food_Dining,DEV_IN_IPH15_028,iPhone 15,Hyderabad,17.385,78.4867,5296.05,13359.55,-0.377,0.05,1,1,0.01,0.0,0.0,0,4,0.0,0.0,0,0,normal_routine,0
TXN_UPI_102688,USR_4150,2025-02-11 13:56:00,683.84,P2P_Transfer,DEV_IN_SAMS23_060,Samsung Galaxy S23,Mumbai,19.076,72.8777,6277.45,12247.7,-0.457,0.11,1,1,130.7,0.0,0.0,0,0,0.0,0.0,0,0,normal_routine,0
TXN_UPI_100354,USR_4098,2025-02-11 13:58:00,566.07,P2P_Transfer,DEV_IN_IPH15_008,iPhone 15,Hyderabad,17.385,78.4867,8719.34,19086.2,-0.427,0.06,1,1,64.95,0.0,0.0,0,3,0.0,0.0,0,0,normal_routine,0
TXN_UPI_101887,USR_4132,2025-02-11 14:25:00,10615.23,Travel_Ticketing,DEV_IN_OP12_042,OnePlus 12,Delhi,28.6139,77.209,4375.97,14652.82,0.426,2.43,1,1,0.01,1255.39,125539.34,0,2,0.0,0.0,1,0,benign_travel,0
TXN_UPI_101478,USR_4123,2025-02-11 18:00:00,5888.81,Travel_Ticketing,DEV_IN_OP12_033,OnePlus 12,Mumbai,19.076,72.8777,2871.87,8238.26,0.366,2.05,1,1,71.9333,1033.1,14.36,0,0,0.0,0.0,0,0,benign_travel,0
TXN_UPI_102559,USR_4147,2025-02-11 18:06:00,338.21,Food_Dining,DEV_IN_XRN13_057,Xiaomi Redmi Note 13,Pune,18.5204,73.8567,7613.76,18088.42,-0.402,0.04,1,1,0.01,0.0,0.0,0,1,0.0,0.0,0,0,normal_routine,0
TXN_UPI_102108,USR_4137,2025-02-11 18:10:00,9969.39,Travel_Ticketing,DEV_IN_OP12_047,OnePlus 12,Goa,15.2993,74.124,13444.29,23048.7,-0.151,0.74,1,1,56.4167,520.05,9.22,0,4,0.0,0.0,0,0,benign_travel,0
TXN_UPI_103004,USR_4157,2025-02-11 18:11:00,448.89,Groceries_Daily,DEV_IN_SAMS23_067,Samsung Galaxy S23,Jaipur,26.9124,75.7873,8717.48,17826.58,-0.464,0.05,1,1,69.1333,0.0,0.0,0,0,0.0,0.0,0,0,normal_routine,0
TXN_UPI_100983,USR_4112,2025-02-11 18:19:00,57053.54,Jewelry_Luxury,DEV_IN_SAMS23_022,Samsung Galaxy S23,Hyderabad,17.385,78.4867,3359.11,12214.38,4.396,16.98,1,1,23.1667,0.0,0.0,0,2,0.0,0.0,0,0,benign_festive_spend,0
TXN_UPI_103141,USR_4160,2025-02-11 18:21:00,369.96,Groceries_Daily,DEV_IN_OP12_070,OnePlus 12,Chennai,13.0827,80.2707,6493.06,14761.57,-0.415,0.06,1,1,166.25,0.0,0.0,0,0,0.0,0.0,0,0,normal_routine,0
TXN_UPI_103548,USR_4169,2025-02-11 18:27:00,26151.9,Jewelry_Luxury,DEV_IN_IPH15_079,iPhone 15,Kolkata,22.5726,88.3639,8485.46,17256.34,1.024,3.08,1,1,81.25,0.0,0.0,0,0,0.0,0.0,0,0,benign_festive_spend,0
TXN_UPI_103142,USR_4160,2025-02-11 18:42:00,9708.43,P2P_Transfer,DEV_CLONE_69,Virtual Android,Lagos,6.5244,3.3792,6322.98,14589.85,0.232,1.54,0,0,0.35,8429.29,24083.69,0,1,3.0,1.4,1,1,impossible_travel_jump,1
TXN_UPI_102826,USR_4153,2025-02-11 18:51:00,559.24,Food_Dining,DEV_IN_XRN13_063,Xiaomi Redmi Note 13,Mumbai,19.076,72.8777,4974.67,13533.64,-0.326,0.11,1,1,0.01,0.0,0.0,0,1,0.0,0.0,0,0,normal_routine,0
TXN_UPI_102872,USR_4154,2025-02-11 18:55:00,143.46,Groceries_Daily,DEV_IN_IPH15_064,iPhone 15,Chennai,13.0827,80.2707,7519.65,14633.94,-0.504,0.02,1,1,119.3333,1033.1,8.66,0,3,0.0,0.0,0,0,normal_routine,0
TXN_UPI_101161,USR_4116,2025-02-11 19:02:00,1071.73,Groceries_Daily,DEV_IN_OP12_026,OnePlus 12,Hyderabad,17.385,78.4867,7465.2,17896.51,-0.357,0.14,1,1,0.01,0.0,0.0,0,1,0.0,0.0,0,0,normal_routine,0
TXN_UPI_100939,USR_4111,2025-02-11 19:04:00,356.04,P2P_Transfer,DEV_IN_SAMS23_021,Samsung Galaxy S23,Hyderabad,17.385,78.4867,8955.73,19773.4,-0.435,0.04,1,1,91.1,0.0,0.0,0,0,0.0,0.0,0,0,normal_routine,0
TXN_UPI_101654,USR_4127,2025-02-11 19:06:00,756.94,Utility_Bills,DEV_IN_XRN13_037,Xiaomi Redmi Note 13,Mumbai,19.076,72.8777,13019.95,25368.79,-0.483,0.06,1,1,202.5333,0.0,0.0,0,0,0.0,0.0,0,0,normal_routine,0
TXN_UPI_103415,USR_4166,2025-02-11 19:23:00,469.8,Groceries_Daily,DEV_IN_SAMS23_076,Samsung Galaxy S23,Bengaluru,12.9716,77.5946,4955.09,14056.58,-0.319,0.09,1,1,69.9,0.0,0.0,0,3,0.0,0.0,0,0,normal_routine,0
TXN_UPI_100351,USR_4098,2025-02-11 19:26:00,659.31,Utility_Bills,DEV_IN_IPH15_008,iPhone 15,Hyderabad,17.385,78.4867,7836.36,18121.39,-0.396,0.08,1,1,29.6333,0.0,0.0,0,0,0.0,0.0,0,0,normal_routine,0
TXN_UPI_102245,USR_4140,2025-02-11 19:28:00,300.81,Food_Dining,DEV_IN_XRN13_050,Xiaomi Redmi Note 13,Chennai,13.0827,80.2707,2421.74,8554.33,-0.248,0.12,1,1,10.5667,0.0,0.0,0,2,0.0,0.0,0,0,normal_routine,0
TXN_UPI_102104,USR_4137,2025-02-11 19:29:00,344.99,Food_Dining,DEV_IN_OP12_047,OnePlus 12,Hyderabad,17.385,78.4867,14903.3,23989.55,-0.607,0.02,1,1,202.1833,0.0,0.0,0,0,0.0,0.0,0,0,normal_routine,0
TXN_UPI_100890,USR_4110,2025-02-11 19:32:00,1807.93,Utility_Bills,DEV_IN_OP12_020,OnePlus 12,Jaipur,26.9124,75.7873,6281.56,16269.73,-0.275,0.29,1,1,137.5667,0.0,0.0,0,0,0.0,0.0,0,0,normal_routine,0
TXN_UPI_101838,USR_4131,2025-02-11 19:32:00,549.71,Food_Dining,DEV_IN_OP12_041,OnePlus 12,Bengaluru,12.9716,77.5946,10024.03,19987.0,-0.474,0.05,1,1,78.35,0.0,0.0,0,2,0.0,0.0,0,0,normal_routine,0
TXN_UPI_100439,USR_4100,2025-02-11 19:35:00,1325.76,Utility_Bills,DEV_IN_OP12_010,OnePlus 12,Pune,18.5204,73.8567,5686.73,14601.33,-0.299,0.23,1,1,49.4333,0.0,0.0,0,0,0.0,0.0,0,0,normal_routine,0
TXN_UPI_101119,USR_4115,2025-02-11 19:42:00,219.95,Food_Dining,DEV_IN_XRN13_025,Xiaomi Redmi Note 13,Bengaluru,12.9716,77.5946,3634.22,13258.52,-0.258,0.06,1,1,33.8667,0.0,0.0,0,2,0.0,0.0,0,0,normal_routine,0
TXN_UPI_101841,USR_4131,2025-02-11 19:47:00,1090.24,Utility_Bills,DEV_IN_OP12_041,OnePlus 12,Bengaluru,12.9716,77.5946,9332.76,19376.14,-0.425,0.12,1,1,0.01,0.0,0.0,0,1,0.0,0.0,0,0,normal_routine,0
TXN_UPI_101879,USR_4132,2025-02-11 19:58:00,890.1,Utility_Bills,DEV_IN_OP12_042,OnePlus 12,Hyderabad,17.385,78.4867,2803.96,9475.84,-0.202,0.32,1,1,126.1333,8215.23,65.13,0,0,0.0,0.0,0,0,normal_routine,0
TXN_UPI_100036,USR_4091,2025-02-11 20:00:00,19271.24,Electronics_Gadgets,DEV_IN_IPH15_001,iPhone 15,Bengaluru,12.9716,77.5946,6036.51,17623.91,0.751,3.19,1,1,0.01,0.0,0.0,0,1,0.0,0.0,0,0,benign_festive_spend,0
TXN_UPI_101343,USR_4120,2025-02-11 20:09:00,76672.04,Jewelry_Luxury,DEV_IN_OP12_030,OnePlus 12,Kolkata,22.5726,88.3639,3710.47,10662.76,6.843,20.66,1,1,0.01,0.0,0.0,0,1,0.0,0.0,0,0,benign_festive_spend,0
TXN_UPI_100352,USR_4098,2025-02-11 20:16:00,834.27,P2P_Transfer,DEV_IN_IPH15_008,iPhone 15,Hyderabad,17.385,78.4867,7637.0,17906.82,-0.38,0.11,1,1,0.8333,0.0,0.0,0,1,0.0,0.0,0,0,normal_routine,0
TXN_UPI_100805,USR_4108,2025-02-11 20:23:00,193.05,Food_Dining,DEV_IN_IPH15_018,iPhone 15,Delhi,28.6139,77.209,11634.27,18987.05,-0.603,0.02,1,1,80.6667,0.0,0.0,0,4,0.0,0.0,0,0,normal_routine,0
TXN_UPI_102017,USR_4135,2025-02-11 20:23:00,1101.26,Utility_Bills,DEV_IN_OP12_045,OnePlus 12,Bengaluru,12.9716,77.5946,4557.65,13392.56,-0.258,0.24,1,1,0.01,0.0,0.0,0,1,0.0,0.0,0,0,normal_routine,0
TXN_UPI_102015,USR_4135,2025-02-11 20:32:00,257.03,Groceries_Daily,DEV_IN_OP12_045,OnePlus 12,Bengaluru,12.9716,77.5946,4809.09,13739.48,-0.331,0.05,1,1,24.3333,0.0,0.0,0,0,0.0,0.0,0,0,normal_routine,0
TXN_UPI_102783,USR_4152,2025-02-11 20:37:00,426.92,P2P_Transfer,DEV_IN_OP12_062,OnePlus 12,Bengaluru,12.9716,77.5946,5885.02,13188.48,-0.414,0.07,1,1,129.1,0.0,0.0,0,2,0.0,0.0,0,0,normal_routine,0
TXN_UPI_103505,USR_4168,2025-02-11 20:46:00,146.89,Food_Dining,DEV_IN_XRN13_078,Xiaomi Redmi Note 13,Pune,18.5204,73.8567,6963.29,15916.0,-0.428,0.02,1,1,45.5167,953.87,20.96,0,0,0.0,0.0,0,0,normal_routine,0
TXN_UPI_100759,USR_4107,2025-02-11 20:48:00,696.95,P2P_Transfer,DEV_IN_OP12_017,OnePlus 12,Chennai,13.0827,80.2707,4958.28,11628.65,-0.366,0.14,1,1,46.8333,0.0,0.0,0,2,0.0,0.0,0,0,normal_routine,0
TXN_UPI_102112,USR_4137,2025-02-11 21:07:00,535.67,Food_Dining,DEV_IN_OP12_047,OnePlus 12,Hyderabad,17.385,78.4867,13335.95,22431.58,-0.571,0.04,1,1,23.75,0.0,0.0,0,3,0.0,0.0,0,0,normal_routine,0
TXN_UPI_102239,USR_4140,2025-02-11 21:11:00,1047.19,Utility_Bills,DEV_IN_XRN13_050,Xiaomi Redmi Note 13,Chennai,13.0827,80.2707,2733.4,9264.69,-0.182,0.38,1,1,48.15,0.0,0.0,0,0,0.0,0.0,0,0,normal_routine,0
TXN_UPI_102695,USR_4150,2025-02-11 21:13:00,287.05,Food_Dining,DEV_IN_SAMS23_060,Samsung Galaxy S23,Mumbai,19.076,72.8777,5283.09,11298.17,-0.442,0.05,1,1,0.01,0.0,0.0,0,3,0.0,0.0,0,0,normal_routine,0
TXN_UPI_103326,USR_4164,2025-02-11 21:24:00,309.03,Groceries_Daily,DEV_IN_IPH15_074,iPhone 15,Delhi,28.6139,77.209,8678.75,17498.86,-0.478,0.04,1,1,0.01,0.0,0.0,0,1,0.0,0.0,0,0,normal_routine,0
TXN_UPI_101072,USR_4114,2025-02-11 21:25:00,203.13,Food_Dining,DEV_IN_SAMS23_024,Samsung Galaxy S23,Delhi,28.6139,77.209,5401.3,13319.87,-0.39,0.04,1,1,153.8833,0.0,0.0,0,0,0.0,0.0,0,0,normal_routine,0
TXN_UPI_103096,USR_4159,2025-02-11 21:26:00,74111.52,Food_Dining,DEV_IN_XRN13_069,Xiaomi Redmi Note 13,Delhi,28.6139,77.209,8582.66,19784.7,3.312,8.64,1,1,0.01,0.0,0.0,0,1,0.0,0.0,0,0,benign_festive_spend,0
TXN_UPI_100940,USR_4111,2025-02-11 21:32:00,343.38,Groceries_Daily,DEV_IN_SAMS23_021,Samsung Galaxy S23,Hyderabad,17.385,78.4867,8735.23,19565.52,-0.429,0.04,1,1,2.4667,0.0,0.0,0,0,0.0,0.0,0,0,normal_routine,0
TXN_UPI_101703,USR_4128,2025-02-11 21:33:00,263.92,Groceries_Daily,DEV_IN_SAMS23_038,Samsung Galaxy S23,Bengaluru,12.9716,77.5946,5023.76,12700.64,-0.375,0.05,1,1,90.55,0.0,0.0,0,0,0.0,0.0,0,0,normal_routine,0
TXN_UPI_102426,USR_4144,2025-02-11 21:36:00,1759.42,Utility_Bills,DEV_IN_OP12_054,OnePlus 12,Jaipur,26.9124,75.7873,4037.58,10532.47,-0.216,0.44,1,1,0.01,0.0,0.0,0,2,0.0,0.0,0,0,normal_routine,0
TXN_UPI_100035,USR_4091,2025-02-11 21:51:00,563.49,Groceries_Daily,DEV_IN_IPH15_001,iPhone 15,Bengaluru,12.9716,77.5946,6197.49,17855.83,-0.316,0.09,1,1,25.45,0.0,0.0,0,0,0.0,0.0,0,0,normal_routine,0
TXN_UPI_102468,USR_4145,2025-02-11 21:59:00,989.21,P2P_Transfer,DEV_IN_SAMS23_055,Samsung Galaxy S23,Mumbai,19.076,72.8777,8349.85,18899.19,-0.389,0.12,1,1,51.0333,0.0,0.0,0,0,0.0,0.0,0,0,normal_routine,0
TXN_UPI_102018,USR_4135,2025-02-12 00:20:00,4557.33,Travel_Ticketing,DEV_IN_OP12_045,OnePlus 12,Mumbai,19.076,72.8777,4464.24,13222.22,0.007,1.02,1,1,3.95,845.32,214.0,0,2,0.0,0.0,0,0,benign_travel,0
TXN_UPI_100574,USR_4103,2025-02-12 00:46:00,15593.69,Travel_Ticketing,DEV_IN_SAMS23_013,Samsung Galaxy S23,Delhi,28.6139,77.209,8715.06,22198.52,0.31,1.79,1,1,77.6667,1255.39,16.16,0,0,0.0,0.0,0,0,benign_travel,0
TXN_UPI_101789,USR_4130,2025-02-12 01:46:00,2745.01,P2P_Transfer,DEV_IN_SAMS23_040,Samsung Galaxy S23,Pune,18.5204,73.8567,5880.06,16033.77,-0.196,0.47,1,1,64.5333,0.0,0.0,1,0,0.0,0.0,0,0,emergency_nocturnal_legit,0
TXN_UPI_102786,USR_4152,2025-02-12 02:30:00,4238.84,Food_Dining,DEV_IN_OP12_062,OnePlus 12,Bengaluru,12.9716,77.5946,5541.96,12742.6,-0.102,0.76,1,1,0.01,0.0,0.0,1,1,0.0,0.0,0,0,emergency_nocturnal_legit,0
TXN_UPI_102873,USR_4154,2025-02-12 04:17:00,45506.7,P2P_Transfer,DEV_ROGUE_EMU_63,Linux Cloud Emulator,Chennai,13.0827,80.2707,7320.3,14484.3,2.636,6.22,0,1,9.3667,0.0,0.0,1,4,1.5,2.37,0,1,hostile_account_takeover,1
TXN_UPI_103095,USR_4159,2025-02-12 08:10:00,50301.43,Jewelry_Luxury,DEV_IN_XRN13_069,Xiaomi Redmi Note 13,Delhi,28.6139,77.209,7355.64,18715.01,2.295,6.84,1,1,157.95,0.0,0.0,0,0,0.0,0.0,0,0,benign_festive_spend,0
TXN_UPI_100306,USR_4097,2025-02-12 08:34:00,902.45,Utility_Bills,DEV_IN_XRN13_007,Xiaomi Redmi Note 13,Delhi,28.6139,77.209,6624.69,15242.82,-0.375,0.14,1,1,110.2333,0.0,0.0,0,0,0.0,0.0,0,0,normal_routine,0
TXN_UPI_100981,USR_4112,2025-02-12 08:48:00,628.99,Groceries_Daily,DEV_IN_SAMS23_022,Samsung Galaxy S23,Hyderabad,17.385,78.4867,3507.95,12542.16,-0.23,0.18,1,1,180.7833,0.0,0.0,0,0,0.0,0.0,0,0,normal_routine,0
TXN_UPI_103596,USR_4170,2025-02-12 08:59:00,1156.83,Utility_Bills,DEV_IN_IPH15_080,iPhone 15,Chennai,13.0827,80.2707,6200.57,14677.47,-0.344,0.19,1,1,0.01,0.0,0.0,0,2,0.0,0.0,0,0,normal_routine,0
TXN_UPI_100444,USR_4100,2025-02-12 09:01:00,884.38,P2P_Transfer,DEV_IN_OP12_010,OnePlus 12,Pune,18.5204,73.8567,5559.76,13745.1,-0.34,0.16,1,1,38.65,953.87,24.68,0,2,0.0,0.0,0,0,normal_routine,0
TXN_UPI_103372,USR_4165,2025-02-12 09:01:00,354.34,Groceries_Daily,DEV_IN_IPH15_075,iPhone 15,Bengaluru,12.9716,77.5946,5453.21,16735.91,-0.305,0.06,1,1,0.01,0.0,0.0,0,2,0.0,0.0,0,0,normal_routine,0
TXN_UPI_102420,USR_4144,2025-02-12 09:06:00,43579.04,Electronics_Gadgets,DEV_IN_NEW_054,Samsung Galaxy S24,Jaipur,26.9124,75.7873,3363.98,9077.77,4.43,12.95,0,1,72.5167,0.0,0.0,0,0,0.0,0.0,0,0,benign_new_device,0
TXN_UPI_103456,USR_4167,2025-02-12 09:08:00,362.98,Utility_Bills,DEV_IN_XRN13_077,Xiaomi Redmi Note 13,Hyderabad,17.385,78.4867,10221.92,21195.21,-0.465,0.04,1,1,0.01,0.0,0.0,0,1,0.0,0.0,0,0,normal_routine,0
TXN_UPI_101751,USR_4129,2025-02-12 09:41:00,402.12,Food_Dining,DEV_IN_SAMS23_039,Samsung Galaxy S23,Bengaluru,12.9716,77.5946,7188.54,16899.61,-0.402,0.06,1,1,0.01,0.0,0.0,0,3,0.0,0.0,0,0,normal_routine,0
TXN_UPI_102201,USR_4139,2025-02-12 09:53:00,1695.94,P2P_Transfer,DEV_IN_OP12_049,OnePlus 12,Pune,18.5204,73.8567,3505.46,9123.22,-0.198,0.48,1,1,68.5833,0.0,0.0,0,5,0.0,0.0,0,0,normal_routine,0
TXN_UPI_100485,USR_4101,2025-02-12 11:03:00,346.41,Food_Dining,DEV_IN_IPH15_011,iPhone 15,Mumbai,19.076,72.8777,8677.22,17941.93,-0.464,0.04,1,1,122.05,0.0,0.0,0,0,0.0,0.0,0,0,normal_routine,0
TXN_UPI_101836,USR_4131,2025-02-12 11:08:00,257.21,Food_Dining,DEV_IN_OP12_041,OnePlus 12,Bengaluru,12.9716,77.5946,10569.33,20415.77,-0.505,0.02,1,1,62.3333,8140.55,130.6,0,0,0.0,0.0,0,0,normal_routine,0
TXN_UPI_101255,USR_4118,2025-02-12 11:48:00,295.34,Groceries_Daily,DEV_IN_IPH15_028,iPhone 15,Hyderabad,17.385,78.4867,5424.27,13505.41,-0.38,0.05,1,1,0.01,0.0,0.0,0,3,0.0,0.0,0,0,normal_routine,0
TXN_UPI_101294,USR_4119,2025-02-12 11:54:00,393.26,Food_Dining,DEV_IN_OP12_029,OnePlus 12,Bengaluru,12.9716,77.5946,7590.65,16758.48,-0.429,0.05,1,1,166.9,0.0,0.0,0,0,0.0,0.0,0,0,normal_routine,0
TXN_UPI_101430,USR_4122,2025-02-12 13:04:00,578.63,Groceries_Daily,DEV_IN_XRN13_032,Xiaomi Redmi Note 13,Delhi,28.6139,77.209,4548.18,10844.47,-0.366,0.13,1,1,83.8,0.0,0.0,0,0,0.0,0.0,0,0,normal_routine,0
TXN_UPI_100312,USR_4097,2025-02-12 13:05:00,159.61,Food_Dining,DEV_IN_XRN13_007,Xiaomi Redmi Note 13,Delhi,28.6139,77.209,6275.53,14423.17,-0.424,0.03,1,1,39.8,0.0,0.0,0,5,0.0,0.0,0,0,normal_routine,0
TXN_UPI_102829,USR_4153,2025-02-12 13:05:00,280.98,Groceries_Daily,DEV_IN_XRN13_063,Xiaomi Redmi Note 13,Mumbai,19.076,72.8777,4686.17,13027.47,-0.338,0.06,1,1,0.01,0.0,0.0,0,2,0.0,0.0,0,0,normal_routine,0
TXN_UPI_102869,USR_4154,2025-02-12 13:15:00,1156.1,Utility_Bills,DEV_IN_IPH15_064,iPhone 15,Chennai,13.0827,80.2707,7893.37,15187.56,-0.444,0.15,1,1,231.85,0.0,0.0,0,0,0.0,0.0,0,0,normal_routine,0
TXN_UPI_102511,USR_4146,2025-02-12 13:21:00,680.04,Utility_Bills,DEV_IN_SAMS23_056,Samsung Galaxy S23,Hyderabad,17.385,78.4867,11587.42,23120.94,-0.472,0.06,1,1,90.5,0.0,0.0,0,0,0.0,0.0,0,0,normal_routine,0
TXN_UPI_101479,USR_4123,2025-02-12 13:22:00,1020.15,P2P_Transfer,DEV_IN_OP12_033,OnePlus 12,Chennai,13.0827,80.2707,2951.26,8143.48,-0.237,0.35,1,1,19.3667,1033.1,53.34,0,0,0.0,0.0,0,0,normal_routine,0
TXN_UPI_102289,USR_4141,2025-02-12 13:38:00,1323.31,P2P_Transfer,DEV_IN_OP12_051,OnePlus 12,Hyderabad,17.385,78.4867,5586.98,14760.55,-0.289,0.24,1,1,0.01,0.0,0.0,0,1,0.0,0.0,0,0,normal_routine,0
TXN_UPI_102917,USR_4155,2025-02-12 13:40:00,242.47,Food_Dining,DEV_IN_SAMS23_065,Samsung Galaxy S23,Hyderabad,17.385,78.4867,3694.4,11325.61,-0.305,0.07,1,1,172.35,0.0,0.0,0,0,0.0,0.0,0,0,normal_routine,0
TXN_UPI_102690,USR_4150,2025-02-12 13:41:00,244.9,Food_Dining,DEV_IN_SAMS23_060,Samsung Galaxy S23,Mumbai,19.076,72.8777,5943.03,11957.09,-0.477,0.04,1,1,215.7833,0.0,0.0,0,0,0.0,0.0,0,0,normal_routine,0
TXN_UPI_102832,USR_4153,2025-02-12 13:44:00,370.89,Food_Dining,DEV_IN_XRN13_063,Xiaomi Redmi Note 13,Mumbai,19.076,72.8777,4564.25,12579.87,-0.333,0.08,1,1,0.01,1148.09,114809.49,0,2,0.0,0.0,1,0,normal_routine,0
TXN_UPI_100398,USR_4099,2025-02-12 13:49:00,377.09,Utility_Bills,DEV_IN_XRN13_009,Xiaomi Redmi Note 13,Mumbai,19.076,72.8777,6681.58,16284.66,-0.387,0.06,1,1,41.6167,0.0,0.0,0,3,0.0,0.0,0,0,normal_routine,0
TXN_UPI_100263,USR_4096,2025-02-12 17:10:00,16862.48,Travel_Ticketing,DEV_IN_SAMS23_006,Samsung Galaxy S23,Mumbai,19.076,72.8777,2474.89,5678.73,2.534,6.81,1,1,0.01,920.74,92074.24,0,1,0.0,0.0,1,0,benign_travel,0
TXN_UPI_100267,USR_4096,2025-02-12 18:08:00,337.67,Groceries_Daily,DEV_IN_SAMS23_006,Samsung Galaxy S23,Jaipur,26.9124,75.7873,4296.38,11287.24,-0.351,0.08,1,1,0.01,0.0,0.0,0,1,0.0,0.0,0,0,normal_routine,0
TXN_UPI_102967,USR_4156,2025-02-12 18:16:00,299.05,Groceries_Daily,DEV_IN_SAMS23_066,Samsung Galaxy S23,Jaipur,26.9124,75.7873,3758.04,9677.48,-0.357,0.08,1,1,0.01,0.0,0.0,0,3,0.0,0.0,0,0,normal_routine,0
TXN_UPI_102824,USR_4153,2025-02-12 18:18:00,968.17,Utility_Bills,DEV_IN_XRN13_063,Xiaomi Redmi Note 13,Mumbai,19.076,72.8777,5239.15,13893.46,-0.307,0.18,1,1,87.6833,0.0,0.0,0,0,0.0,0.0,0,0,normal_routine,0
TXN_UPI_100396,USR_4099,2025-02-12 18:31:00,1559.97,Utility_Bills,DEV_IN_XRN13_009,Xiaomi Redmi Note 13,Mumbai,19.076,72.8777,7009.4,16683.35,-0.327,0.22,1,1,0.01,0.0,0.0,0,1,0.0,0.0,0,0,normal_routine,0
TXN_UPI_100169,USR_4094,2025-02-12 18:37:00,381.27,Groceries_Daily,DEV_IN_SAMS23_004,Samsung Galaxy S23,Bengaluru,12.9716,77.5946,6684.98,17621.73,-0.358,0.06,1,1,245.5,0.0,0.0,0,0,0.0,0.0,0,0,normal_routine,0
TXN_UPI_100132,USR_4093,2025-02-12 18:55:00,1588.88,Utility_Bills,DEV_IN_IPH15_003,iPhone 15,Mumbai,19.076,72.8777,5364.41,12694.62,-0.297,0.3,1,1,0.01,1148.09,114809.49,0,2,0.0,0.0,1,0,normal_routine,0
TXN_UPI_100627,USR_4104,2025-02-12 18:59:00,46418.16,Jewelry_Luxury,DEV_IN_OP12_014,OnePlus 12,Mumbai,19.076,72.8777,9544.03,19984.94,1.845,4.86,1,1,0.01,0.0,0.0,0,2,0.0,0.0,0,0,benign_festive_spend,0
TXN_UPI_102063,USR_4136,2025-02-12 19:06:00,2446.06,Utility_Bills,DEV_IN_SAMS23_046,Samsung Galaxy S23,Pune,18.5204,73.8567,3908.63,9159.7,-0.16,0.63,1,1,77.3667,0.0,0.0,0,0,0.0,0.0,0,0,normal_routine,0
TXN_UPI_102151,USR_4138,2025-02-12 19:07:00,210.74,P2P_Transfer,DEV_IN_IPH15_048,iPhone 15,Delhi,28.6139,77.209,7487.17,16357.98,-0.445,0.03,1,1,77.3,0.0,0.0,0,0,0.0,0.0,0,0,normal_routine,0
TXN_UPI_103366,USR_4165,2025-02-12 19:09:00,295.97,Food_Dining,DEV_IN_IPH15_075,iPhone 15,Bengaluru,12.9716,77.5946,6265.13,17988.41,-0.332,0.05,1,1,80.0667,0.0,0.0,0,0,0.0,0.0,0,0,normal_routine,0
TXN_UPI_100038,USR_4091,2025-02-12 19:11:00,246.73,Food_Dining,DEV_IN_IPH15_001,iPhone 15,Bengaluru,12.9716,77.5946,6239.95,17302.78,-0.346,0.04,1,1,0.01,0.0,0.0,0,1,0.0,0.0,0,0,normal_routine,0
TXN_UPI_101566,USR_4125,2025-02-12 19:13:00,165.32,Food_Dining,DEV_IN_OP12_035,OnePlus 12,Pune,18.5204,73.8567,4941.03,13953.9,-0.342,0.03,1,1,202.1,0.0,0.0,0,2,0.0,0.0,0,0,normal_routine,0
TXN_UPI_101882,USR_4132,2025-02-12 19:14:00,801.63,Utility_Bills,DEV_IN_OP12_042,OnePlus 12,Hyderabad,17.385,78.4867,2622.9,9092.46,-0.2,0.31,1,1,0.01,0.0,0.0,0,1,0.0,0.0,0,0,normal_routine,0
TXN_UPI_101298,USR_4119,2025-02-12 19:18:00,1054.96,P2P_Transfer,DEV_IN_OP12_029,OnePlus 12,Bengaluru,12.9716,77.5946,6797.67,15989.83,-0.359,0.16,1,1,72.0167,0.0,0.0,0,2,0.0,0.0,0,0,normal_routine,0
TXN_UPI_103549,USR_4169,2025-02-12 19:18:00,1074.13,P2P_Transfer,DEV_IN_IPH15_079,iPhone 15,Kolkata,22.5726,88.3639,8950.37,17261.0,-0.456,0.12,1,1,24.85,0.0,0.0,0,0,0.0,0.0,0,0,normal_routine,0
TXN_UPI_100672,USR_4105,2025-02-12 19:20:00,807.9,P2P_Transfer,DEV_IN_SAMS23_015,Samsung Galaxy S23,Mumbai,19.076,72.8777,10034.28,21004.59,-0.439,0.08,1,1,0.01,0.0,0.0,0,1,0.0,0.0,0,0,normal_routine,0
TXN_UPI_100667,USR_4105,2025-02-12 19:30:00,498.65,Food_Dining,DEV_IN_SAMS23_015,Samsung Galaxy S23,Mumbai,19.076,72.8777,11390.19,22076.94,-0.493,0.04,1,1,0.01,0.0,0.0,0,1,0.0,0.0,0,0,normal_routine,0
TXN_UPI_103051,USR_4158,2025-02-12 19:36:00,70560.85,Electronics_Gadgets,DEV_IN_SAMS23_068,Samsung Galaxy S23,Jaipur,26.9124,75.7873,5961.88,11612.85,5.563,11.84,1,1,0.01,0.0,0.0,0,1,0.0,0.0,0,0,benign_festive_spend,0
TXN_UPI_102562,USR_4147,2025-02-12 19:38:00,967.27,Utility_Bills,DEV_IN_XRN13_057,Xiaomi Redmi Note 13,Pune,18.5204,73.8567,7141.5,17496.09,-0.353,0.14,1,1,0.01,0.0,0.0,0,1,0.0,0.0,0,0,normal_routine,0
TXN_UPI_102196,USR_4139,2025-02-12 19:42:00,205.8,Groceries_Daily,DEV_IN_OP12_049,OnePlus 12,Pune,18.5204,73.8567,3906.22,9686.18,-0.382,0.05,1,1,192.6167,0.0,0.0,0,0,0.0,0.0,0,0,normal_routine,0
TXN_UPI_100529,USR_4102,2025-02-12 19:55:00,3746.69,Food_Dining,DEV_IN_NEW_012,Samsung Galaxy S24,Hyderabad,17.385,78.4867,8428.65,18836.31,-0.249,0.44,0,1,190.0833,0.0,0.0,0,0,0.0,0.0,0,0,benign_new_device,0
TXN_UPI_101657,USR_4127,2025-02-12 19:55:00,222.66,Food_Dining,DEV_IN_XRN13_037,Xiaomi Redmi Note 13,Mumbai,19.076,72.8777,11993.73,24526.08,-0.48,0.02,1,1,166.1167,0.0,0.0,0,0,0.0,0.0,0,0,normal_routine,0
TXN_UPI_102242,USR_4140,2025-02-12 19:55:00,756.47,P2P_Transfer,DEV_IN_XRN13_050,Xiaomi Redmi Note 13,Chennai,13.0827,80.2707,2565.04,8888.38,-0.203,0.29,1,1,30.2,0.0,0.0,0,0,0.0,0.0,0,0,normal_routine,0
TXN_UPI_103371,USR_4165,2025-02-12 20:04:00,670.66,P2P_Transfer,DEV_IN_IPH15_075,iPhone 15,Bengaluru,12.9716,77.5946,5572.77,16926.52,-0.29,0.12,1,1,0.01,0.0,0.0,0,1,0.0,0.0,0,0,normal_routine,0
TXN_UPI_102965,USR_4156,2025-02-12 20:10:00,492.59,Groceries_Daily,DEV_IN_SAMS23_066,Samsung Galaxy S23,Jaipur,26.9124,75.7873,3908.3,9898.87,-0.345,0.13,1,1,0.01,0.0,0.0,0,1,0.0,0.0,0,0,normal_routine,0
TXN_UPI_101519,USR_4124,2025-02-12 20:17:00,38295.9,Food_Dining,DEV_IN_NEW_034,iPhone 16 Pro,Kolkata,22.5726,88.3639,8911.66,19984.95,1.47,4.3,0,1,126.95,0.0,0.0,0,0,0.0,0.0,0,0,benign_new_device,0
TXN_UPI_101792,USR_4130,2025-02-12 20:23:00,197.08,Groceries_Daily,DEV_IN_SAMS23_040,Samsung Galaxy S23,Pune,18.5204,73.8567,5528.45,15398.2,-0.346,0.04,1,1,72.75,0.0,0.0,0,2,0.0,0.0,0,0,normal_routine,0
TXN_UPI_102557,USR_4147,2025-02-12 20:46:00,372.97,Groceries_Daily,DEV_IN_XRN13_057,Xiaomi Redmi Note 13,Pune,18.5204,73.8567,8017.47,18500.58,-0.413,0.05,1,1,47.1,0.0,0.0,0,0,0.0,0.0,0,0,normal_routine,0
TXN_UPI_100666,USR_4105,2025-02-12 20:54:00,391.49,Groceries_Daily,DEV_IN_SAMS23_015,Samsung Galaxy S23,Mumbai,19.076,72.8777,11704.44,22310.57,-0.507,0.03,1,1,151.6,0.0,0.0,0,0,0.0,0.0,0,0,normal_routine,0
TXN_UPI_102738,USR_4151,2025-02-12 20:55:00,131.07,Food_Dining,DEV_IN_SAMS23_061,Samsung Galaxy S23,Bengaluru,12.9716,77.5946,6714.69,16540.27,-0.398,0.02,1,1,96.5167,0.0,0.0,0,0,0.0,0.0,0,0,normal_routine,0
TXN_UPI_102153,USR_4138,2025-02-12 20:59:00,493.8,Groceries_Daily,DEV_IN_IPH15_048,iPhone 15,Delhi,28.6139,77.209,7105.03,15989.91,-0.413,0.07,1,1,97.9833,0.0,0.0,0,0,0.0,0.0,0,0,normal_routine,0
TXN_UPI_101252,USR_4118,2025-02-12 21:13:00,225.46,Groceries_Daily,DEV_IN_IPH15_028,iPhone 15,Hyderabad,17.385,78.4867,5843.49,13975.23,-0.402,0.04,1,1,132.0,0.0,0.0,0,0,0.0,0.0,0,0,normal_routine,0
TXN_UPI_102698,USR_4150,2025-02-12 21:25:00,53876.17,Jewelry_Luxury,DEV_IN_SAMS23_060,Samsung Galaxy S23,Mumbai,19.076,72.8777,4976.06,10945.23,4.468,10.83,1,1,0.01,0.0,0.0,0,1,0.0,0.0,0,0,benign_festive_spend,0
TXN_UPI_101790,USR_4130,2025-02-12 21:30:00,296.9,Food_Dining,DEV_IN_SAMS23_040,Samsung Galaxy S23,Pune,18.5204,73.8567,5787.85,15805.09,-0.347,0.05,1,1,19.7333,0.0,0.0,0,0,0.0,0.0,0,0,normal_routine,0
TXN_UPI_100763,USR_4107,2025-02-12 21:37:00,1340.04,Utility_Bills,DEV_IN_OP12_017,OnePlus 12,Chennai,13.0827,80.2707,4550.78,11132.73,-0.288,0.29,1,1,0.01,0.0,0.0,0,2,0.0,0.0,0,0,normal_routine,0
TXN_UPI_101564,USR_4125,2025-02-12 21:41:00,615.5,Utility_Bills,DEV_IN_OP12_035,OnePlus 12,Pune,18.5204,73.8567,5212.34,14325.58,-0.321,0.12,1,1,243.1,0.0,0.0,0,0,0.0,0.0,0,0,normal_routine,0
TXN_UPI_101254,USR_4118,2025-02-12 21:43:00,246.57,Food_Dining,DEV_IN_IPH15_028,iPhone 15,Hyderabad,17.385,78.4867,5560.53,13655.48,-0.389,0.04,1,1,122.3667,0.0,0.0,0,2,0.0,0.0,0,0,normal_routine,0
TXN_UPI_102068,USR_4136,2025-02-12 21:48:00,174.01,Groceries_Daily,DEV_IN_SAMS23_046,Samsung Galaxy S23,Pune,18.5204,73.8567,3703.0,8636.11,-0.409,0.05,1,1,0.01,0.0,0.0,0,3,0.0,0.0,0,0,normal_routine,0
TXN_UPI_101165,USR_4116,2025-02-12 21:55:00,215.61,P2P_Transfer,DEV_BURNER_25,Realme C11,Hyderabad,17.385,78.4867,6761.62,17081.49,-0.383,0.03,0,1,104.5333,0.0,0.0,0,5,0.0,0.0,0,1,stealth_micro_fraud,1
TXN_UPI_101750,USR_4129,2025-02-12 21:55:00,1166.83,Utility_Bills,DEV_IN_SAMS23_039,Samsung Galaxy S23,Bengaluru,12.9716,77.5946,7342.94,17087.01,-0.361,0.16,1,1,0.01,0.0,0.0,0,2,0.0,0.0,0,0,normal_routine,0
TXN_UPI_102069,USR_4136,2025-02-12 22:02:00,13094.27,Gaming_Crypto,DEV_CLONE_45,Virtual Android,Lagos,6.5244,3.3792,3620.93,8551.66,1.108,3.62,0,0,0.2333,7723.26,33099.7,0,4,3.0,2.3,1,1,impossible_travel_jump,1
TXN_UPI_100087,USR_4092,2025-02-12 22:05:00,14609.44,Travel_Ticketing,DEV_IN_OP12_002,OnePlus 12,Goa,15.2993,74.124,7754.61,18195.42,0.377,1.88,1,1,0.01,1700.57,170056.57,0,1,0.0,0.0,1,0,benign_travel,0
TXN_UPI_103553,USR_4169,2025-02-12 22:46:00,17848.48,Travel_Ticketing,DEV_IN_IPH15_079,iPhone 15,Goa,15.2993,74.124,8187.44,16586.36,0.582,2.18,1,1,0.01,1700.57,170056.57,0,1,0.0,0.0,1,0,benign_travel,0
TXN_UPI_100756,USR_4107,2025-02-12 23:05:00,7971.65,Travel_Ticketing,DEV_IN_OP12_017,OnePlus 12,Goa,15.2993,74.124,5086.61,12071.99,0.239,1.57,1,1,141.45,440.32,3.11,0,0,0.0,0.0,0,0,benign_travel,0
TXN_UPI_100314,USR_4097,2025-02-13 01:10:00,62963.59,P2P_Transfer,DEV_ROGUE_EMU_06,Linux Cloud Emulator,Delhi,28.6139,77.209,6018.68,14132.27,4.029,10.46,0,1,0.01,0.0,0.0,1,1,1.5,2.93,0,1,hostile_account_takeover,1
TXN_UPI_100710,USR_4106,2025-02-13 01:33:00,3356.93,Travel_Ticketing,DEV_IN_OP12_016,OnePlus 12,Mumbai,19.076,72.8777,1502.1,3392.63,0.547,2.23,1,1,61.5667,120.15,1.95,1,0,0.0,0.0,0,0,benign_travel,0
TXN_UPI_103012,USR_4157,2025-02-13 02:07:00,4875.27,P2P_Transfer,DEV_IN_SAMS23_067,Samsung Galaxy S23,Jaipur,26.9124,75.7873,7148.48,16308.57,-0.139,0.68,1,1,38.1333,0.0,0.0,1,2,0.0,0.0,0,0,emergency_nocturnal_legit,0
TXN_UPI_103455,USR_4167,2025-02-13 02:34:00,94463.07,P2P_Transfer,DEV_ROGUE_EMU_76,Linux Cloud Emulator,Hyderabad,17.385,78.4867,7744.24,15734.93,5.511,12.2,0,1,175.6,0.0,0.0,1,0,1.5,3.1,0,1,hostile_account_takeover,1
TXN_UPI_100131,USR_4093,2025-02-13 02:55:00,15869.65,Travel_Ticketing,DEV_IN_IPH15_003,iPhone 15,Delhi,28.6139,77.209,5101.78,12741.83,0.845,3.11,1,1,0.01,1148.09,114809.49,1,1,0.0,0.0,1,0,benign_travel,0
TXN_UPI_102113,USR_4137,2025-02-13 03:56:00,7627.96,Travel_Ticketing,DEV_IN_OP12_047,OnePlus 12,Goa,15.2993,74.124,13031.19,22248.68,-0.243,0.59,1,1,30.8167,520.05,16.88,1,4,0.0,0.0,0,0,benign_travel,0
TXN_UPI_102602,USR_4148,2025-02-13 04:03:00,3650.39,Food_Dining,DEV_IN_XRN13_058,Xiaomi Redmi Note 13,Pune,18.5204,73.8567,7015.08,15272.86,-0.22,0.52,1,1,152.2667,0.0,0.0,1,0,0.0,0.0,0,0,emergency_nocturnal_legit,0
TXN_UPI_102336,USR_4142,2025-02-13 05:27:00,50943.19,P2P_Transfer,DEV_ROGUE_EMU_51,Linux Cloud Emulator,Hyderabad,17.385,78.4867,6280.55,15151.03,2.948,8.11,0,1,0.01,621.46,62146.29,1,1,3.5,2.65,1,1,hostile_account_takeover,1
TXN_UPI_102291,USR_4141,2025-02-13 05:31:00,41088.35,P2P_Transfer,DEV_ROGUE_EMU_50,Linux Cloud Emulator,Hyderabad,17.385,78.4867,5347.71,14425.03,2.478,7.68,0,1,0.01,0.0,0.0,0,1,0.0,0.0,0,1,hostile_account_takeover,1
TXN_UPI_101618,USR_4126,2025-02-13 08:01:00,301.45,Groceries_Daily,DEV_IN_OP12_036,OnePlus 12,Chennai,13.0827,80.2707,11693.85,25156.53,-0.453,0.03,1,1,0.01,0.0,0.0,0,1,0.0,0.0,0,0,normal_routine,0
TXN_UPI_100757,USR_4107,2025-02-13 08:06:00,1424.19,Utility_Bills,DEV_IN_OP12_017,OnePlus 12,Chennai,13.0827,80.2707,5166.75,11912.58,-0.314,0.28,1,1,9.0167,706.92,78.4,0,0,0.0,0.0,0,0,normal_routine,0
TXN_UPI_102923,USR_4155,2025-02-13 08:44:00,1332.42,Utility_Bills,DEV_IN_SAMS23_065,Samsung Galaxy S23,Hyderabad,17.385,78.4867,4244.22,11531.7,-0.253,0.31,1,1,0.01,1255.39,125539.34,0,2,0.0,0.0,1,0,normal_routine,0
TXN_UPI_102740,USR_4151,2025-02-13 08:59:00,956.67,P2P_Transfer,DEV_IN_SAMS23_061,Samsung Galaxy S23,Bengaluru,12.9716,77.5946,6407.87,16165.11,-0.337,0.15,1,1,0.01,0.0,0.0,0,1,0.0,0.0,0,0,normal_routine,0
TXN_UPI_103416,USR_4166,2025-02-13 08:59:00,337.43,Groceries_Daily,DEV_IN_SAMS23_076,Samsung Galaxy S23,Bengaluru,12.9716,77.5946,4842.96,13897.42,-0.324,0.07,1,1,37.6,0.0,0.0,0,4,0.0,0.0,0,0,normal_routine,0
TXN_UPI_103050,USR_4158,2025-02-13 09:01:00,350.17,Food_Dining,DEV_IN_SAMS23_068,Samsung Galaxy S23,Jaipur,26.9124,75.7873,6126.93,11741.85,-0.492,0.06,1,1,156.1,0.0,0.0,0,0,0.0,0.0,0,0,normal_routine,0
TXN_UPI_101390,USR_4121,2025-02-13 09:02:00,661.28,P2P_Transfer,DEV_IN_OP12_031,OnePlus 12,Kolkata,22.5726,88.3639,10442.32,20652.5,-0.474,0.06,1,1,110.2333,1654.84,15.01,0,0,0.0,0.0,0,0,normal_routine,0
TXN_UPI_100576,USR_4103,2025-02-13 09:06:00,42824.19,Jewelry_Luxury,DEV_IN_SAMS23_013,Samsung Galaxy S23,Hyderabad,17.385,78.4867,8667.48,21634.49,1.579,4.94,1,1,180.0333,0.0,0.0,0,0,0.0,0.0,0,0,benign_festive_spend,0
TXN_UPI_101880,USR_4132,2025-02-13 09:08:00,600.56,P2P_Transfer,DEV_IN_OP12_042,OnePlus 12,Hyderabad,17.385,78.4867,2747.67,9341.04,-0.23,0.22,1,1,37.1667,0.0,0.0,0,0,0.0,0.0,0,0,normal_routine,0
TXN_UPI_101524,USR_4124,2025-02-13 09:14:00,699.35,P2P_Transfer,DEV_IN_IPH15_034,iPhone 15,Kolkata,22.5726,88.3639,8799.05,19416.94,-0.417,0.08,1,1,110.15,0.0,0.0,0,0,0.0,0.0,0,0,normal_routine,0
TXN_UPI_101484,USR_4123,2025-02-13 09:24:00,555.06,P2P_Transfer,DEV_IN_OP12_033,OnePlus 12,Chennai,13.0827,80.2707,3124.05,7841.3,-0.328,0.18,1,1,0.01,1033.1,103309.85,0,1,0.0,0.0,1,0,normal_routine,0
TXN_UPI_100716,USR_4106,2025-02-13 09:33:00,223.52,Food_Dining,DEV_IN_OP12_016,OnePlus 12,Pune,18.5204,73.8567,5409.15,17368.33,-0.299,0.04,1,1,0.01,0.0,0.0,0,1,0.0,0.0,0,0,normal_routine,0
TXN_UPI_101391,USR_4121,2025-02-13 09:37:00,257.48,Groceries_Daily,DEV_IN_OP12_031,OnePlus 12,Kolkata,22.5726,88.3639,10197.8,20449.81,-0.486,0.03,1,1,0.5833,0.0,0.0,0,1,0.0,0.0,0,0,normal_routine,0
TXN_UPI_102338,USR_4142,2025-02-13 09:37:00,417.67,Food_Dining,DEV_IN_IPH15_052,iPhone 15,Hyderabad,17.385,78.4867,9038.97,19472.51,-0.443,0.05,1,1,0.01,0.0,0.0,0,3,0.0,0.0,0,0,normal_routine,0
TXN_UPI_103194,USR_4161,2025-02-13 09:37:00,662.78,Utility_Bills,DEV_IN_OP12_071,OnePlus 12,Kolkata,22.5726,88.3639,4679.48,13665.05,-0.294,0.14,1,1,0.01,0.0,0.0,0,1,0.0,0.0,0,0,normal_routine,0
TXN_UPI_100801,USR_4108,2025-02-13 09:59:00,1945.43,Utility_Bills,DEV_IN_IPH15_018,iPhone 15,Delhi,28.6139,77.209,11586.97,19082.88,-0.505,0.17,1,1,60.6667,0.0,0.0,0,0,0.0,0.0,0,0,normal_routine,0
TXN_UPI_100802,USR_4108,2025-02-13 10:10:00,43433.52,Gaming_Crypto,DEV_CLONE_17,Virtual Android,Lagos,6.5244,3.3792,11319.15,18882.56,1.701,3.84,0,0,0.1833,8084.29,44096.15,0,1,3.0,2.37,1,1,impossible_travel_jump,1
TXN_UPI_103370,USR_4165,2025-02-13 11:29:00,1167.69,Utility_Bills,DEV_IN_IPH15_075,iPhone 15,Bengaluru,12.9716,77.5946,5685.72,17127.26,-0.264,0.21,1,1,111.5667,0.0,0.0,0,0,0.0,0.0,0,0,normal_routine,0
TXN_UPI_100395,USR_4099,2025-02-13 11:54:00,23710.39,Groceries_Daily,DEV_IN_NEW_009,Samsung Galaxy S24,Mumbai,19.076,72.8777,6518.2,16675.59,1.031,3.64,0,1,161.4167,0.0,0.0,0,0,0.0,0.0,0,0,benign_new_device,0
TXN_UPI_101303,USR_4119,2025-02-13 12:54:00,10723.25,Travel_Ticketing,DEV_IN_OP12_029,OnePlus 12,Jaipur,26.9124,75.7873,10685.67,21774.68,0.002,1.0,1,1,0.01,1561.54,156153.6,0,2,0.0,0.0,1,0,benign_travel,0
TXN_UPI_102825,USR_4153,2025-02-13 13:07:00,253.28,Groceries_Daily,DEV_IN_XRN13_063,Xiaomi Redmi Note 13,Mumbai,19.076,72.8777,5113.54,13706.63,-0.355,0.05,1,1,18.8167,0.0,0.0,0,0,0.0,0.0,0,0,normal_routine,0
TXN_UPI_102693,USR_4150,2025-02-13 13:16:00,1539.47,Utility_Bills,DEV_IN_SAMS23_060,Samsung Galaxy S23,Mumbai,19.076,72.8777,5521.91,11550.4,-0.345,0.28,1,1,0.01,0.0,0.0,0,1,0.0,0.0,0,0,normal_routine,0
TXN_UPI_100669,USR_4105,2025-02-13 13:17:00,304.11,Food_Dining,DEV_IN_SAMS23_015,Samsung Galaxy S23,Mumbai,19.076,72.8777,10805.35,21630.96,-0.485,0.03,1,1,81.6667,0.0,0.0,0,0,0.0,0.0,0,0,normal_routine,0
TXN_UPI_101704,USR_4128,2025-02-13 13:25:00,782.08,P2P_Transfer,DEV_IN_SAMS23_038,Samsung Galaxy S23,Bengaluru,12.9716,77.5946,4898.5,12555.55,-0.328,0.16,1,1,39.8667,0.0,0.0,0,0,0.0,0.0,0,0,normal_routine,0
TXN_UPI_101973,USR_4134,2025-02-13 13:27:00,44501.87,Food_Dining,DEV_IN_OP12_044,OnePlus 12,Chennai,13.0827,80.2707,7363.07,16405.33,2.264,6.04,1,1,0.01,0.0,0.0,0,1,0.0,0.0,0,0,benign_festive_spend,0
TXN_UPI_101527,USR_4124,2025-02-13 13:49:00,961.01,P2P_Transfer,DEV_IN_IPH15_034,iPhone 15,Kolkata,22.5726,88.3639,9694.35,19442.74,-0.449,0.1,1,1,0.01,9216.67,921667.05,0,2,0.0,0.0,1,0,normal_routine,0
TXN_UPI_102425,USR_4144,2025-02-13 13:49:00,883.8,Utility_Bills,DEV_IN_OP12_054,OnePlus 12,Jaipur,26.9124,75.7873,4118.44,10654.38,-0.304,0.21,1,1,0.01,0.0,0.0,0,1,0.0,0.0,0,0,normal_routine,0
TXN_UPI_100899,USR_4110,2025-02-13 14:53:00,14796.45,Travel_Ticketing,DEV_IN_OP12_020,OnePlus 12,Goa,15.2993,74.124,5254.26,14635.78,0.652,2.82,1,1,0.01,1302.74,130273.75,0,4,0.0,0.0,1,0,benign_travel,0
TXN_UPI_102292,USR_4141,2025-02-13 15:10:00,12060.32,Travel_Ticketing,DEV_IN_OP12_051,OnePlus 12,Delhi,28.6139,77.209,6219.43,15277.51,0.382,1.94,1,1,9.65,1255.39,130.09,0,2,0.0,0.0,0,0,benign_travel,0
TXN_UPI_101029,USR_4113,2025-02-13 18:01:00,379.91,Food_Dining,DEV_IN_OP12_023,OnePlus 12,Delhi,28.6139,77.209,8431.66,19942.95,-0.404,0.05,1,1,0.01,0.0,0.0,0,1,0.0,0.0,0,0,normal_routine,0
TXN_UPI_103102,USR_4159,2025-02-13 18:03:00,600.95,Utility_Bills,DEV_IN_XRN13_069,Xiaomi Redmi Note 13,Delhi,28.6139,77.209,9872.47,21185.02,-0.438,0.06,1,1,0.01,0.0,0.0,0,3,0.0,0.0,0,0,normal_routine,0
TXN_UPI_100852,USR_4109,2025-02-13 18:09:00,547.89,Groceries_Daily,DEV_IN_IPH15_019,iPhone 15,Pune,18.5204,73.8567,6706.29,16431.81,-0.375,0.08,1,1,0.01,0.0,0.0,0,2,0.0,0.0,0,0,normal_routine,0
TXN_UPI_101437,USR_4122,2025-02-13 18:10:00,827.58,Utility_Bills,DEV_IN_XRN13_032,Xiaomi Redmi Note 13,Delhi,28.6139,77.209,3916.46,9975.41,-0.31,0.21,1,1,0.01,0.0,0.0,0,1,0.0,0.0,0,0,normal_routine,0
TXN_UPI_101794,USR_4130,2025-02-13 18:14:00,1420.7,P2P_Transfer,DEV_IN_SAMS23_040,Samsung Galaxy S23,Pune,18.5204,73.8567,5257.81,15031.49,-0.255,0.27,1,1,100.65,0.0,0.0,0,0,0.0,0.0,0,0,normal_routine,0
TXN_UPI_102966,USR_4156,2025-02-13 18:17:00,1163.54,Utility_Bills,DEV_IN_SAMS23_066,Samsung Galaxy S23,Jaipur,26.9124,75.7873,3822.9,9788.89,-0.272,0.3,1,1,22.1167,0.0,0.0,0,2,0.0,0.0,0,0,normal_routine,0
TXN_UPI_102331,USR_4142,2025-02-13 18:22:00,821.59,P2P_Transfer,DEV_IN_IPH15_052,iPhone 15,Hyderabad,17.385,78.4867,5102.09,12888.03,-0.332,0.16,1,1,118.7833,0.0,0.0,0,0,0.0,0.0,0,0,normal_routine,0
TXN_UPI_102517,USR_4146,2025-02-13 18:22:00,253.5,Groceries_Daily,DEV_IN_SAMS23_056,Samsung Galaxy S23,Hyderabad,17.385,78.4867,11102.66,22409.14,-0.484,0.02,1,1,70.1,0.0,0.0,0,2,0.0,0.0,0,0,normal_routine,0
TXN_UPI_100488,USR_4101,2025-02-13 18:25:00,391.66,Groceries_Daily,DEV_IN_IPH15_011,iPhone 15,Mumbai,19.076,72.8777,8291.66,17289.74,-0.457,0.05,1,1,0.01,0.0,0.0,0,1,0.0,0.0,0,0,normal_routine,0
TXN_UPI_101345,USR_4120,2025-02-13 18:26:00,830.26,P2P_Transfer,DEV_IN_OP12_030,OnePlus 12,Kolkata,22.5726,88.3639,5489.89,15540.93,-0.3,0.15,1,1,119.5167,0.0,0.0,0,3,0.0,0.0,0,0,normal_routine,0
TXN_UPI_101749,USR_4129,2025-02-13 18:38:00,269.33,Food_Dining,DEV_IN_SAMS23_039,Samsung Galaxy S23,Bengaluru,12.9716,77.5946,7529.09,17271.31,-0.42,0.04,1,1,0.01,0.0,0.0,0,1,0.0,0.0,0,0,normal_routine,0
TXN_UPI_101160,USR_4116,2025-02-13 18:53:00,863.74,P2P_Transfer,DEV_IN_OP12_026,OnePlus 12,Hyderabad,17.385,78.4867,7659.36,18121.41,-0.375,0.11,1,1,144.85,0.0,0.0,0,0,0.0,0.0,0,0,normal_routine,0
TXN_UPI_103007,USR_4157,2025-02-13 18:56:00,185.65,Food_Dining,DEV_IN_SAMS23_067,Samsung Galaxy S23,Jaipur,26.9124,75.7873,8038.52,17215.9,-0.456,0.02,1,1,95.8833,0.0,0.0,0,0,0.0,0.0,0,0,normal_routine,0
TXN_UPI_103373,USR_4165,2025-02-13 19:03:00,1286.38,Utility_Bills,DEV_IN_IPH15_075,iPhone 15,Bengaluru,12.9716,77.5946,5331.81,16553.74,-0.244,0.24,1,1,34.0333,0.0,0.0,0,0,0.0,0.0,0,0,normal_routine,0
TXN_UPI_103052,USR_4158,2025-02-13 19:04:00,167.35,Food_Dining,DEV_IN_SAMS23_068,Samsung Galaxy S23,Jaipur,26.9124,75.7873,7756.3,15614.4,-0.486,0.02,1,1,23.4667,0.0,0.0,0,0,0.0,0.0,0,0,normal_routine,0
TXN_UPI_100442,USR_4100,2025-02-13 19:06:00,157.55,Food_Dining,DEV_IN_OP12_010,OnePlus 12,Pune,18.5204,73.8567,5494.27,14033.39,-0.38,0.03,1,1,91.35,359.3,3.93,0,0,0.0,0.0,0,0,normal_routine,0
TXN_UPI_100037,USR_4091,2025-02-13 19:12:00,329.01,Food_Dining,DEV_IN_IPH15_001,iPhone 15,Bengaluru,12.9716,77.5946,6404.15,17512.99,-0.347,0.05,1,1,47.2,0.0,0.0,0,0,0.0,0.0,0,0,normal_routine,0
TXN_UPI_102243,USR_4140,2025-02-13 19:12:00,399.67,Groceries_Daily,DEV_IN_XRN13_050,Xiaomi Redmi Note 13,Chennai,13.0827,80.2707,2516.16,8772.35,-0.241,0.16,1,1,23.2833,0.0,0.0,0,0,0.0,0.0,0,0,normal_routine,0
TXN_UPI_100310,USR_4097,2025-02-13 19:17:00,708.23,Groceries_Daily,DEV_IN_XRN13_007,Xiaomi Redmi Note 13,Delhi,28.6139,77.209,6569.54,14728.29,-0.398,0.11,1,1,93.9667,0.0,0.0,0,3,0.0,0.0,0,0,normal_routine,0
TXN_UPI_101932,USR_4133,2025-02-13 19:19:00,297.51,Food_Dining,DEV_IN_IPH15_043,iPhone 15,Delhi,28.6139,77.209,4053.01,12217.97,-0.307,0.07,1,1,0.01,0.0,0.0,0,1,0.0,0.0,0,0,normal_routine,0
TXN_UPI_101078,USR_4114,2025-02-13 19:22:00,1596.83,P2P_Transfer,DEV_IN_SAMS23_024,Samsung Galaxy S23,Delhi,28.6139,77.209,4823.37,12442.54,-0.259,0.33,1,1,0.01,235.29,23529.02,0,1,0.0,0.0,1,0,normal_routine,0
TXN_UPI_103599,USR_4170,2025-02-13 19:30:00,249.18,Food_Dining,DEV_IN_IPH15_080,iPhone 15,Chennai,13.0827,80.2707,5844.37,14217.27,-0.394,0.04,1,1,0.01,0.0,0.0,0,1,0.0,0.0,0,0,normal_routine,0
TXN_UPI_100898,USR_4110,2025-02-13 19:31:00,177.9,Groceries_Daily,DEV_IN_OP12_020,OnePlus 12,Jaipur,26.9124,75.7873,5375.12,14787.77,-0.351,0.03,1,1,0.01,0.0,0.0,0,3,0.0,0.0,0,0,normal_routine,0
TXN_UPI_101659,USR_4127,2025-02-13 19:34:00,850.4,P2P_Transfer,DEV_IN_XRN13_037,Xiaomi Redmi Note 13,Mumbai,19.076,72.8777,11412.77,23999.43,-0.44,0.07,1,1,129.6167,0.0,0.0,0,0,0.0,0.0,0,0,normal_routine,0
TXN_UPI_102334,USR_4142,2025-02-13 19:38:00,178.45,Food_Dining,DEV_IN_IPH15_052,iPhone 15,Hyderabad,17.385,78.4867,6413.43,15511.57,-0.402,0.03,1,1,54.5167,0.0,0.0,0,2,0.0,0.0,0,0,normal_routine,0
TXN_UPI_103592,USR_4170,2025-02-13 19:45:00,243.28,Food_Dining,DEV_IN_IPH15_080,iPhone 15,Chennai,13.0827,80.2707,6818.22,15346.79,-0.428,0.04,1,1,119.8,0.0,0.0,0,0,0.0,0.0,0,0,normal_routine,0
TXN_UPI_101431,USR_4122,2025-02-13 19:46:00,1199.43,P2P_Transfer,DEV_IN_XRN13_032,Xiaomi Redmi Note 13,Delhi,28.6139,77.209,4434.77,10708.87,-0.302,0.27,1,1,30.7,0.0,0.0,0,0,0.0,0.0,0,0,normal_routine,0
TXN_UPI_101573,USR_4125,2025-02-13 19:48:00,12731.6,Electronics_Gadgets,DEV_IN_NEW_035,Samsung Galaxy S24,Pune,18.5204,73.8567,4422.57,12834.15,0.647,2.88,0,1,0.01,0.0,0.0,0,2,0.0,0.0,0,0,benign_new_device,0
TXN_UPI_103056,USR_4158,2025-02-13 19:52:00,307.04,Groceries_Daily,DEV_IN_SAMS23_068,Samsung Galaxy S23,Jaipur,26.9124,75.7873,7021.59,14976.29,-0.448,0.04,1,1,0.01,0.0,0.0,0,1,0.0,0.0,0,0,normal_routine,0
TXN_UPI_100401,USR_4099,2025-02-13 20:01:00,771.16,P2P_Transfer,DEV_IN_XRN13_009,Xiaomi Redmi Note 13,Mumbai,19.076,72.8777,6228.28,15742.87,-0.347,0.12,1,1,0.01,0.0,0.0,0,1,0.0,0.0,0,0,normal_routine,0
TXN_UPI_102513,USR_4146,2025-02-13 20:12:00,47243.02,Electronics_Gadgets,DEV_IN_SAMS23_056,Samsung Galaxy S23,Hyderabad,17.385,78.4867,10988.92,22626.35,1.602,4.3,1,1,128.6833,0.0,0.0,0,0,0.0,0.0,0,0,benign_festive_spend,0
TXN_UPI_103146,USR_4160,2025-02-13 20:13:00,19105.65,Jewelry_Luxury,DEV_IN_OP12_070,OnePlus 12,Chennai,13.0827,80.2707,8347.16,19717.49,0.546,2.29,1,1,0.01,0.0,0.0,0,1,0.0,0.0,0,0,benign_festive_spend,0
TXN_UPI_101167,USR_4116,2025-02-13 20:19:00,1155.7,P2P_Transfer,DEV_IN_OP12_026,OnePlus 12,Hyderabad,17.385,78.4867,6459.56,16713.15,-0.317,0.18,1,1,0.01,0.0,0.0,0,1,0.0,0.0,0,0,normal_routine,0
TXN_UPI_102427,USR_4144,2025-02-13 20:24:00,2680.27,P2P_Transfer,DEV_IN_OP12_054,OnePlus 12,Jaipur,26.9124,75.7873,3982.01,10409.17,-0.125,0.67,1,1,46.8,0.0,0.0,0,3,0.0,0.0,0,0,normal_routine,0
TXN_UPI_101342,USR_4120,2025-02-13 20:26:00,1305.7,Utility_Bills,DEV_IN_OP12_030,OnePlus 12,Kolkata,22.5726,88.3639,3777.27,10802.2,-0.229,0.35,1,1,174.7667,0.0,0.0,0,0,0.0,0.0,0,0,normal_routine,0
TXN_UPI_102603,USR_4148,2025-02-13 20:56:00,968.57,P2P_Transfer,DEV_IN_XRN13_058,Xiaomi Redmi Note 13,Pune,18.5204,73.8567,6924.14,15074.93,-0.395,0.14,1,1,16.8833,0.0,0.0,0,0,0.0,0.0,0,0,normal_routine,0
TXN_UPI_100448,USR_4100,2025-02-13 20:58:00,685.69,P2P_Transfer,DEV_IN_OP12_010,OnePlus 12,Pune,18.5204,73.8567,5080.52,13157.77,-0.334,0.13,1,1,0.01,0.0,0.0,0,2,0.0,0.0,0,0,normal_routine,0
TXN_UPI_103276,USR_4163,2025-02-13 20:59:00,969.08,Utility_Bills,DEV_IN_XRN13_073,Xiaomi Redmi Note 13,Chennai,13.0827,80.2707,6275.56,13678.69,-0.388,0.15,1,1,145.4833,0.0,0.0,0,0,0.0,0.0,0,0,normal_routine,0
TXN_UPI_101615,USR_4126,2025-02-13 21:03:00,1287.75,Utility_Bills,DEV_IN_OP12_036,OnePlus 12,Chennai,13.0827,80.2707,10431.22,23421.83,-0.39,0.12,1,1,55.3167,0.0,0.0,0,2,0.0,0.0,0,0,normal_routine,0
TXN_UPI_102828,USR_4153,2025-02-13 21:11:00,1059.77,P2P_Transfer,DEV_IN_XRN13_063,Xiaomi Redmi Note 13,Mumbai,19.076,72.8777,4784.18,13188.51,-0.282,0.22,1,1,0.01,0.0,0.0,0,1,0.0,0.0,0,0,normal_routine,0
TXN_UPI_100041,USR_4091,2025-02-13 21:18:00,314.39,Groceries_Daily,DEV_IN_IPH15_001,iPhone 15,Bengaluru,12.9716,77.5946,5785.37,16717.68,-0.327,0.05,1,1,0.01,0.0,0.0,0,1,0.0,0.0,0,0,normal_routine,0
TXN_UPI_101079,USR_4114,2025-02-13 21:19:00,1326.43,Utility_Bills,DEV_IN_SAMS23_024,Samsung Galaxy S23,Delhi,28.6139,77.209,4748.34,12306.62,-0.278,0.28,1,1,1.95,0.0,0.0,0,2,0.0,0.0,0,0,normal_routine,0
TXN_UPI_101708,USR_4128,2025-02-13 21:20:00,1095.6,P2P_Transfer,DEV_IN_SAMS23_038,Samsung Galaxy S23,Bengaluru,12.9716,77.5946,5028.63,12321.82,-0.319,0.22,1,1,0.01,0.0,0.0,0,2,0.0,0.0,0,0,normal_routine,0
TXN_UPI_102918,USR_4155,2025-02-13 21:33:00,33840.52,Food_Dining,DEV_IN_NEW_065,Samsung Galaxy S24,Hyderabad,17.385,78.4867,3601.1,11185.53,2.703,9.4,0,1,31.8833,0.0,0.0,0,0,0.0,0.0,0,0,benign_new_device,0
TXN_UPI_102558,USR_4147,2025-02-13 21:47:00,321.04,Groceries_Daily,DEV_IN_XRN13_057,Xiaomi Redmi Note 13,Pune,18.5204,73.8567,7810.87,18290.92,-0.409,0.04,1,1,25.0167,0.0,0.0,0,0,0.0,0.0,0,0,normal_routine,0
TXN_UPI_102874,USR_4154,2025-02-14 00:39:00,2330.02,Travel_Ticketing,DEV_IN_IPH15_064,iPhone 15,Delhi,28.6139,77.209,8325.2,15544.71,-0.386,0.28,1,1,44.3667,1755.8,39.57,0,0,0.0,0.0,0,0,benign_travel,0
TXN_UPI_102781,USR_4152,2025-02-14 01:42:00,54258.49,P2P_Transfer,DEV_ROGUE_EMU_61,Linux Cloud Emulator,Bengaluru,12.9716,77.5946,4661.56,10707.03,4.632,11.64,0,1,221.7667,0.0,0.0,1,0,1.5,3.04,0,1,hostile_account_takeover,1
TXN_UPI_100220,USR_4095,2025-02-14 02:11:00,12982.4,Travel_Ticketing,DEV_IN_IPH15_005,iPhone 15,Goa,15.2993,74.124,11247.02,21678.26,0.08,1.15,1,1,0.01,1700.57,170056.57,1,1,0.0,0.0,1,0,benign_travel,0
TXN_UPI_101797,USR_4130,2025-02-14 02:12:00,5162.94,Travel_Ticketing,DEV_IN_SAMS23_040,Samsung Galaxy S23,Delhi,28.6139,77.209,4941.67,14515.38,0.015,1.04,1,1,0.01,1172.99,117299.5,1,1,0.0,0.0,1,0,benign_travel,0
TXN_UPI_101933,USR_4133,2025-02-14 02:16:00,8434.48,Travel_Ticketing,DEV_IN_IPH15_043,iPhone 15,Goa,15.2993,74.124,3963.59,12085.21,0.37,2.13,1,1,6.95,1514.09,217.85,1,2,0.0,0.0,0,0,benign_travel,0
TXN_UPI_101296,USR_4119,2025-02-14 02:21:00,148.26,Gaming_Crypto,DEV_BOTNET_28,Automated Script Bot,Bengaluru,12.9716,77.5946,7170.98,16361.71,-0.429,0.02,0,1,171.0167,0.0,0.0,1,12,1.5,0.11,0,1,credential_stuffing_burst,1
TXN_UPI_102067,USR_4136,2025-02-14 02:26:00,5238.18,Food_Dining,DEV_IN_SAMS23_046,Samsung Galaxy S23,Pune,18.5204,73.8567,3665.55,8737.43,0.18,1.43,1,1,78.45,0.0,0.0,1,2,0.0,0.0,0,0,emergency_nocturnal_legit,0
TXN_UPI_100222,USR_4095,2025-02-14 08:20:00,502.9,P2P_Transfer,DEV_IN_IPH15_005,iPhone 15,Kolkata,22.5726,88.3639,11027.55,21209.86,-0.496,0.05,1,1,82.5667,0.0,0.0,0,3,0.0,0.0,0,0,normal_routine,0
TXN_UPI_100988,USR_4112,2025-02-14 08:55:00,435.42,Groceries_Daily,DEV_IN_SAMS23_022,Samsung Galaxy S23,Hyderabad,17.385,78.4867,4357.74,14138.88,-0.277,0.1,1,1,0.01,0.0,0.0,0,1,0.0,0.0,0,0,normal_routine,0
TXN_UPI_100533,USR_4102,2025-02-14 09:02:00,1178.69,P2P_Transfer,DEV_IN_SAMS23_012,Samsung Galaxy S23,Hyderabad,17.385,78.4867,7964.81,17901.7,-0.379,0.15,1,1,129.7167,1255.39,9.68,0,0,0.0,0.0,0,0,normal_routine,0
TXN_UPI_102875,USR_4154,2025-02-14 09:09:00,1313.23,Utility_Bills,DEV_IN_IPH15_064,iPhone 15,Chennai,13.0827,80.2707,8171.48,15373.36,-0.446,0.16,1,1,8.5,1755.8,206.56,0,0,0.0,0.0,0,0,normal_routine,0
TXN_UPI_103507,USR_4168,2025-02-14 09:33:00,355.53,Food_Dining,DEV_IN_XRN13_078,Xiaomi Redmi Note 13,Pune,18.5204,73.8567,6650.23,15584.64,-0.404,0.05,1,1,0.01,0.0,0.0,0,1,0.0,0.0,0,0,normal_routine,0
TXN_UPI_100090,USR_4092,2025-02-14 09:35:00,875.43,Utility_Bills,DEV_IN_OP12_002,OnePlus 12,Kolkata,22.5726,88.3639,9227.62,20133.67,-0.415,0.09,1,1,0.01,0.0,0.0,0,4,0.0,0.0,0,0,normal_routine,0
TXN_UPI_101748,USR_4129,2025-02-14 09:39:00,189.85,Food_Dining,DEV_IN_SAMS23_039,Samsung Galaxy S23,Bengaluru,12.9716,77.5946,7727.45,17460.38,-0.432,0.02,1,1,101.6333,8140.55,80.1,0,0,0.0,0.0,0,0,normal_routine,0
TXN_UPI_101575,USR_4125,2025-02-14 09:40:00,1013.94,P2P_Transfer,DEV_IN_OP12_035,OnePlus 12,Pune,18.5204,73.8567,4545.51,12608.46,-0.28,0.22,1,1,0.01,0.0,0.0,0,1,0.0,0.0,0,0,normal_routine,0
TXN_UPI_102925,USR_4155,2025-02-14 09:45:00,368.21,Groceries_Daily,DEV_IN_SAMS23_065,Samsung Galaxy S23,Hyderabad,17.385,78.4867,4132.78,11278.56,-0.334,0.09,1,1,0.01,0.0,0.0,0,1,0.0,0.0,0,0,normal_routine,0
TXN_UPI_101394,USR_4121,2025-02-14 09:50:00,296.81,Food_Dining,DEV_IN_OP12_031,OnePlus 12,Kolkata,22.5726,88.3639,9575.78,19854.91,-0.467,0.03,1,1,0.01,0.0,0.0,0,1,0.0,0.0,0,0,normal_routine,0
TXN_UPI_101881,USR_4132,2025-02-14 09:52:00,403.19,Groceries_Daily,DEV_IN_OP12_042,OnePlus 12,Hyderabad,17.385,78.4867,2686.32,9213.58,-0.248,0.15,1,1,24.7333,0.0,0.0,0,0,0.0,0.0,0,0,normal_routine,0
TXN_UPI_103100,USR_4159,2025-02-14 09:55:00,24833.31,Electronics_Gadgets,DEV_IN_NEW_069,Samsung Galaxy S24,Delhi,28.6139,77.209,9704.63,21546.17,0.702,2.56,0,1,0.01,0.0,0.0,0,1,0.0,0.0,0,0,benign_new_device,0
TXN_UPI_103595,USR_4170,2025-02-14 09:55:00,413.28,Food_Dining,DEV_IN_IPH15_080,iPhone 15,Chennai,13.0827,80.2707,6348.96,14834.8,-0.4,0.07,1,1,0.01,0.0,0.0,0,1,0.0,0.0,0,0,normal_routine,0
TXN_UPI_102694,USR_4150,2025-02-14 09:56:00,190.52,Groceries_Daily,DEV_IN_SAMS23_060,Samsung Galaxy S23,Mumbai,19.076,72.8777,5417.11,11415.22,-0.458,0.04,1,1,20.6667,0.0,0.0,0,2,0.0,0.0,0,0,normal_routine,0
TXN_UPI_102288,USR_4141,2025-02-14 09:59:00,2597.28,P2P_Transfer,DEV_IN_OP12_051,OnePlus 12,Hyderabad,17.385,78.4867,5667.78,14950.39,-0.205,0.46,1,1,157.35,0.0,0.0,0,0,0.0,0.0,0,0,normal_routine,0
TXN_UPI_102380,USR_4143,2025-02-14 11:24:00,1063.55,P2P_Transfer,DEV_IN_XRN13_053,Xiaomi Redmi Note 13,Pune,18.5204,73.8567,3290.99,11999.65,-0.186,0.32,1,1,135.1333,0.0,0.0,0,0,0.0,0.0,0,0,normal_routine,0
TXN_UPI_100713,USR_4106,2025-02-14 11:31:00,80151.76,Electronics_Gadgets,DEV_IN_OP12_016,OnePlus 12,Pune,18.5204,73.8567,1494.76,3276.22,24.008,53.62,1,1,161.4,0.0,0.0,0,0,0.0,0.0,0,0,benign_festive_spend,0
TXN_UPI_100175,USR_4094,2025-02-14 11:32:00,848.97,Utility_Bills,DEV_IN_SAMS23_004,Samsung Galaxy S23,Bengaluru,12.9716,77.5946,5754.89,16356.21,-0.3,0.15,1,1,0.01,0.0,0.0,0,1,0.0,0.0,0,0,normal_routine,0
TXN_UPI_102383,USR_4143,2025-02-14 13:07:00,1506.6,P2P_Transfer,DEV_IN_XRN13_053,Xiaomi Redmi Note 13,Pune,18.5204,73.8567,3119.52,11580.35,-0.139,0.48,1,1,0.01,0.0,0.0,0,2,0.0,0.0,0,0,normal_routine,0
TXN_UPI_102963,USR_4156,2025-02-14 13:20:00,895.69,P2P_Transfer,DEV_IN_SAMS23_066,Samsung Galaxy S23,Jaipur,26.9124,75.7873,4034.32,10146.41,-0.309,0.22,1,1,159.6667,0.0,0.0,0,0,0.0,0.0,0,0,normal_routine,0
TXN_UPI_100445,USR_4100,2025-02-14 13:23:00,249.11,Groceries_Daily,DEV_IN_OP12_010,OnePlus 12,Pune,18.5204,73.8567,5439.88,13587.85,-0.382,0.05,1,1,52.3667,0.0,0.0,0,0,0.0,0.0,0,0,normal_routine,0
TXN_UPI_100580,USR_4103,2025-02-14 13:24:00,204.19,Groceries_Daily,DEV_IN_SAMS23_013,Samsung Galaxy S23,Hyderabad,17.385,78.4867,10145.78,22170.74,-0.448,0.02,1,1,72.25,0.0,0.0,0,2,0.0,0.0,0,0,normal_routine,0
TXN_UPI_102609,USR_4148,2025-02-14 13:28:00,1179.69,Utility_Bills,DEV_IN_XRN13_058,Xiaomi Redmi Note 13,Pune,18.5204,73.8567,8262.6,16181.2,-0.438,0.14,1,1,0.01,0.0,0.0,0,1,0.0,0.0,0,0,normal_routine,0
TXN_UPI_100450,USR_4100,2025-02-14 13:41:00,546.48,P2P_Transfer,DEV_IN_OP12_010,OnePlus 12,Pune,18.5204,73.8567,4880.31,12887.95,-0.336,0.11,1,1,0.01,0.0,0.0,0,1,0.0,0.0,0,0,normal_routine,0
TXN_UPI_102692,USR_4150,2025-02-14 13:44:00,533.84,Food_Dining,DEV_IN_SAMS23_060,Samsung Galaxy S23,Mumbai,19.076,72.8777,5660.47,11679.35,-0.439,0.09,1,1,88.4667,0.0,0.0,0,0,0.0,0.0,0,0,normal_routine,0
TXN_UPI_100172,USR_4094,2025-02-14 13:45:00,524.93,Utility_Bills,DEV_IN_SAMS23_004,Samsung Galaxy S23,Bengaluru,12.9716,77.5946,6164.85,16959.62,-0.333,0.09,1,1,216.0333,0.0,0.0,0,0,0.0,0.0,0,0,normal_routine,0
TXN_UPI_102469,USR_4145,2025-02-14 13:56:00,563.22,P2P_Transfer,DEV_IN_SAMS23_055,Samsung Galaxy S23,Mumbai,19.076,72.8777,8156.15,18686.05,-0.406,0.07,1,1,63.95,0.0,0.0,0,0,0.0,0.0,0,0,normal_routine,0
TXN_UPI_100585,USR_4103,2025-02-14 13:58:00,790.85,Groceries_Daily,DEV_IN_SAMS23_013,Samsung Galaxy S23,Hyderabad,17.385,78.4867,9842.8,21345.38,-0.424,0.08,1,1,0.01,0.0,0.0,0,1,0.0,0.0,0,0,normal_routine,0
TXN_UPI_100535,USR_4102,2025-02-14 15:50:00,15035.27,Travel_Ticketing,DEV_IN_SAMS23_012,Samsung Galaxy S23,Delhi,28.6139,77.209,8803.38,18560.75,0.336,1.71,1,1,0.01,1255.39,125539.34,0,1,0.0,0.0,1,0,benign_travel,0
TXN_UPI_101568,USR_4125,2025-02-14 18:37:00,1773.19,Utility_Bills,DEV_IN_OP12_035,OnePlus 12,Pune,18.5204,73.8567,4698.66,13609.52,-0.215,0.38,1,1,165.55,0.0,0.0,0,0,0.0,0.0,0,0,normal_routine,0
TXN_UPI_103281,USR_4163,2025-02-14 18:41:00,383.36,Food_Dining,DEV_IN_XRN13_073,Xiaomi Redmi Note 13,Chennai,13.0827,80.2707,5713.64,12897.44,-0.413,0.07,1,1,0.01,0.0,0.0,0,1,0.0,0.0,0,0,normal_routine,0
TXN_UPI_102332,USR_4142,2025-02-14 18:55:00,1233.93,P2P_Transfer,DEV_IN_IPH15_052,iPhone 15,Hyderabad,17.385,78.4867,4983.18,12727.23,-0.295,0.25,1,1,24.55,0.0,0.0,0,0,0.0,0.0,0,0,normal_routine,0
TXN_UPI_101972,USR_4134,2025-02-14 18:58:00,2322.41,Utility_Bills,DEV_IN_OP12_044,OnePlus 12,Chennai,13.0827,80.2707,7503.08,16609.8,-0.312,0.31,1,1,226.05,0.0,0.0,0,0,0.0,0.0,0,0,normal_routine,0
TXN_UPI_102421,USR_4144,2025-02-14 19:04:00,1587.59,Utility_Bills,DEV_IN_OP12_054,OnePlus 12,Jaipur,26.9124,75.7873,4512.99,11177.58,-0.262,0.35,1,1,57.9667,0.0,0.0,0,0,0.0,0.0,0,0,normal_routine,0
TXN_UPI_101350,USR_4120,2025-02-14 19:06:00,1471.24,Utility_Bills,DEV_IN_OP12_030,OnePlus 12,Kolkata,22.5726,88.3639,4922.64,14717.12,-0.235,0.3,1,1,0.01,0.0,0.0,0,3,0.0,0.0,0,0,normal_routine,0
TXN_UPI_100624,USR_4104,2025-02-14 19:18:00,234.67,Food_Dining,DEV_IN_OP12_014,OnePlus 12,Mumbai,19.076,72.8777,10229.73,20602.28,-0.485,0.02,1,1,77.9833,0.0,0.0,0,0,0.0,0.0,0,0,normal_routine,0
TXN_UPI_101206,USR_4117,2025-02-14 19:19:00,1024.53,P2P_Transfer,DEV_IN_SAMS23_027,Samsung Galaxy S23,Kolkata,22.5726,88.3639,5173.73,11271.43,-0.368,0.2,1,1,189.4833,0.0,0.0,0,0,0.0,0.0,0,0,normal_routine,0
TXN_UPI_100765,USR_4107,2025-02-14 19:21:00,219.99,Food_Dining,DEV_IN_OP12_017,OnePlus 12,Chennai,13.0827,80.2707,4381.9,10904.8,-0.382,0.05,1,1,0.01,0.0,0.0,0,4,0.0,0.0,0,0,normal_routine,0
TXN_UPI_102472,USR_4145,2025-02-14 19:21:00,102.5,Food_Dining,DEV_IN_SAMS23_055,Samsung Galaxy S23,Mumbai,19.076,72.8777,7903.74,18075.56,-0.432,0.01,1,1,0.01,920.74,92074.24,0,2,0.0,0.0,1,0,normal_routine,0
TXN_UPI_102964,USR_4156,2025-02-14 19:32:00,2258.04,Utility_Bills,DEV_IN_SAMS23_066,Samsung Galaxy S23,Jaipur,26.9124,75.7873,3951.72,10024.61,-0.169,0.57,1,1,6.2,0.0,0.0,0,0,0.0,0.0,0,0,normal_routine,0
TXN_UPI_102430,USR_4144,2025-02-14 19:33:00,295.23,Food_Dining,DEV_IN_OP12_054,OnePlus 12,Jaipur,26.9124,75.7873,4930.77,12142.88,-0.382,0.06,1,1,0.01,0.0,0.0,0,2,0.0,0.0,0,0,normal_routine,0
TXN_UPI_100715,USR_4106,2025-02-14 19:35:00,1341.95,Utility_Bills,DEV_IN_OP12_016,OnePlus 12,Pune,18.5204,73.8567,5513.44,17577.22,-0.237,0.24,1,1,78.5833,0.0,0.0,0,0,0.0,0.0,0,0,normal_routine,0
TXN_UPI_100534,USR_4102,2025-02-14 19:50:00,47455.44,Jewelry_Luxury,DEV_IN_SAMS23_012,Samsung Galaxy S23,Hyderabad,17.385,78.4867,7786.22,17697.95,2.241,6.09,1,1,10.8,0.0,0.0,0,0,0.0,0.0,0,0,benign_festive_spend,0
TXN_UPI_101485,USR_4123,2025-02-14 19:53:00,10695.24,Travel_Ticketing,DEV_IN_OP12_033,OnePlus 12,Jaipur,26.9124,75.7873,3065.67,7761.14,0.983,3.49,1,1,34.4833,1607.1,46.61,0,2,0.0,0.0,0,0,benign_travel,0
TXN_UPI_101705,USR_4128,2025-02-14 19:54:00,206.54,Food_Dining,DEV_IN_SAMS23_038,Samsung Galaxy S23,Bengaluru,12.9716,77.5946,4792.95,12410.61,-0.37,0.04,1,1,30.4833,0.0,0.0,0,0,0.0,0.0,0,0,normal_routine,0
TXN_UPI_103417,USR_4166,2025-02-14 20:03:00,471.05,Utility_Bills,DEV_IN_SAMS23_076,Samsung Galaxy S23,Bengaluru,12.9716,77.5946,4733.07,13744.47,-0.31,0.1,1,1,35.0667,0.0,0.0,0,5,0.0,0.0,0,0,normal_routine,0
TXN_UPI_101075,USR_4114,2025-02-14 20:05:00,384.88,Groceries_Daily,DEV_IN_SAMS23_024,Samsung Galaxy S23,Delhi,28.6139,77.209,5004.34,12870.99,-0.359,0.08,1,1,104.9,0.0,0.0,0,2,0.0,0.0,0,0,normal_routine,0
TXN_UPI_100217,USR_4095,2025-02-14 20:13:00,347.88,Food_Dining,DEV_IN_IPH15_005,iPhone 15,Kolkata,22.5726,88.3639,12157.36,22323.43,-0.529,0.03,1,1,118.6667,0.0,0.0,0,0,0.0,0.0,0,0,normal_routine,0
TXN_UPI_103457,USR_4167,2025-02-14 20:20:00,183.73,Food_Dining,DEV_IN_XRN13_077,Xiaomi Redmi Note 13,Hyderabad,17.385,78.4867,9948.06,20961.46,-0.466,0.02,1,1,59.2,0.0,0.0,0,0,0.0,0.0,0,0,normal_routine,0
TXN_UPI_102160,USR_4138,2025-02-14 20:25:00,347.92,P2P_Transfer,DEV_IN_IPH15_048,iPhone 15,Delhi,28.6139,77.209,6576.93,14850.5,-0.419,0.05,1,1,0.01,0.0,0.0,0,5,0.0,0.0,0,0,normal_routine,0
TXN_UPI_101121,USR_4115,2025-02-14 20:28:00,277.15,Groceries_Daily,DEV_IN_XRN13_025,Xiaomi Redmi Note 13,Bengaluru,12.9716,77.5946,3463.28,12944.27,-0.246,0.08,1,1,0.01,0.0,0.0,0,1,0.0,0.0,0,0,normal_routine,0
TXN_UPI_100855,USR_4109,2025-02-14 20:29:00,160.48,Food_Dining,DEV_IN_IPH15_019,iPhone 15,Pune,18.5204,73.8567,6291.13,15936.05,-0.385,0.03,1,1,0.01,0.0,0.0,0,5,0.0,0.0,0,0,normal_routine,0
TXN_UPI_103187,USR_4161,2025-02-14 20:30:00,370.09,Utility_Bills,DEV_IN_OP12_071,OnePlus 12,Kolkata,22.5726,88.3639,5154.94,14777.11,-0.324,0.07,1,1,83.9333,0.0,0.0,0,0,0.0,0.0,0,0,normal_routine,0
TXN_UPI_102020,USR_4135,2025-02-14 20:34:00,1425.49,P2P_Transfer,DEV_IN_OP12_045,OnePlus 12,Bengaluru,12.9716,77.5946,4393.77,12886.58,-0.23,0.32,1,1,121.8167,0.0,0.0,0,4,0.0,0.0,0,0,normal_routine,0
TXN_UPI_101348,USR_4120,2025-02-14 20:39:00,373.26,Groceries_Daily,DEV_IN_OP12_030,OnePlus 12,Kolkata,22.5726,88.3639,5140.36,15028.8,-0.317,0.07,1,1,0.01,0.0,0.0,0,1,0.0,0.0,0,0,normal_routine,0
TXN_UPI_102560,USR_4147,2025-02-14 20:39:00,2090.21,P2P_Transfer,DEV_IN_XRN13_057,Xiaomi Redmi Note 13,Pune,18.5204,73.8567,7427.21,17892.01,-0.298,0.28,1,1,74.55,0.0,0.0,0,0,0.0,0.0,0,0,normal_routine,0
TXN_UPI_102827,USR_4153,2025-02-14 20:41:00,2341.87,Utility_Bills,DEV_IN_XRN13_063,Xiaomi Redmi Note 13,Mumbai,19.076,72.8777,4852.02,13364.06,-0.188,0.48,1,1,73.8333,0.0,0.0,0,0,0.0,0.0,0,0,normal_routine,0
TXN_UPI_100262,USR_4096,2025-02-14 20:42:00,344.2,Groceries_Daily,DEV_IN_SAMS23_006,Samsung Galaxy S23,Jaipur,26.9124,75.7873,2534.08,5745.8,-0.381,0.14,1,1,170.3667,0.0,0.0,0,0,0.0,0.0,0,0,normal_routine,0
TXN_UPI_100357,USR_4098,2025-02-14 20:42:00,1148.69,P2P_Transfer,DEV_IN_IPH15_008,iPhone 15,Hyderabad,17.385,78.4867,8110.42,18502.07,-0.376,0.14,1,1,0.01,0.0,0.0,0,2,0.0,0.0,0,0,normal_routine,0
TXN_UPI_101125,USR_4115,2025-02-14 20:43:00,397.51,Food_Dining,DEV_IN_XRN13_025,Xiaomi Redmi Note 13,Bengaluru,12.9716,77.5946,4663.33,15330.97,-0.278,0.09,1,1,0.01,0.0,0.0,0,1,0.0,0.0,0,0,normal_routine,0
TXN_UPI_101886,USR_4132,2025-02-14 20:54:00,703.81,P2P_Transfer,DEV_IN_OP12_042,OnePlus 12,Hyderabad,17.385,78.4867,4467.77,14823.2,-0.254,0.16,1,1,0.01,0.0,0.0,0,1,0.0,0.0,0,0,normal_routine,0
TXN_UPI_102518,USR_4146,2025-02-14 20:55:00,333.48,Food_Dining,DEV_IN_SAMS23_056,Samsung Galaxy S23,Hyderabad,17.385,78.4867,10844.35,22202.46,-0.473,0.03,1,1,26.55,0.0,0.0,0,3,0.0,0.0,0,0,normal_routine,0
TXN_UPI_102016,USR_4135,2025-02-14 20:56:00,309.39,Groceries_Daily,DEV_IN_OP12_045,OnePlus 12,Bengaluru,12.9716,77.5946,4679.03,13563.0,-0.322,0.07,1,1,72.4,0.0,0.0,0,0,0.0,0.0,0,0,normal_routine,0
TXN_UPI_100762,USR_4107,2025-02-14 21:09:00,1215.42,Utility_Bills,DEV_IN_OP12_017,OnePlus 12,Chennai,13.0827,80.2707,4632.13,11255.33,-0.304,0.26,1,1,0.01,0.0,0.0,0,1,0.0,0.0,0,0,normal_routine,0
TXN_UPI_101433,USR_4122,2025-02-14 21:12:00,1486.0,P2P_Transfer,DEV_IN_XRN13_032,Xiaomi Redmi Note 13,Delhi,28.6139,77.209,4232.82,10450.27,-0.263,0.35,1,1,177.4667,0.0,0.0,0,0,0.0,0.0,0,0,normal_routine,0
TXN_UPI_100218,USR_4095,2025-02-14 21:34:00,281.05,Groceries_Daily,DEV_IN_IPH15_005,iPhone 15,Kolkata,22.5726,88.3639,11838.19,22102.82,-0.523,0.02,1,1,1.35,0.0,0.0,0,0,0.0,0.0,0,0,normal_routine,0
TXN_UPI_100629,USR_4104,2025-02-14 21:39:00,192.81,Food_Dining,DEV_IN_OP12_014,OnePlus 12,Mumbai,19.076,72.8777,10197.0,20342.45,-0.492,0.02,1,1,0.01,0.0,0.0,0,1,0.0,0.0,0,0,normal_routine,0
TXN_UPI_102156,USR_4138,2025-02-14 23:34:00,10478.22,Travel_Ticketing,DEV_IN_IPH15_048,iPhone 15,Mumbai,19.076,72.8777,6598.2,15481.3,0.251,1.59,1,1,0.01,1148.09,114809.49,0,1,0.0,0.0,1,0,benign_travel,0
TXN_UPI_103145,USR_4160,2025-02-15 01:55:00,95609.09,P2P_Transfer,DEV_ROGUE_EMU_69,Linux Cloud Emulator,Chennai,13.0827,80.2707,6109.67,14088.81,6.353,15.65,0,1,125.4667,0.0,0.0,1,0,1.5,3.37,0,1,hostile_account_takeover,1
TXN_UPI_100494,USR_4101,2025-02-15 03:14:00,1774.33,Utility_Bills,DEV_IN_IPH15_011,iPhone 15,Mumbai,19.076,72.8777,7260.36,16242.35,-0.338,0.24,1,1,0.01,0.0,0.0,1,2,0.0,0.0,0,0,emergency_nocturnal_legit,0
TXN_UPI_100582,USR_4103,2025-02-15 08:31:00,1178.07,Utility_Bills,DEV_IN_SAMS23_013,Samsung Galaxy S23,Hyderabad,17.385,78.4867,9673.89,21723.49,-0.391,0.12,1,1,0.01,0.0,0.0,0,4,0.0,0.0,0,0,normal_routine,0
TXN_UPI_102697,USR_4150,2025-02-15 08:33:00,2048.79,Groceries_Daily,DEV_IN_NEW_060,Samsung Galaxy S24,Mumbai,19.076,72.8777,5047.46,11068.24,-0.271,0.41,0,1,115.45,0.0,0.0,0,0,0.0,0.0,0,0,benign_new_device,0
TXN_UPI_103238,USR_4162,2025-02-15 08:33:00,228.66,Groceries_Daily,DEV_IN_XRN13_072,Xiaomi Redmi Note 13,Bengaluru,12.9716,77.5946,8192.3,17311.92,-0.46,0.03,1,1,0.01,0.0,0.0,0,1,0.0,0.0,0,0,normal_routine,0
TXN_UPI_103239,USR_4162,2025-02-15 08:42:00,17522.42,Electronics_Gadgets,DEV_CLONE_71,Virtual Android,Lagos,6.5244,3.3792,8007.1,17151.48,0.555,2.19,0,0,0.15,8140.55,54270.36,0,2,3.0,1.74,1,0,impossible_travel_jump,1
TXN_UPI_102159,USR_4138,2025-02-15 08:50:00,1295.98,Utility_Bills,DEV_IN_IPH15_048,iPhone 15,Delhi,28.6139,77.209,6699.74,15000.08,-0.36,0.19,1,1,0.01,1514.09,151408.97,0,4,0.0,0.0,1,0,normal_routine,0
TXN_UPI_101975,USR_4134,2025-02-15 08:58:00,359.8,Groceries_Daily,DEV_IN_OP12_044,OnePlus 12,Chennai,13.0827,80.2707,8130.97,17071.48,-0.455,0.04,1,1,103.0667,0.0,0.0,0,0,0.0,0.0,0,0,normal_routine,0
TXN_UPI_101215,USR_4117,2025-02-15 09:11:00,1857.33,Utility_Bills,DEV_IN_SAMS23_027,Samsung Galaxy S23,Kolkata,22.5726,88.3639,4254.77,10216.99,-0.235,0.44,1,1,0.01,0.0,0.0,0,1,0.0,0.0,0,0,normal_routine,0
TXN_UPI_103055,USR_4158,2025-02-15 09:19:00,368.19,Groceries_Daily,DEV_IN_SAMS23_068,Samsung Galaxy S23,Jaipur,26.9124,75.7873,7192.19,15128.66,-0.451,0.05,1,1,155.3833,0.0,0.0,0,0,0.0,0.0,0,0,normal_routine,0
TXN_UPI_101930,USR_4133,2025-02-15 09:20:00,314.97,Groceries_Daily,DEV_IN_IPH15_043,iPhone 15,Delhi,28.6139,77.209,4245.71,12496.92,-0.315,0.07,1,1,95.35,0.0,0.0,0,0,0.0,0.0,0,0,normal_routine,0
TXN_UPI_102339,USR_4142,2025-02-15 09:26:00,6933.77,Groceries_Daily,DEV_IN_NEW_052,iPhone 16 Pro,Hyderabad,17.385,78.4867,8838.48,19288.57,-0.099,0.78,0,1,47.8167,0.0,0.0,0,4,0.0,0.0,0,0,benign_new_device,0
TXN_UPI_101166,USR_4116,2025-02-15 09:37:00,923.35,Utility_Bills,DEV_IN_OP12_026,OnePlus 12,Hyderabad,17.385,78.4867,6597.97,16897.55,-0.336,0.14,1,1,59.7,0.0,0.0,0,0,0.0,0.0,0,0,normal_routine,0
TXN_UPI_103284,USR_4163,2025-02-15 09:46:00,141.28,Food_Dining,DEV_IN_XRN13_073,Xiaomi Redmi Note 13,Chennai,13.0827,80.2707,5345.57,12511.84,-0.416,0.03,1,1,0.01,0.0,0.0,0,2,0.0,0.0,0,0,normal_routine,0
TXN_UPI_101436,USR_4122,2025-02-15 09:56:00,785.41,Utility_Bills,DEV_IN_XRN13_032,Xiaomi Redmi Note 13,Delhi,28.6139,77.209,3994.73,10086.89,-0.318,0.2,1,1,94.1,0.0,0.0,0,0,0.0,0.0,0,0,normal_routine,0
TXN_UPI_101117,USR_4115,2025-02-15 11:10:00,443.39,P2P_Transfer,DEV_IN_XRN13_025,Xiaomi Redmi Note 13,Bengaluru,12.9716,77.5946,3796.7,13603.27,-0.247,0.12,1,1,191.2667,0.0,0.0,0,0,0.0,0.0,0,0,normal_routine,0
TXN_UPI_103375,USR_4165,2025-02-15 11:39:00,12694.36,Electronics_Gadgets,DEV_IN_NEW_075,iPhone 16 Pro,Bengaluru,12.9716,77.5946,5135.78,16198.17,0.467,2.47,0,1,0.01,0.0,0.0,0,1,0.0,0.0,0,0,benign_new_device,0
TXN_UPI_100264,USR_4096,2025-02-15 11:43:00,467.59,Groceries_Daily,DEV_IN_SAMS23_006,Samsung Galaxy S23,Jaipur,26.9124,75.7873,2853.51,6058.34,-0.394,0.16,1,1,66.55,920.74,13.84,0,0,0.0,0.0,0,0,normal_routine,0
TXN_UPI_103008,USR_4157,2025-02-15 13:00:00,461.84,Utility_Bills,DEV_IN_SAMS23_067,Samsung Galaxy S23,Jaipur,26.9124,75.7873,7826.28,17029.34,-0.432,0.06,1,1,42.0667,0.0,0.0,0,0,0.0,0.0,0,0,normal_routine,0
TXN_UPI_101349,USR_4120,2025-02-15 13:01:00,328.12,Groceries_Daily,DEV_IN_OP12_030,OnePlus 12,Kolkata,22.5726,88.3639,5029.49,14870.38,-0.316,0.07,1,1,16.3667,0.0,0.0,0,2,0.0,0.0,0,0,normal_routine,0
TXN_UPI_100897,USR_4110,2025-02-15 13:03:00,597.05,P2P_Transfer,DEV_IN_OP12_020,OnePlus 12,Jaipur,26.9124,75.7873,5491.66,14947.95,-0.327,0.11,1,1,95.85,0.0,0.0,0,2,0.0,0.0,0,0,normal_routine,0
TXN_UPI_101525,USR_4124,2025-02-15 13:03:00,22969.11,Electronics_Gadgets,DEV_IN_NEW_034,iPhone 16 Pro,Kolkata,22.5726,88.3639,8591.37,19209.1,0.748,2.67,0,1,51.8167,0.0,0.0,0,0,0.0,0.0,0,0,benign_new_device,0
TXN_UPI_101300,USR_4119,2025-02-15 13:08:00,320.02,Groceries_Daily,DEV_IN_OP12_029,OnePlus 12,Bengaluru,12.9716,77.5946,7651.98,16786.92,-0.437,0.04,1,1,131.1167,0.0,0.0,0,0,0.0,0.0,0,0,normal_routine,0
TXN_UPI_101526,USR_4124,2025-02-15 13:14:00,39436.03,Electronics_Gadgets,DEV_CLONE_33,Virtual Android,Lagos,6.5244,3.3792,8950.81,19099.83,1.596,4.41,0,0,0.1833,9216.67,50272.75,0,1,3.0,2.53,1,0,impossible_travel_jump,1
TXN_UPI_102337,USR_4142,2025-02-15 13:14:00,77471.68,Electronics_Gadgets,DEV_IN_IPH15_052,iPhone 15,Hyderabad,17.385,78.4867,7369.88,16474.85,4.255,10.51,1,1,55.7833,0.0,0.0,0,2,0.0,0.0,0,0,benign_festive_spend,0
TXN_UPI_100671,USR_4105,2025-02-15 13:28:00,244.32,Food_Dining,DEV_IN_SAMS23_015,Samsung Galaxy S23,Mumbai,19.076,72.8777,10279.03,21207.7,-0.473,0.02,1,1,143.8,0.0,0.0,0,0,0.0,0.0,0,0,normal_routine,0
TXN_UPI_101840,USR_4131,2025-02-15 13:36:00,307.56,Food_Dining,DEV_IN_OP12_041,OnePlus 12,Bengaluru,12.9716,77.5946,9564.18,19568.32,-0.473,0.03,1,1,171.7333,0.0,0.0,0,0,0.0,0.0,0,0,normal_routine,0
TXN_UPI_102880,USR_4154,2025-02-15 13:38:00,411.91,Groceries_Daily,DEV_IN_IPH15_064,iPhone 15,Chennai,13.0827,80.2707,8500.76,16080.58,-0.503,0.05,1,1,0.01,0.0,0.0,0,2,0.0,0.0,0,0,normal_routine,0
TXN_UPI_103374,USR_4165,2025-02-15 13:44:00,752.09,P2P_Transfer,DEV_IN_IPH15_075,iPhone 15,Bengaluru,12.9716,77.5946,5237.73,16371.48,-0.274,0.14,1,1,42.6833,0.0,0.0,0,0,0.0,0.0,0,0,normal_routine,0
TXN_UPI_100892,USR_4110,2025-02-15 13:50:00,196.95,Food_Dining,DEV_IN_OP12_020,OnePlus 12,Jaipur,26.9124,75.7873,5990.7,15857.77,-0.365,0.03,1,1,168.8333,0.0,0.0,0,0,0.0,0.0,0,0,normal_routine,0
TXN_UPI_101979,USR_4134,2025-02-15 13:50:00,439.81,Groceries_Daily,DEV_IN_OP12_044,OnePlus 12,Chennai,13.0827,80.2707,7802.68,16433.69,-0.448,0.06,1,1,0.01,0.0,0.0,0,1,0.0,0.0,0,0,normal_routine,0
TXN_UPI_100269,USR_4096,2025-02-15 13:52:00,1428.31,P2P_Transfer,DEV_IN_SAMS23_006,Samsung Galaxy S23,Jaipur,26.9124,75.7873,5005.31,12203.54,-0.293,0.29,1,1,0.01,0.0,0.0,0,3,0.0,0.0,0,0,normal_routine,0
TXN_UPI_100180,USR_4094,2025-02-15 14:35:00,9860.37,Travel_Ticketing,DEV_IN_SAMS23_004,Samsung Galaxy S23,Jaipur,26.9124,75.7873,6784.24,18171.98,0.169,1.45,1,1,0.01,1561.54,156153.6,0,2,0.0,0.0,1,0,benign_travel,0
TXN_UPI_102607,USR_4148,2025-02-15 15:40:00,17400.07,Travel_Ticketing,DEV_IN_XRN13_058,Xiaomi Redmi Note 13,Delhi,28.6139,77.209,8234.26,16462.53,0.557,2.11,1,1,0.01,1172.99,117299.5,0,1,0.0,0.0,1,0,benign_travel,0
TXN_UPI_103460,USR_4167,2025-02-15 16:26:00,17505.15,Travel_Ticketing,DEV_IN_XRN13_077,Xiaomi Redmi Note 13,Goa,15.2993,74.124,9239.66,20288.75,0.407,1.89,1,1,125.35,520.05,4.15,0,0,0.0,0.0,0,0,benign_travel,0
TXN_UPI_103412,USR_4166,2025-02-15 16:56:00,3115.06,Travel_Ticketing,DEV_IN_SAMS23_076,Samsung Galaxy S23,Mumbai,19.076,72.8777,5215.08,14597.29,-0.144,0.6,1,1,175.3667,845.32,4.82,0,0,0.0,0.0,0,0,benign_travel,0
TXN_UPI_102295,USR_4141,2025-02-15 17:35:00,8769.09,Travel_Ticketing,DEV_IN_OP12_051,OnePlus 12,Delhi,28.6139,77.209,6278.64,14780.91,0.168,1.4,1,1,0.01,1255.39,125539.34,0,1,0.0,0.0,1,0,benign_travel,0
TXN_UPI_100853,USR_4109,2025-02-15 18:12:00,259.15,Groceries_Daily,DEV_IN_IPH15_019,iPhone 15,Pune,18.5204,73.8567,6559.66,16262.14,-0.387,0.04,1,1,48.05,0.0,0.0,0,3,0.0,0.0,0,0,normal_routine,0
TXN_UPI_101570,USR_4125,2025-02-15 18:23:00,683.72,Utility_Bills,DEV_IN_OP12_035,OnePlus 12,Pune,18.5204,73.8567,4520.78,13278.59,-0.289,0.15,1,1,0.01,0.0,0.0,0,1,0.0,0.0,0,0,normal_routine,0
TXN_UPI_103420,USR_4166,2025-02-15 18:26:00,1007.2,P2P_Transfer,DEV_IN_SAMS23_076,Samsung Galaxy S23,Bengaluru,12.9716,77.5946,4444.88,13310.42,-0.258,0.23,1,1,0.01,0.0,0.0,0,1,0.0,0.0,0,0,normal_routine,0
TXN_UPI_100487,USR_4101,2025-02-15 18:54:00,1583.51,P2P_Transfer,DEV_IN_IPH15_011,iPhone 15,Mumbai,19.076,72.8777,8478.0,17491.55,-0.394,0.19,1,1,187.4833,440.32,2.35,0,0,0.0,0.0,0,0,normal_routine,0
TXN_UPI_103285,USR_4163,2025-02-15 18:55:00,610.32,P2P_Transfer,DEV_IN_XRN13_073,Xiaomi Redmi Note 13,Chennai,13.0827,80.2707,5227.29,12393.14,-0.373,0.12,1,1,9.15,0.0,0.0,0,3,0.0,0.0,0,0,normal_routine,0
TXN_UPI_101028,USR_4113,2025-02-15 19:04:00,2273.22,Utility_Bills,DEV_IN_OP12_023,OnePlus 12,Delhi,28.6139,77.209,8598.1,20184.59,-0.313,0.26,1,1,167.3667,0.0,0.0,0,0,0.0,0.0,0,0,normal_routine,0
TXN_UPI_103189,USR_4161,2025-02-15 19:10:00,1539.72,Utility_Bills,DEV_IN_OP12_071,OnePlus 12,Kolkata,22.5726,88.3639,4896.82,14424.64,-0.233,0.31,1,1,149.3667,0.0,0.0,0,0,0.0,0.0,0,0,normal_routine,0
TXN_UPI_100581,USR_4103,2025-02-15 19:13:00,739.96,P2P_Transfer,DEV_IN_SAMS23_013,Samsung Galaxy S23,Hyderabad,17.385,78.4867,9897.24,21946.81,-0.417,0.07,1,1,29.8167,0.0,0.0,0,3,0.0,0.0,0,0,normal_routine,0
TXN_UPI_103015,USR_4157,2025-02-15 19:14:00,1711.64,Utility_Bills,DEV_IN_SAMS23_067,Samsung Galaxy S23,Jaipur,26.9124,75.7873,6992.09,15773.11,-0.335,0.24,1,1,0.01,920.74,92074.24,0,1,0.0,0.0,1,0,normal_routine,0
TXN_UPI_100265,USR_4096,2025-02-15 19:28:00,1887.26,Utility_Bills,DEV_IN_SAMS23_006,Samsung Galaxy S23,Jaipur,26.9124,75.7873,2792.33,5992.04,-0.151,0.68,1,1,7.75,0.0,0.0,0,0,0.0,0.0,0,0,normal_routine,0
TXN_UPI_101707,USR_4128,2025-02-15 19:36:00,23131.11,Electronics_Gadgets,DEV_IN_SAMS23_038,Samsung Galaxy S23,Bengaluru,12.9716,77.5946,4587.11,12138.48,1.528,5.04,1,1,0.01,0.0,0.0,0,1,0.0,0.0,0,0,benign_festive_spend,0
TXN_UPI_101663,USR_4127,2025-02-15 19:39:00,1515.92,Utility_Bills,DEV_IN_XRN13_037,Xiaomi Redmi Note 13,Mumbai,19.076,72.8777,10400.61,23040.23,-0.386,0.15,1,1,0.01,0.0,0.0,0,2,0.0,0.0,0,0,normal_routine,0
TXN_UPI_102429,USR_4144,2025-02-15 19:47:00,1455.81,Utility_Bills,DEV_IN_OP12_054,OnePlus 12,Jaipur,26.9124,75.7873,5011.58,12271.57,-0.29,0.29,1,1,0.01,0.0,0.0,0,1,0.0,0.0,0,0,normal_routine,0
TXN_UPI_103234,USR_4162,2025-02-15 19:52:00,241.26,Groceries_Daily,DEV_IN_XRN13_072,Xiaomi Redmi Note 13,Bengaluru,12.9716,77.5946,8550.63,18009.61,-0.461,0.03,1,1,152.0667,0.0,0.0,0,0,0.0,0.0,0,0,normal_routine,0
TXN_UPI_100133,USR_4093,2025-02-15 19:58:00,330.88,Groceries_Daily,DEV_IN_IPH15_003,iPhone 15,Mumbai,19.076,72.8777,5274.51,12555.78,-0.394,0.06,1,1,73.05,0.0,0.0,0,3,0.0,0.0,0,0,normal_routine,0
TXN_UPI_100268,USR_4096,2025-02-15 20:04:00,38738.98,Jewelry_Luxury,DEV_IN_SAMS23_006,Samsung Galaxy S23,Jaipur,26.9124,75.7873,4202.13,11168.38,3.092,9.22,1,1,73.9333,0.0,0.0,0,2,0.0,0.0,0,0,benign_festive_spend,0
TXN_UPI_101706,USR_4128,2025-02-15 20:06:00,939.79,P2P_Transfer,DEV_IN_SAMS23_038,Samsung Galaxy S23,Bengaluru,12.9716,77.5946,4678.29,12275.4,-0.305,0.2,1,1,24.2,0.0,0.0,0,0,0.0,0.0,0,0,normal_routine,0
TXN_UPI_103280,USR_4163,2025-02-15 20:08:00,1381.99,P2P_Transfer,DEV_IN_XRN13_073,Xiaomi Redmi Note 13,Chennai,13.0827,80.2707,5824.7,13042.84,-0.341,0.24,1,1,131.3833,0.0,0.0,0,0,0.0,0.0,0,0,normal_routine,0
TXN_UPI_102384,USR_4143,2025-02-15 20:22:00,1259.54,P2P_Transfer,DEV_IN_XRN13_053,Xiaomi Redmi Note 13,Pune,18.5204,73.8567,3082.01,11447.49,-0.159,0.41,1,1,31.25,0.0,0.0,0,3,0.0,0.0,0,0,normal_routine,0
TXN_UPI_102022,USR_4135,2025-02-15 20:27:00,1288.8,Utility_Bills,DEV_IN_OP12_045,OnePlus 12,Bengaluru,12.9716,77.5946,4226.67,12590.39,-0.233,0.3,1,1,0.01,0.0,0.0,0,1,0.0,0.0,0,0,normal_routine,0
TXN_UPI_102515,USR_4146,2025-02-15 20:31:00,216.32,Groceries_Daily,DEV_IN_SAMS23_056,Samsung Galaxy S23,Hyderabad,17.385,78.4867,11658.92,22838.1,-0.501,0.02,1,1,150.5333,0.0,0.0,0,0,0.0,0.0,0,0,normal_routine,0
TXN_UPI_100173,USR_4094,2025-02-15 20:37:00,810.01,P2P_Transfer,DEV_IN_SAMS23_004,Samsung Galaxy S23,Bengaluru,12.9716,77.5946,6012.41,16753.85,-0.311,0.13,1,1,30.8667,0.0,0.0,0,0,0.0,0.0,0,0,normal_routine,0
TXN_UPI_101438,USR_4122,2025-02-15 20:40:00,258.12,Groceries_Daily,DEV_IN_XRN13_032,Xiaomi Redmi Note 13,Delhi,28.6139,77.209,3842.91,9867.18,-0.363,0.07,1,1,50.5,0.0,0.0,0,0,0.0,0.0,0,0,normal_routine,0
TXN_UPI_103506,USR_4168,2025-02-15 20:42:00,943.89,P2P_Transfer,DEV_IN_XRN13_078,Xiaomi Redmi Note 13,Pune,18.5204,73.8567,6792.88,15751.78,-0.371,0.14,1,1,95.9333,0.0,0.0,0,0,0.0,0.0,0,0,normal_routine,0
TXN_UPI_102647,USR_4149,2025-02-15 20:44:00,317.31,Food_Dining,DEV_IN_SAMS23_059,Samsung Galaxy S23,Hyderabad,17.385,78.4867,6048.01,12357.58,-0.464,0.05,1,1,228.6333,0.0,0.0,0,0,0.0,0.0,0,0,normal_routine,0
TXN_UPI_103195,USR_4161,2025-02-15 21:04:00,183.81,Groceries_Daily,DEV_IN_OP12_071,OnePlus 12,Kolkata,22.5726,88.3639,4588.19,13522.13,-0.326,0.04,1,1,59.45,0.0,0.0,0,2,0.0,0.0,0,0,normal_routine,0
TXN_UPI_100626,USR_4104,2025-02-15 21:34:00,1972.76,Utility_Bills,DEV_IN_OP12_014,OnePlus 12,Mumbai,19.076,72.8777,9733.31,20196.87,-0.384,0.2,1,1,0.01,0.0,0.0,0,1,0.0,0.0,0,0,normal_routine,0
TXN_UPI_100308,USR_4097,2025-02-15 21:36:00,21721.65,Food_Dining,DEV_IN_XRN13_007,Xiaomi Redmi Note 13,Delhi,28.6139,77.209,6295.25,14889.3,1.036,3.45,1,1,0.01,0.0,0.0,0,1,0.0,0.0,0,0,benign_festive_spend,0
TXN_UPI_100402,USR_4099,2025-02-15 21:36:00,37517.62,Food_Dining,DEV_IN_XRN13_009,Xiaomi Redmi Note 13,Mumbai,19.076,72.8777,6095.18,15572.47,2.018,6.16,1,1,49.5833,0.0,0.0,0,2,0.0,0.0,0,0,benign_festive_spend,0
TXN_UPI_101302,USR_4119,2025-02-15 21:37:00,65592.69,Food_Dining,DEV_IN_OP12_029,OnePlus 12,Bengaluru,12.9716,77.5946,9346.47,20257.75,2.777,7.02,1,1,0.01,0.0,0.0,0,1,0.0,0.0,0,0,benign_festive_spend,0
TXN_UPI_100405,USR_4099,2025-02-15 21:45:00,716.84,Utility_Bills,DEV_IN_XRN13_009,Xiaomi Redmi Note 13,Mumbai,19.076,72.8777,7532.57,16650.88,-0.409,0.1,1,1,0.01,0.0,0.0,0,2,0.0,0.0,0,0,normal_routine,0
TXN_UPI_100307,USR_4097,2025-02-15 21:58:00,157.59,Food_Dining,DEV_IN_XRN13_007,Xiaomi Redmi Note 13,Delhi,28.6139,77.209,6465.74,15059.01,-0.419,0.02,1,1,85.4,0.0,0.0,0,0,0.0,0.0,0,0,normal_routine,0
TXN_UPI_102471,USR_4145,2025-02-15 23:06:00,12631.34,Travel_Ticketing,DEV_IN_SAMS23_055,Samsung Galaxy S23,Jaipur,26.9124,75.7873,7785.55,18284.45,0.265,1.62,1,1,0.01,920.74,92074.24,0,1,0.0,0.0,1,0,benign_travel,0
TXN_UPI_102293,USR_4141,2025-02-15 23:18:00,3149.68,Travel_Ticketing,DEV_IN_OP12_051,OnePlus 12,Jaipur,26.9124,75.7873,6358.5,15120.78,-0.212,0.5,1,1,56.1333,235.29,4.19,0,3,0.0,0.0,0,0,benign_travel,0
TXN_UPI_101259,USR_4118,2025-02-15 23:31:00,3553.17,Travel_Ticketing,DEV_IN_IPH15_028,iPhone 15,Delhi,28.6139,77.209,4977.73,12937.83,-0.11,0.71,1,1,0.01,1255.39,125539.34,0,2,0.0,0.0,1,0,benign_travel,0
TXN_UPI_102473,USR_4145,2025-02-16 08:03:00,1218.82,Utility_Bills,DEV_IN_SAMS23_055,Samsung Galaxy S23,Mumbai,19.076,72.8777,7717.99,17898.63,-0.363,0.16,1,1,36.7,0.0,0.0,0,3,0.0,0.0,0,0,normal_routine,0
TXN_UPI_102561,USR_4147,2025-02-16 08:13:00,1050.18,P2P_Transfer,DEV_IN_XRN13_057,Xiaomi Redmi Note 13,Pune,18.5204,73.8567,7293.79,17686.58,-0.353,0.14,1,1,35.5667,0.0,0.0,0,0,0.0,0.0,0,0,normal_routine,0
TXN_UPI_101796,USR_4130,2025-02-16 08:46:00,276.74,Food_Dining,DEV_IN_SAMS23_040,Samsung Galaxy S23,Pune,18.5204,73.8567,5058.3,14676.71,-0.326,0.05,1,1,158.3667,0.0,0.0,0,0,0.0,0.0,0,0,normal_routine,0
TXN_UPI_102604,USR_4148,2025-02-16 09:14:00,834.37,P2P_Transfer,DEV_IN_XRN13_058,Xiaomi Redmi Note 13,Pune,18.5204,73.8567,6767.42,14905.77,-0.398,0.12,1,1,60.3,0.0,0.0,0,0,0.0,0.0,0,0,normal_routine,0
TXN_UPI_100625,USR_4104,2025-02-16 09:38:00,368.1,Groceries_Daily,DEV_IN_OP12_014,OnePlus 12,Mumbai,19.076,72.8777,9973.44,20397.71,-0.471,0.04,1,1,38.3333,0.0,0.0,0,0,0.0,0.0,0,0,normal_routine,0
TXN_UPI_100174,USR_4094,2025-02-16 11:07:00,1171.4,P2P_Transfer,DEV_IN_SAMS23_004,Samsung Galaxy S23,Bengaluru,12.9716,77.5946,5875.51,16552.89,-0.284,0.2,1,1,14.5,0.0,0.0,0,0,0.0,0.0,0,0,normal_routine,0
TXN_UPI_100043,USR_4091,2025-02-16 11:13:00,580.3,P2P_Transfer,DEV_IN_IPH15_001,iPhone 15,Bengaluru,12.9716,77.5946,5523.04,16356.92,-0.302,0.11,1,1,0.01,0.0,0.0,0,3,0.0,0.0,0,0,normal_routine,0
TXN_UPI_102876,USR_4154,2025-02-16 11:19:00,515.79,P2P_Transfer,DEV_IN_IPH15_064,iPhone 15,Chennai,13.0827,80.2707,8000.02,15217.69,-0.492,0.06,1,1,50.1667,0.0,0.0,0,0,0.0,0.0,0,0,normal_routine,0
TXN_UPI_101073,USR_4114,2025-02-16 11:50:00,304.79,Groceries_Daily,DEV_IN_SAMS23_024,Samsung Galaxy S23,Delhi,28.6139,77.209,5260.81,13165.65,-0.376,0.06,1,1,110.4167,0.0,0.0,0,0,0.0,0.0,0,0,normal_routine,0
TXN_UPI_102831,USR_4153,2025-02-16 12:00:00,7570.22,Travel_Ticketing,DEV_IN_XRN13_063,Xiaomi Redmi Note 13,Delhi,28.6139,77.209,4489.1,12727.05,0.242,1.69,1,1,0.01,1148.09,114809.49,0,1,0.0,0.0,1,0,benign_travel,0
TXN_UPI_101530,USR_4124,2025-02-16 12:34:00,12427.49,Travel_Ticketing,DEV_IN_IPH15_034,iPhone 15,Goa,15.2993,74.124,9105.84,18894.15,0.176,1.36,1,1,0.01,1700.57,170056.57,0,2,0.0,0.0,1,0,benign_travel,0
TXN_UPI_100315,USR_4097,2025-02-16 12:42:00,5086.08,Travel_Ticketing,DEV_IN_XRN13_007,Xiaomi Redmi Note 13,Jaipur,26.9124,75.7873,7312.88,16346.41,-0.136,0.7,1,1,83.5333,235.29,2.82,0,2,0.0,0.0,0,0,benign_travel,0
TXN_UPI_101976,USR_4134,2025-02-16 12:52:00,16893.17,Travel_Ticketing,DEV_IN_OP12_044,OnePlus 12,Goa,15.2993,74.124,7936.69,16900.35,0.53,2.13,1,1,27.9,706.92,25.34,0,0,0.0,0.0,0,0,benign_travel,0
TXN_UPI_101616,USR_4126,2025-02-16 13:06:00,81740.06,Food_Dining,DEV_IN_OP12_036,OnePlus 12,Chennai,13.0827,80.2707,10202.63,23171.22,3.087,8.01,1,1,64.05,0.0,0.0,0,3,0.0,0.0,0,0,benign_festive_spend,0
TXN_UPI_101885,USR_4132,2025-02-16 13:14:00,3066.38,P2P_Transfer,DEV_IN_OP12_042,OnePlus 12,Hyderabad,17.385,78.4867,4503.71,15010.32,-0.096,0.68,1,1,123.6833,0.0,0.0,0,0,0.0,0.0,0,0,normal_routine,0
TXN_UPI_101798,USR_4130,2025-02-16 13:18:00,796.34,P2P_Transfer,DEV_IN_SAMS23_040,Samsung Galaxy S23,Pune,18.5204,73.8567,4946.94,14341.57,-0.289,0.16,1,1,59.1,1172.99,19.85,0,0,0.0,0.0,0,0,normal_routine,0
TXN_UPI_100404,USR_4099,2025-02-16 13:20:00,1346.31,Utility_Bills,DEV_IN_XRN13_009,Xiaomi Redmi Note 13,Mumbai,19.076,72.8777,7676.44,16816.32,-0.376,0.18,1,1,0.01,0.0,0.0,0,1,0.0,0.0,0,0,normal_routine,0
TXN_UPI_102204,USR_4139,2025-02-16 13:33:00,26408.35,Food_Dining,DEV_IN_OP12_049,OnePlus 12,Pune,18.5204,73.8567,3354.3,8817.86,2.614,7.87,1,1,0.01,0.0,0.0,0,2,0.0,0.0,0,0,benign_festive_spend,0
TXN_UPI_102474,USR_4145,2025-02-16 13:49:00,216.37,Groceries_Daily,DEV_IN_SAMS23_055,Samsung Galaxy S23,Mumbai,19.076,72.8777,7566.85,17716.38,-0.415,0.03,1,1,5.7667,0.0,0.0,0,4,0.0,0.0,0,0,normal_routine,0
TXN_UPI_102830,USR_4153,2025-02-16 13:53:00,1208.77,P2P_Transfer,DEV_IN_XRN13_063,Xiaomi Redmi Note 13,Mumbai,19.076,72.8777,4573.22,12878.21,-0.261,0.26,1,1,96.8,0.0,0.0,0,0,0.0,0.0,0,0,normal_routine,0
TXN_UPI_102652,USR_4149,2025-02-16 13:55:00,1113.04,P2P_Transfer,DEV_IN_SAMS23_059,Samsung Galaxy S23,Hyderabad,17.385,78.4867,5625.12,11698.02,-0.386,0.2,1,1,0.01,520.05,52004.67,0,1,0.0,0.0,1,0,normal_routine,0
TXN_UPI_100943,USR_4111,2025-02-16 13:58:00,503.73,Food_Dining,DEV_IN_SAMS23_021,Samsung Galaxy S23,Hyderabad,17.385,78.4867,8136.0,18977.2,-0.402,0.06,1,1,0.01,0.0,0.0,0,1,0.0,0.0,0,0,normal_routine,0
TXN_UPI_102158,USR_4138,2025-02-16 17:46:00,12905.84,Travel_Ticketing,DEV_IN_IPH15_048,iPhone 15,Goa,15.2993,74.124,6551.98,15146.64,0.419,1.97,1,1,0.01,1514.09,151408.97,0,3,0.0,0.0,1,0,benign_travel,0
TXN_UPI_100356,USR_4098,2025-02-16 18:05:00,179.79,Food_Dining,DEV_IN_IPH15_008,iPhone 15,Hyderabad,17.385,78.4867,8308.68,18688.85,-0.435,0.02,1,1,0.01,0.0,0.0,0,1,0.0,0.0,0,0,normal_routine,0
TXN_UPI_101662,USR_4127,2025-02-16 18:10:00,817.82,P2P_Transfer,DEV_IN_XRN13_037,Xiaomi Redmi Note 13,Mumbai,19.076,72.8777,10634.33,23270.27,-0.422,0.08,1,1,0.01,0.0,0.0,0,1,0.0,0.0,0,0,normal_routine,0
TXN_UPI_100400,USR_4099,2025-02-16 18:29:00,866.47,Utility_Bills,DEV_IN_XRN13_009,Xiaomi Redmi Note 13,Mumbai,19.076,72.8777,6365.76,15919.7,-0.345,0.14,1,1,141.1167,0.0,0.0,0,0,0.0,0.0,0,0,normal_routine,0
TXN_UPI_101120,USR_4115,2025-02-16 18:34:00,210.84,Food_Dining,DEV_IN_XRN13_025,Xiaomi Redmi Note 13,Bengaluru,12.9716,77.5946,3546.68,13098.55,-0.255,0.06,1,1,118.8667,0.0,0.0,0,0,0.0,0.0,0,0,normal_routine,0
TXN_UPI_100583,USR_4103,2025-02-16 18:37:00,33471.83,Food_Dining,DEV_IN_SAMS23_013,Samsung Galaxy S23,Hyderabad,17.385,78.4867,9471.61,21502.36,1.116,3.53,1,1,34.1,0.0,0.0,0,5,0.0,0.0,0,0,benign_festive_spend,0
TXN_UPI_101210,USR_4117,2025-02-16 18:43:00,229.48,Food_Dining,DEV_IN_SAMS23_027,Samsung Galaxy S23,Kolkata,22.5726,88.3639,4730.08,10759.32,-0.418,0.05,1,1,144.5,0.0,0.0,0,0,0.0,0.0,0,0,normal_routine,0
TXN_UPI_100088,USR_4092,2025-02-16 18:52:00,463.82,Food_Dining,DEV_IN_OP12_002,OnePlus 12,Kolkata,22.5726,88.3639,7917.82,18007.86,-0.414,0.06,1,1,92.7833,1700.57,18.33,0,2,0.0,0.0,0,0,normal_routine,0
TXN_UPI_101301,USR_4119,2025-02-16 18:56:00,84458.0,Jewelry_Luxury,DEV_IN_OP12_029,OnePlus 12,Bengaluru,12.9716,77.5946,7468.68,16615.24,4.634,11.31,1,1,29.8,0.0,0.0,0,0,0.0,0.0,0,0,benign_festive_spend,0
TXN_UPI_100674,USR_4105,2025-02-16 18:57:00,19172.61,Electronics_Gadgets,DEV_IN_SAMS23_015,Samsung Galaxy S23,Mumbai,19.076,72.8777,9650.86,20584.73,0.463,1.99,1,1,0.01,1148.09,114809.49,0,1,0.0,0.0,1,0,benign_festive_spend,0
TXN_UPI_103551,USR_4169,2025-02-16 19:13:00,445.61,P2P_Transfer,DEV_IN_IPH15_079,iPhone 15,Kolkata,22.5726,88.3639,8564.5,16907.84,-0.48,0.05,1,1,126.1833,0.0,0.0,0,0,0.0,0.0,0,0,normal_routine,0
TXN_UPI_102109,USR_4137,2025-02-16 19:15:00,529.16,Groceries_Daily,DEV_IN_OP12_047,OnePlus 12,Hyderabad,17.385,78.4867,13352.85,22750.2,-0.564,0.04,1,1,121.0833,520.05,4.29,0,0,0.0,0.0,0,0,normal_routine,0
TXN_UPI_102835,USR_4153,2025-02-16 19:24:00,38094.66,Food_Dining,DEV_IN_XRN13_063,Xiaomi Redmi Note 13,Mumbai,19.076,72.8777,4275.13,12190.45,2.774,8.91,1,1,0.01,0.0,0.0,0,1,0.0,0.0,0,0,benign_festive_spend,0
TXN_UPI_101258,USR_4118,2025-02-16 19:28:00,707.12,P2P_Transfer,DEV_IN_IPH15_028,iPhone 15,Hyderabad,17.385,78.4867,5079.42,13073.96,-0.334,0.14,1,1,0.01,0.0,0.0,0,1,0.0,0.0,0,0,normal_routine,0
TXN_UPI_100578,USR_4103,2025-02-16 19:43:00,230.48,Food_Dining,DEV_IN_SAMS23_013,Samsung Galaxy S23,Hyderabad,17.385,78.4867,10663.41,22646.87,-0.461,0.02,1,1,191.9167,0.0,0.0,0,0,0.0,0.0,0,0,normal_routine,0
TXN_UPI_103594,USR_4170,2025-02-16 19:47:00,1463.65,P2P_Transfer,DEV_IN_IPH15_080,iPhone 15,Chennai,13.0827,80.2707,6477.53,15007.26,-0.334,0.23,1,1,126.3167,0.0,0.0,0,0,0.0,0.0,0,0,normal_routine,0
TXN_UPI_100987,USR_4112,2025-02-16 19:54:00,355.52,P2P_Transfer,DEV_IN_SAMS23_022,Samsung Galaxy S23,Hyderabad,17.385,78.4867,4455.36,14296.28,-0.287,0.08,1,1,160.6333,0.0,0.0,0,0,0.0,0.0,0,0,normal_routine,0
TXN_UPI_100764,USR_4107,2025-02-16 19:58:00,330.74,P2P_Transfer,DEV_IN_OP12_017,OnePlus 12,Chennai,13.0827,80.2707,4476.11,11013.15,-0.376,0.07,1,1,94.35,0.0,0.0,0,3,0.0,0.0,0,0,normal_routine,0
TXN_UPI_102605,USR_4148,2025-02-16 20:00:00,23389.94,Food_Dining,DEV_IN_XRN13_058,Xiaomi Redmi Note 13,Pune,18.5204,73.8567,6615.29,14743.29,1.138,3.54,1,1,10.7667,0.0,0.0,0,0,0.0,0.0,0,0,benign_festive_spend,0
TXN_UPI_100219,USR_4095,2025-02-16 20:31:00,339.83,Food_Dining,DEV_IN_IPH15_005,iPhone 15,Kolkata,22.5726,88.3639,11534.05,21888.37,-0.511,0.03,1,1,46.95,0.0,0.0,0,0,0.0,0.0,0,0,normal_routine,0
TXN_UPI_103101,USR_4159,2025-02-16 20:33:00,1457.5,Utility_Bills,DEV_IN_XRN13_069,Xiaomi Redmi Note 13,Delhi,28.6139,77.209,10082.84,21405.85,-0.403,0.14,1,1,58.6333,0.0,0.0,0,2,0.0,0.0,0,0,normal_routine,0
TXN_UPI_103190,USR_4161,2025-02-16 20:37:00,412.77,Groceries_Daily,DEV_IN_OP12_071,OnePlus 12,Kolkata,22.5726,88.3639,4810.74,14248.39,-0.309,0.09,1,1,25.45,0.0,0.0,0,0,0.0,0.0,0,0,normal_routine,0
TXN_UPI_101613,USR_4126,2025-02-16 20:38:00,81791.56,Food_Dining,DEV_IN_OP12_036,OnePlus 12,Chennai,13.0827,80.2707,8746.69,20870.14,3.5,9.35,1,1,203.5833,0.0,0.0,0,0,0.0,0.0,0,0,benign_festive_spend,0
TXN_UPI_102423,USR_4144,2025-02-16 20:38:00,480.86,Groceries_Daily,DEV_IN_OP12_054,OnePlus 12,Jaipur,26.9124,75.7873,4319.53,10902.43,-0.352,0.11,1,1,222.7167,0.0,0.0,0,0,0.0,0.0,0,0,normal_routine,0
TXN_UPI_101169,USR_4116,2025-02-16 20:49:00,2747.77,Utility_Bills,DEV_IN_OP12_026,OnePlus 12,Hyderabad,17.385,78.4867,6232.81,16352.37,-0.213,0.44,1,1,0.01,0.0,0.0,0,1,0.0,0.0,0,0,normal_routine,0
TXN_UPI_103325,USR_4164,2025-02-16 20:51:00,1052.46,Utility_Bills,DEV_IN_IPH15_074,iPhone 15,Delhi,28.6139,77.209,8874.3,17678.58,-0.442,0.12,1,1,168.6333,0.0,0.0,0,0,0.0,0.0,0,0,normal_routine,0
TXN_UPI_103330,USR_4164,2025-02-16 20:52:00,304.74,P2P_Transfer,DEV_IN_IPH15_074,iPhone 15,Delhi,28.6139,77.209,7934.98,16849.55,-0.453,0.04,1,1,0.01,0.0,0.0,0,2,0.0,0.0,0,0,normal_routine,0
TXN_UPI_101843,USR_4131,2025-02-16 21:20:00,1589.56,P2P_Transfer,DEV_IN_OP12_041,OnePlus 12,Bengaluru,12.9716,77.5946,9028.65,18962.35,-0.392,0.18,1,1,0.01,0.0,0.0,0,1,0.0,0.0,0,0,normal_routine,0
TXN_UPI_102249,USR_4140,2025-02-16 21:30:00,537.63,Groceries_Daily,DEV_IN_XRN13_050,Xiaomi Redmi Note 13,Chennai,13.0827,80.2707,2255.19,8163.84,-0.21,0.24,1,1,0.01,0.0,0.0,0,1,0.0,0.0,0,0,normal_routine,0
TXN_UPI_102833,USR_4153,2025-02-16 21:39:00,123.27,Groceries_Daily,DEV_IN_XRN13_063,Xiaomi Redmi Note 13,Mumbai,19.076,72.8777,4464.41,12445.64,-0.349,0.03,1,1,103.9167,0.0,0.0,0,0,0.0,0.0,0,0,normal_routine,0
TXN_UPI_101888,USR_4132,2025-02-16 21:43:00,1555.27,Utility_Bills,DEV_IN_OP12_042,OnePlus 12,Hyderabad,17.385,78.4867,4524.52,14508.55,-0.205,0.34,1,1,127.3,1255.39,9.86,0,0,0.0,0.0,0,0,normal_routine,0
TXN_UPI_102114,USR_4137,2025-02-16 21:57:00,256.42,Food_Dining,DEV_IN_OP12_047,OnePlus 12,Hyderabad,17.385,78.4867,12905.53,22003.53,-0.575,0.02,1,1,90.0167,520.05,5.78,0,0,0.0,0.0,0,0,normal_routine,0
TXN_UPI_102335,USR_4142,2025-02-17 01:00:00,7333.17,Travel_Ticketing,DEV_IN_IPH15_052,iPhone 15,Mumbai,19.076,72.8777,6253.56,15343.09,0.07,1.17,1,1,77.3667,621.46,8.03,1,0,0.0,0.0,0,0,benign_travel,0
TXN_UPI_100893,USR_4110,2025-02-17 02:01:00,7100.72,Travel_Ticketing,DEV_IN_OP12_020,OnePlus 12,Delhi,28.6139,77.209,5834.11,15670.2,0.081,1.22,1,1,36.1833,235.29,6.5,1,0,0.0,0.0,0,0,benign_travel,0
TXN_UPI_100990,USR_4112,2025-02-17 04:19:00,3907.3,Utility_Bills,DEV_IN_SAMS23_022,Samsung Galaxy S23,Hyderabad,17.385,78.4867,4183.53,13836.87,-0.02,0.93,1,1,0.01,0.0,0.0,1,1,0.0,0.0,0,0,emergency_nocturnal_legit,0
TXN_UPI_102203,USR_4139,2025-02-17 08:18:00,513.62,Groceries_Daily,DEV_IN_OP12_049,OnePlus 12,Pune,18.5204,73.8567,3421.93,8911.19,-0.326,0.15,1,1,0.01,0.0,0.0,0,1,0.0,0.0,0,0,normal_routine,0
TXN_UPI_101122,USR_4115,2025-02-17 08:39:00,64140.19,Jewelry_Luxury,DEV_IN_XRN13_025,Xiaomi Redmi Note 13,Bengaluru,12.9716,77.5946,3385.57,12794.88,4.748,18.95,1,1,60.1833,0.0,0.0,0,0,0.0,0.0,0,0,benign_festive_spend,0
TXN_UPI_101170,USR_4116,2025-02-17 09:26:00,318.68,Food_Dining,DEV_IN_OP12_026,OnePlus 12,Hyderabad,17.385,78.4867,6153.6,16173.82,-0.361,0.05,1,1,12.6167,0.0,0.0,0,2,0.0,0.0,0,0,normal_routine,0
TXN_UPI_101572,USR_4125,2025-02-17 09:26:00,691.21,P2P_Transfer,DEV_IN_OP12_035,OnePlus 12,Pune,18.5204,73.8567,4513.58,12976.32,-0.295,0.15,1,1,0.01,359.3,35929.67,0,1,0.0,0.0,1,0,normal_routine,0
TXN_UPI_102743,USR_4151,2025-02-17 09:40:00,686.75,Utility_Bills,DEV_IN_SAMS23_061,Samsung Galaxy S23,Bengaluru,12.9716,77.5946,5987.58,15650.86,-0.339,0.11,1,1,0.01,0.0,0.0,0,1,0.0,0.0,0,0,normal_routine,0
TXN_UPI_102470,USR_4145,2025-02-17 09:53:00,924.86,P2P_Transfer,DEV_IN_SAMS23_055,Samsung Galaxy S23,Mumbai,19.076,72.8777,7961.46,18483.93,-0.381,0.12,1,1,67.95,0.0,0.0,0,0,0.0,0.0,0,0,normal_routine,0
TXN_UPI_102789,USR_4152,2025-02-17 09:53:00,665.54,Utility_Bills,DEV_IN_OP12_062,OnePlus 12,Bengaluru,12.9716,77.5946,5300.07,12328.39,-0.376,0.13,1,1,0.01,0.0,0.0,0,1,0.0,0.0,0,0,normal_routine,0
TXN_UPI_102969,USR_4156,2025-02-17 09:57:00,516.78,Food_Dining,DEV_IN_SAMS23_066,Samsung Galaxy S23,Jaipur,26.9124,75.7873,3737.37,9472.54,-0.34,0.14,1,1,0.01,0.0,0.0,0,1,0.0,0.0,0,0,normal_routine,0
TXN_UPI_103104,USR_4159,2025-02-17 11:11:00,1527.78,Utility_Bills,DEV_IN_XRN13_069,Xiaomi Redmi Note 13,Delhi,28.6139,77.209,9465.57,20768.66,-0.382,0.16,1,1,0.01,0.0,0.0,0,1,0.0,0.0,0,0,normal_routine,0
TXN_UPI_103510,USR_4168,2025-02-17 11:16:00,78684.76,Electronics_Gadgets,DEV_IN_XRN13_078,Xiaomi Redmi Note 13,Pune,18.5204,73.8567,6279.01,15107.62,4.793,12.53,1,1,0.01,0.0,0.0,0,1,0.0,0.0,0,0,benign_festive_spend,0
TXN_UPI_101212,USR_4117,2025-02-17 11:22:00,184.72,Food_Dining,DEV_IN_SAMS23_027,Samsung Galaxy S23,Kolkata,22.5726,88.3639,4531.35,10530.67,-0.413,0.04,1,1,170.1,0.0,0.0,0,0,0.0,0.0,0,0,normal_routine,0
TXN_UPI_100807,USR_4108,2025-02-17 11:55:00,25035.47,Groceries_Daily,DEV_IN_NEW_018,iPhone 16 Pro,Delhi,28.6139,77.209,11076.8,18681.07,0.747,2.26,0,1,0.01,0.0,0.0,0,1,0.0,0.0,0,0,benign_new_device,0
TXN_UPI_100176,USR_4094,2025-02-17 13:04:00,69451.24,Jewelry_Luxury,DEV_IN_SAMS23_004,Samsung Galaxy S23,Bengaluru,12.9716,77.5946,5632.24,16168.61,3.947,12.33,1,1,73.5333,0.0,0.0,0,0,0.0,0.0,0,0,benign_festive_spend,0
TXN_UPI_102247,USR_4140,2025-02-17 13:04:00,429.1,P2P_Transfer,DEV_IN_XRN13_050,Xiaomi Redmi Note 13,Chennai,13.0827,80.2707,2328.31,8353.4,-0.227,0.18,1,1,160.7667,0.0,0.0,0,0,0.0,0.0,0,0,normal_routine,0
TXN_UPI_103508,USR_4168,2025-02-17 13:08:00,1128.9,Utility_Bills,DEV_IN_XRN13_078,Xiaomi Redmi Note 13,Pune,18.5204,73.8567,6500.35,15427.87,-0.348,0.17,1,1,75.5833,0.0,0.0,0,0,0.0,0.0,0,0,normal_routine,0
TXN_UPI_102424,USR_4144,2025-02-17 13:12:00,315.65,Groceries_Daily,DEV_IN_OP12_054,OnePlus 12,Jaipur,26.9124,75.7873,4218.52,10775.55,-0.362,0.07,1,1,16.5667,0.0,0.0,0,0,0.0,0.0,0,0,normal_routine,0
TXN_UPI_100809,USR_4108,2025-02-17 13:29:00,297.82,Groceries_Daily,DEV_IN_IPH15_018,iPhone 15,Delhi,28.6139,77.209,11164.51,18430.62,-0.59,0.03,1,1,0.01,0.0,0.0,0,1,0.0,0.0,0,0,normal_routine,0
TXN_UPI_101123,USR_4115,2025-02-17 13:49:00,930.43,Utility_Bills,DEV_IN_XRN13_025,Xiaomi Redmi Note 13,Bengaluru,12.9716,77.5946,4832.11,15671.71,-0.249,0.19,1,1,5.1667,0.0,0.0,0,0,0.0,0.0,0,0,normal_routine,0
TXN_UPI_102922,USR_4155,2025-02-17 17:33:00,9280.89,Travel_Ticketing,DEV_IN_SAMS23_065,Samsung Galaxy S23,Delhi,28.6139,77.209,4121.37,11644.29,0.443,2.25,1,1,0.01,1255.39,125539.34,0,1,0.0,0.0,1,0,benign_travel,0
TXN_UPI_103554,USR_4169,2025-02-17 18:32:00,6394.75,Food_Dining,DEV_IN_NEW_079,iPhone 16 Pro,Kolkata,22.5726,88.3639,8412.12,16456.9,-0.123,0.76,0,1,115.7667,1700.57,14.69,0,2,0.0,0.0,0,0,benign_new_device,0
TXN_UPI_102021,USR_4135,2025-02-17 19:04:00,510.91,Groceries_Daily,DEV_IN_OP12_045,OnePlus 12,Bengaluru,12.9716,77.5946,4319.56,12732.92,-0.299,0.12,1,1,70.5,0.0,0.0,0,0,0.0,0.0,0,0,normal_routine,0
TXN_UPI_101753,USR_4129,2025-02-17 19:15:00,523.17,P2P_Transfer,DEV_IN_SAMS23_039,Samsung Galaxy S23,Bengaluru,12.9716,77.5946,6889.58,16546.8,-0.385,0.08,1,1,0.01,0.0,0.0,0,1,0.0,0.0,0,0,normal_routine,0
TXN_UPI_101710,USR_4128,2025-02-17 19:20:00,193.53,Groceries_Daily,DEV_IN_SAMS23_038,Samsung Galaxy S23,Bengaluru,12.9716,77.5946,6190.14,14586.87,-0.411,0.03,1,1,0.01,0.0,0.0,0,1,0.0,0.0,0,0,normal_routine,0
TXN_UPI_102739,USR_4151,2025-02-17 19:26:00,1332.42,Utility_Bills,DEV_IN_SAMS23_061,Samsung Galaxy S23,Bengaluru,12.9716,77.5946,6541.43,16355.17,-0.318,0.2,1,1,118.5167,0.0,0.0,0,0,0.0,0.0,0,0,normal_routine,0
TXN_UPI_102382,USR_4143,2025-02-17 19:27:00,244.05,Food_Dining,DEV_IN_XRN13_053,Xiaomi Redmi Note 13,Pune,18.5204,73.8567,3189.66,11711.91,-0.252,0.08,1,1,0.01,0.0,0.0,0,1,0.0,0.0,0,0,normal_routine,0
TXN_UPI_101569,USR_4125,2025-02-17 19:32:00,687.07,Food_Dining,DEV_IN_OP12_035,OnePlus 12,Pune,18.5204,73.8567,4621.67,13437.41,-0.293,0.15,1,1,72.9167,0.0,0.0,0,0,0.0,0.0,0,0,normal_routine,0
TXN_UPI_102519,USR_4146,2025-02-17 19:49:00,2068.16,Utility_Bills,DEV_IN_SAMS23_056,Samsung Galaxy S23,Hyderabad,17.385,78.4867,10599.91,21999.88,-0.388,0.2,1,1,70.9,0.0,0.0,0,0,0.0,0.0,0,0,normal_routine,0
TXN_UPI_102157,USR_4138,2025-02-17 19:52:00,777.04,P2P_Transfer,DEV_IN_IPH15_048,iPhone 15,Delhi,28.6139,77.209,6692.83,15303.04,-0.387,0.12,1,1,68.3,1148.09,16.81,0,2,0.0,0.0,0,0,normal_routine,0
TXN_UPI_100849,USR_4109,2025-02-17 19:54:00,862.66,P2P_Transfer,DEV_IN_IPH15_019,iPhone 15,Pune,18.5204,73.8567,7151.99,16986.84,-0.37,0.12,1,1,240.6,0.0,0.0,0,0,0.0,0.0,0,0,normal_routine,0
TXN_UPI_102070,USR_4136,2025-02-17 19:55:00,132.64,Food_Dining,DEV_IN_SAMS23_046,Samsung Galaxy S23,Pune,18.5204,73.8567,3836.23,8571.0,-0.432,0.03,1,1,117.8833,7723.26,65.52,0,5,0.0,0.0,0,0,normal_routine,0
TXN_UPI_103057,USR_4158,2025-02-17 20:01:00,1320.39,Utility_Bills,DEV_IN_SAMS23_068,Samsung Galaxy S23,Jaipur,26.9124,75.7873,6857.82,14828.75,-0.373,0.19,1,1,96.15,0.0,0.0,0,0,0.0,0.0,0,0,normal_routine,0
TXN_UPI_103099,USR_4159,2025-02-17 20:03:00,2469.5,P2P_Transfer,DEV_BURNER_68,Realme C11,Delhi,28.6139,77.209,9895.02,21795.42,-0.341,0.25,0,1,215.3333,0.0,0.0,0,0,0.0,0.0,0,1,stealth_micro_fraud,1
TXN_UPI_100447,USR_4100,2025-02-17 20:06:00,150.97,Food_Dining,DEV_IN_OP12_010,OnePlus 12,Pune,18.5204,73.8567,5200.76,13294.45,-0.38,0.03,1,1,0.01,0.0,0.0,0,1,0.0,0.0,0,0,normal_routine,0
TXN_UPI_101752,USR_4129,2025-02-17 20:16:00,1418.52,Utility_Bills,DEV_IN_SAMS23_039,Samsung Galaxy S23,Bengaluru,12.9716,77.5946,7023.02,16725.04,-0.335,0.2,1,1,130.5833,0.0,0.0,0,0,0.0,0.0,0,0,normal_routine,0
TXN_UPI_100266,USR_4096,2025-02-17 20:40:00,65363.33,Jewelry_Luxury,DEV_IN_SAMS23_006,Samsung Galaxy S23,Jaipur,26.9124,75.7873,2769.71,5918.35,10.576,23.6,1,1,49.2,0.0,0.0,0,0,0.0,0.0,0,0,benign_festive_spend,0
TXN_UPI_100945,USR_4111,2025-02-17 20:56:00,216.23,Groceries_Daily,DEV_IN_SAMS23_021,Samsung Galaxy S23,Hyderabad,17.385,78.4867,7792.12,18607.74,-0.407,0.03,1,1,0.01,0.0,0.0,0,1,0.0,0.0,0,0,normal_routine,0
TXN_UPI_101529,USR_4124,2025-02-17 21:22:00,671.49,P2P_Transfer,DEV_IN_IPH15_034,iPhone 15,Kolkata,22.5726,88.3639,9301.99,19068.24,-0.453,0.07,1,1,0.01,0.0,0.0,0,1,0.0,0.0,0,0,normal_routine,0
TXN_UPI_100851,USR_4109,2025-02-17 21:31:00,2146.85,Utility_Bills,DEV_IN_IPH15_019,iPhone 15,Pune,18.5204,73.8567,6820.28,16619.92,-0.281,0.31,1,1,0.01,0.0,0.0,0,1,0.0,0.0,0,0,normal_routine,0
TXN_UPI_100806,USR_4108,2025-02-17 21:32:00,219.13,Food_Dining,DEV_IN_IPH15_018,iPhone 15,Delhi,28.6139,77.209,11348.24,18833.11,-0.591,0.02,1,1,145.15,0.0,0.0,0,0,0.0,0.0,0,0,normal_routine,0
TXN_UPI_102921,USR_4155,2025-02-17 21:35:00,410.87,Groceries_Daily,DEV_IN_SAMS23_065,Samsung Galaxy S23,Hyderabad,17.385,78.4867,4214.13,11773.98,-0.323,0.1,1,1,170.0667,0.0,0.0,0,0,0.0,0.0,0,0,normal_routine,0
TXN_UPI_101347,USR_4120,2025-02-17 21:41:00,141.06,Groceries_Daily,DEV_IN_OP12_030,OnePlus 12,Kolkata,22.5726,88.3639,5262.29,15190.43,-0.337,0.03,1,1,176.6333,0.0,0.0,0,0,0.0,0.0,0,0,normal_routine,0
TXN_UPI_101660,USR_4127,2025-02-17 21:43:00,584.56,Utility_Bills,DEV_IN_XRN13_037,Xiaomi Redmi Note 13,Mumbai,19.076,72.8777,11141.94,23748.5,-0.445,0.05,1,1,98.15,0.0,0.0,0,0,0.0,0.0,0,0,normal_routine,0
TXN_UPI_100085,USR_4092,2025-02-17 22:17:00,15472.43,Travel_Ticketing,DEV_IN_OP12_002,OnePlus 12,Delhi,28.6139,77.209,7750.24,18575.89,0.416,2.0,1,1,193.8833,1303.83,6.72,0,0,0.0,0.0,0,0,benign_travel,0
TXN_UPI_101889,USR_4132,2025-02-17 23:04:00,6672.1,Travel_Ticketing,DEV_IN_OP12_042,OnePlus 12,Delhi,28.6139,77.209,4455.47,14345.83,0.155,1.5,1,1,25.35,1255.39,49.52,0,0,0.0,0.0,0,0,benign_travel,0
TXN_UPI_101842,USR_4131,2025-02-18 01:05:00,4802.73,Food_Dining,DEV_IN_OP12_041,OnePlus 12,Bengaluru,12.9716,77.5946,9131.72,19180.57,-0.226,0.53,1,1,149.3,0.0,0.0,1,0,0.0,0.0,0,0,emergency_nocturnal_legit,0
TXN_UPI_102606,USR_4148,2025-02-18 01:44:00,56218.45,P2P_Transfer,DEV_ROGUE_EMU_57,Linux Cloud Emulator,Pune,18.5204,73.8567,7034.66,14791.53,3.325,7.99,0,1,29.7333,0.0,0.0,1,0,1.5,2.64,0,1,hostile_account_takeover,1
TXN_UPI_103060,USR_4158,2025-02-18 02:53:00,4028.31,Utility_Bills,DEV_IN_SAMS23_068,Samsung Galaxy S23,Jaipur,26.9124,75.7873,6435.02,14399.94,-0.167,0.63,1,1,0.01,0.0,0.0,1,2,0.0,0.0,0,0,emergency_nocturnal_legit,0
TXN_UPI_102968,USR_4156,2025-02-18 04:43:00,6328.08,Utility_Bills,DEV_IN_SAMS23_066,Samsung Galaxy S23,Jaipur,26.9124,75.7873,3675.68,9576.11,0.277,1.72,1,1,130.45,0.0,0.0,1,0,0.0,0.0,0,0,emergency_nocturnal_legit,0
TXN_UPI_100491,USR_4101,2025-02-18 08:20:00,1374.5,Utility_Bills,DEV_IN_IPH15_011,iPhone 15,Mumbai,19.076,72.8777,7724.64,16747.68,-0.379,0.18,1,1,0.01,0.0,0.0,0,1,0.0,0.0,0,0,normal_routine,0
TXN_UPI_102248,USR_4140,2025-02-18 08:27:00,1083.55,Utility_Bills,DEV_IN_XRN13_050,Xiaomi Redmi Note 13,Chennai,13.0827,80.2707,2283.09,8258.43,-0.145,0.47,1,1,19.3833,0.0,0.0,0,0,0.0,0.0,0,0,normal_routine,0
TXN_UPI_100900,USR_4110,2025-02-18 08:54:00,346.69,Food_Dining,DEV_IN_OP12_020,OnePlus 12,Jaipur,26.9124,75.7873,5471.13,14538.23,-0.352,0.06,1,1,114.0167,1302.74,11.43,0,5,0.0,0.0,0,0,normal_routine,0
TXN_UPI_102065,USR_4136,2025-02-18 09:05:00,331.34,Food_Dining,DEV_IN_SAMS23_046,Samsung Galaxy S23,Pune,18.5204,73.8567,3826.94,8928.72,-0.392,0.09,1,1,167.85,0.0,0.0,0,0,0.0,0.0,0,0,normal_routine,0
TXN_UPI_100854,USR_4109,2025-02-18 09:14:00,1044.85,P2P_Transfer,DEV_IN_IPH15_019,iPhone 15,Pune,18.5204,73.8567,6413.14,16099.96,-0.333,0.16,1,1,63.0333,0.0,0.0,0,4,0.0,0.0,0,0,normal_routine,0
TXN_UPI_100490,USR_4101,2025-02-18 09:15:00,832.43,Utility_Bills,DEV_IN_IPH15_011,iPhone 15,Mumbai,19.076,72.8777,7901.37,16924.17,-0.418,0.11,1,1,215.6167,0.0,0.0,0,0,0.0,0.0,0,0,normal_routine,0
TXN_UPI_100760,USR_4107,2025-02-18 09:46:00,641.4,Utility_Bills,DEV_IN_OP12_017,OnePlus 12,Chennai,13.0827,80.2707,4849.02,11498.34,-0.366,0.13,1,1,156.9667,0.0,0.0,0,0,0.0,0.0,0,0,normal_routine,0
TXN_UPI_101033,USR_4113,2025-02-18 09:47:00,1017.68,Utility_Bills,DEV_IN_OP12_023,OnePlus 12,Delhi,28.6139,77.209,7675.88,19112.16,-0.348,0.13,1,1,0.01,0.0,0.0,0,1,0.0,0.0,0,0,normal_routine,0
TXN_UPI_100313,USR_4097,2025-02-18 09:51:00,1346.96,P2P_Transfer,DEV_IN_XRN13_007,Xiaomi Redmi Note 13,Delhi,28.6139,77.209,6129.91,14280.91,-0.335,0.22,1,1,140.7667,0.0,0.0,0,0,0.0,0.0,0,0,normal_routine,0
TXN_UPI_102741,USR_4151,2025-02-18 09:51:00,417.1,Food_Dining,DEV_IN_SAMS23_061,Samsung Galaxy S23,Bengaluru,12.9716,77.5946,6271.59,15984.44,-0.366,0.07,1,1,120.8667,0.0,0.0,0,0,0.0,0.0,0,0,normal_routine,0
TXN_UPI_103555,USR_4169,2025-02-18 09:53:00,677.67,P2P_Transfer,DEV_IN_IPH15_079,iPhone 15,Kolkata,22.5726,88.3639,8366.27,16271.6,-0.473,0.08,1,1,15.35,0.0,0.0,0,3,0.0,0.0,0,0,normal_routine,0
TXN_UPI_101304,USR_4119,2025-02-18 09:58:00,269.05,Groceries_Daily,DEV_IN_OP12_029,OnePlus 12,Bengaluru,12.9716,77.5946,10686.54,21520.0,-0.484,0.03,1,1,117.0667,1561.54,13.34,0,0,0.0,0.0,0,0,normal_routine,0
TXN_UPI_100493,USR_4101,2025-02-18 11:27:00,1582.01,Utility_Bills,DEV_IN_IPH15_011,iPhone 15,Mumbai,19.076,72.8777,7395.56,16410.65,-0.354,0.21,1,1,0.01,0.0,0.0,0,1,0.0,0.0,0,0,normal_routine,0
TXN_UPI_102790,USR_4152,2025-02-18 11:27:00,1243.27,P2P_Transfer,DEV_IN_OP12_062,OnePlus 12,Bengaluru,12.9716,77.5946,5194.74,12207.05,-0.324,0.24,1,1,25.5667,0.0,0.0,0,2,0.0,0.0,0,0,normal_routine,0
TXN_UPI_102651,USR_4149,2025-02-18 12:12:00,9497.13,Travel_Ticketing,DEV_IN_SAMS23_059,Samsung Galaxy S23,Goa,15.2993,74.124,5528.31,11827.12,0.336,1.72,1,1,209.0833,520.05,2.49,0,0,0.0,0.0,0,0,benign_travel,0
TXN_UPI_103552,USR_4169,2025-02-18 13:09:00,846.89,Groceries_Daily,DEV_IN_IPH15_079,iPhone 15,Kolkata,22.5726,88.3639,8366.48,16747.27,-0.449,0.1,1,1,41.9333,0.0,0.0,0,0,0.0,0.0,0,0,normal_routine,0
TXN_UPI_100403,USR_4099,2025-02-18 13:17:00,42666.78,Food_Dining,DEV_IN_NEW_009,Samsung Galaxy S24,Mumbai,19.076,72.8777,6843.33,16114.5,2.223,6.23,0,1,63.6833,0.0,0.0,0,0,0.0,0.0,0,0,benign_new_device,0
TXN_UPI_100089,USR_4092,2025-02-18 13:22:00,73003.01,Electronics_Gadgets,DEV_IN_OP12_002,OnePlus 12,Kolkata,22.5726,88.3639,7744.47,17832.65,3.659,9.43,1,1,42.5,0.0,0.0,0,3,0.0,0.0,0,0,benign_festive_spend,0
TXN_UPI_103010,USR_4157,2025-02-18 13:22:00,1425.86,Utility_Bills,DEV_IN_SAMS23_067,Samsung Galaxy S23,Jaipur,26.9124,75.7873,7451.92,16664.92,-0.362,0.19,1,1,209.4333,0.0,0.0,0,0,0.0,0.0,0,0,normal_routine,0
TXN_UPI_103236,USR_4162,2025-02-18 13:46:00,17365.34,Groceries_Daily,DEV_IN_NEW_072,Samsung Galaxy S24,Bengaluru,12.9716,77.5946,8146.21,17641.97,0.523,2.13,0,1,170.0667,0.0,0.0,0,0,0.0,0.0,0,0,benign_new_device,0
TXN_UPI_100359,USR_4098,2025-02-18 13:56:00,499.46,Groceries_Daily,DEV_IN_IPH15_008,iPhone 15,Hyderabad,17.385,78.4867,7766.39,18133.93,-0.401,0.06,1,1,0.01,0.0,0.0,0,1,0.0,0.0,0,0,normal_routine,0
TXN_UPI_101213,USR_4117,2025-02-18 18:08:00,299.11,Groceries_Daily,DEV_IN_SAMS23_027,Samsung Galaxy S23,Kolkata,22.5726,88.3639,4427.86,10425.63,-0.396,0.07,1,1,30.7667,0.0,0.0,0,0,0.0,0.0,0,0,normal_routine,0
TXN_UPI_101481,USR_4123,2025-02-18 18:22:00,796.13,Utility_Bills,DEV_IN_OP12_033,OnePlus 12,Chennai,13.0827,80.2707,3134.73,8075.16,-0.29,0.25,1,1,193.25,706.92,3.66,0,0,0.0,0.0,0,0,normal_routine,0
TXN_UPI_101977,USR_4134,2025-02-18 18:45:00,891.53,Utility_Bills,DEV_IN_OP12_044,OnePlus 12,Chennai,13.0827,80.2707,8155.15,16750.05,-0.434,0.11,1,1,53.8833,706.92,13.12,0,0,0.0,0.0,0,0,normal_routine,0
TXN_UPI_100492,USR_4101,2025-02-18 18:52:00,253.41,Groceries_Daily,DEV_IN_IPH15_011,iPhone 15,Mumbai,19.076,72.8777,7569.76,16571.16,-0.442,0.03,1,1,10.5333,0.0,0.0,0,0,0.0,0.0,0,0,normal_routine,0
TXN_UPI_102785,USR_4152,2025-02-18 19:01:00,1533.74,Utility_Bills,DEV_IN_OP12_062,OnePlus 12,Bengaluru,12.9716,77.5946,5644.74,12888.55,-0.319,0.27,1,1,197.8667,0.0,0.0,0,0,0.0,0.0,0,0,normal_routine,0
TXN_UPI_101482,USR_4123,2025-02-18 19:06:00,310.01,Food_Dining,DEV_IN_OP12_033,OnePlus 12,Chennai,13.0827,80.2707,3077.7,7984.23,-0.347,0.1,1,1,0.7333,0.0,0.0,0,1,0.0,0.0,0,0,normal_routine,0
TXN_UPI_100270,USR_4096,2025-02-18 19:21:00,547.99,Groceries_Daily,DEV_IN_SAMS23_006,Samsung Galaxy S23,Jaipur,26.9124,75.7873,4924.01,12075.83,-0.362,0.11,1,1,77.4833,0.0,0.0,0,0,0.0,0.0,0,0,normal_routine,0
TXN_UPI_103418,USR_4166,2025-02-18 19:22:00,737.32,P2P_Transfer,DEV_IN_SAMS23_076,Samsung Galaxy S23,Bengaluru,12.9716,77.5946,4631.59,13595.4,-0.286,0.16,1,1,95.3167,0.0,0.0,0,0,0.0,0.0,0,0,normal_routine,0
TXN_UPI_100717,USR_4106,2025-02-18 19:32:00,1151.86,Utility_Bills,DEV_IN_OP12_016,OnePlus 12,Pune,18.5204,73.8567,5282.67,17173.85,-0.241,0.22,1,1,129.9833,0.0,0.0,0,0,0.0,0.0,0,0,normal_routine,0
TXN_UPI_100540,USR_4102,2025-02-18 19:36:00,32216.13,Food_Dining,DEV_IN_NEW_012,Samsung Galaxy S24,Hyderabad,17.385,78.4867,8174.64,17674.04,1.36,3.94,0,1,0.01,0.0,0.0,0,1,0.0,0.0,0,0,benign_new_device,0
TXN_UPI_103329,USR_4164,2025-02-18 19:49:00,556.9,P2P_Transfer,DEV_IN_IPH15_074,iPhone 15,Delhi,28.6139,77.209,8106.57,17006.3,-0.444,0.07,1,1,0.01,0.0,0.0,0,1,0.0,0.0,0,0,normal_routine,0
TXN_UPI_102290,USR_4141,2025-02-18 19:50:00,279.83,Groceries_Daily,DEV_IN_OP12_051,OnePlus 12,Hyderabad,17.385,78.4867,5477.65,14585.66,-0.356,0.05,1,1,150.2,0.0,0.0,0,0,0.0,0.0,0,0,normal_routine,0
TXN_UPI_102653,USR_4149,2025-02-18 19:51:00,299.74,Food_Dining,DEV_IN_SAMS23_059,Samsung Galaxy S23,Hyderabad,17.385,78.4867,5517.68,11578.38,-0.451,0.05,1,1,53.9333,0.0,0.0,0,0,0.0,0.0,0,0,normal_routine,0
TXN_UPI_101661,USR_4127,2025-02-18 19:52:00,887.32,Utility_Bills,DEV_IN_XRN13_037,Xiaomi Redmi Note 13,Mumbai,19.076,72.8777,10878.01,23507.62,-0.425,0.08,1,1,22.15,0.0,0.0,0,0,0.0,0.0,0,0,normal_routine,0
TXN_UPI_100989,USR_4112,2025-02-18 19:53:00,614.68,P2P_Transfer,DEV_IN_SAMS23_022,Samsung Galaxy S23,Hyderabad,17.385,78.4867,4266.53,13986.01,-0.261,0.14,1,1,106.9667,0.0,0.0,0,0,0.0,0.0,0,0,normal_routine,0
TXN_UPI_102155,USR_4138,2025-02-18 19:59:00,281.87,Food_Dining,DEV_IN_IPH15_048,iPhone 15,Delhi,28.6139,77.209,6760.15,15645.02,-0.414,0.04,1,1,174.8333,0.0,0.0,0,0,0.0,0.0,0,0,normal_routine,0
TXN_UPI_100850,USR_4109,2025-02-18 20:14:00,172.76,Groceries_Daily,DEV_IN_IPH15_019,iPhone 15,Pune,18.5204,73.8567,6990.73,16797.09,-0.406,0.02,1,1,24.3333,0.0,0.0,0,0,0.0,0.0,0,0,normal_routine,0
TXN_UPI_100808,USR_4108,2025-02-18 20:16:00,889.49,Utility_Bills,DEV_IN_IPH15_018,iPhone 15,Delhi,28.6139,77.209,11409.15,18579.61,-0.566,0.08,1,1,32.35,0.0,0.0,0,0,0.0,0.0,0,0,normal_routine,0
TXN_UPI_100355,USR_4098,2025-02-18 20:19:00,446.29,Food_Dining,DEV_IN_IPH15_008,iPhone 15,Hyderabad,17.385,78.4867,8510.28,18883.94,-0.427,0.05,1,1,174.35,0.0,0.0,0,0,0.0,0.0,0,0,normal_routine,0
TXN_UPI_102787,USR_4152,2025-02-18 20:24:00,1071.79,Utility_Bills,DEV_IN_OP12_062,OnePlus 12,Bengaluru,12.9716,77.5946,5510.18,12587.85,-0.353,0.19,1,1,161.9,0.0,0.0,0,0,0.0,0.0,0,0,normal_routine,0
TXN_UPI_100130,USR_4093,2025-02-18 20:27:00,355.41,Food_Dining,DEV_IN_IPH15_003,iPhone 15,Mumbai,19.076,72.8777,5223.48,12881.18,-0.378,0.07,1,1,217.8333,0.0,0.0,0,0,0.0,0.0,0,0,normal_routine,0
TXN_UPI_100042,USR_4091,2025-02-18 20:29:00,238.81,Food_Dining,DEV_IN_IPH15_001,iPhone 15,Bengaluru,12.9716,77.5946,5651.93,16534.1,-0.327,0.04,1,1,119.1833,0.0,0.0,0,2,0.0,0.0,0,0,normal_routine,0
TXN_UPI_101032,USR_4113,2025-02-18 20:38:00,270.52,Food_Dining,DEV_IN_OP12_023,OnePlus 12,Delhi,28.6139,77.209,7856.5,19308.38,-0.393,0.03,1,1,204.4333,0.0,0.0,0,0,0.0,0.0,0,0,normal_routine,0
TXN_UPI_102877,USR_4154,2025-02-18 20:39:00,687.62,P2P_Transfer,DEV_IN_IPH15_064,iPhone 15,Chennai,13.0827,80.2707,7817.48,15075.23,-0.473,0.09,1,1,57.3333,0.0,0.0,0,0,0.0,0.0,0,0,normal_routine,0
TXN_UPI_100895,USR_4110,2025-02-18 20:46:00,1289.13,Utility_Bills,DEV_IN_OP12_020,OnePlus 12,Jaipur,26.9124,75.7873,5720.7,15291.2,-0.29,0.23,1,1,203.5833,0.0,0.0,0,0,0.0,0.0,0,0,normal_routine,0
TXN_UPI_101755,USR_4129,2025-02-18 21:03:00,578.63,Groceries_Daily,DEV_IN_SAMS23_039,Samsung Galaxy S23,Bengaluru,12.9716,77.5946,6593.94,16223.06,-0.371,0.09,1,1,0.01,0.0,0.0,0,1,0.0,0.0,0,0,normal_routine,0
TXN_UPI_100177,USR_4094,2025-02-18 21:04:00,1983.23,Utility_Bills,DEV_IN_SAMS23_004,Samsung Galaxy S23,Bengaluru,12.9716,77.5946,7188.8,18760.68,-0.277,0.28,1,1,32.0,0.0,0.0,0,0,0.0,0.0,0,0,normal_routine,0
TXN_UPI_102699,USR_4150,2025-02-18 21:15:00,1809.62,Utility_Bills,DEV_IN_SAMS23_060,Samsung Galaxy S23,Mumbai,19.076,72.8777,6113.27,13089.26,-0.329,0.3,1,1,143.8333,0.0,0.0,0,0,0.0,0.0,0,0,normal_routine,0
TXN_UPI_100040,USR_4091,2025-02-18 21:36:00,162.84,Food_Dining,DEV_IN_IPH15_001,iPhone 15,Bengaluru,12.9716,77.5946,5929.53,16906.09,-0.341,0.03,1,1,227.8167,0.0,0.0,0,0,0.0,0.0,0,0,normal_routine,0
TXN_UPI_101168,USR_4116,2025-02-18 21:58:00,2012.98,P2P_Transfer,DEV_IN_OP12_026,OnePlus 12,Hyderabad,17.385,78.4867,6333.28,16532.77,-0.261,0.32,1,1,121.65,0.0,0.0,0,0,0.0,0.0,0,0,normal_routine,0
TXN_UPI_101571,USR_4125,2025-02-18 22:32:00,8062.46,Travel_Ticketing,DEV_IN_OP12_035,OnePlus 12,Goa,15.2993,74.124,4424.86,13125.24,0.277,1.82,1,1,76.15,359.3,4.72,0,0,0.0,0.0,0,0,benign_travel,0
TXN_UPI_100761,USR_4107,2025-02-18 23:39:00,164.13,Gaming_Crypto,DEV_BOTNET_16,Automated Script Bot,Chennai,13.0827,80.2707,4743.83,11372.69,-0.403,0.03,0,1,13.8833,0.0,0.0,0,10,0.0,0.0,0,1,credential_stuffing_burst,1
TXN_UPI_103600,USR_4170,2025-02-18 23:50:00,8110.55,Travel_Ticketing,DEV_IN_IPH15_080,iPhone 15,Jaipur,26.9124,75.7873,5717.21,14079.49,0.17,1.42,1,1,124.3333,1607.1,12.93,0,2,0.0,0.0,0,0,benign_travel,0
TXN_UPI_102294,USR_4141,2025-02-19 02:49:00,6053.69,Utility_Bills,DEV_IN_OP12_051,OnePlus 12,Hyderabad,17.385,78.4867,6283.88,14951.75,-0.015,0.96,1,1,75.5167,1095.15,14.5,1,0,0.0,0.0,0,0,emergency_nocturnal_legit,0
TXN_UPI_102655,USR_4149,2025-02-19 03:11:00,701.25,Food_Dining,DEV_IN_SAMS23_059,Samsung Galaxy S23,Hyderabad,17.385,78.4867,5299.61,11356.58,-0.405,0.13,1,1,0.01,0.0,0.0,1,1,0.0,0.0,0,0,emergency_nocturnal_legit,0
TXN_UPI_103509,USR_4168,2025-02-19 08:09:00,2132.9,P2P_Transfer,DEV_IN_XRN13_078,Xiaomi Redmi Note 13,Pune,18.5204,73.8567,6375.43,15268.9,-0.278,0.33,1,1,43.0167,0.0,0.0,0,0,0.0,0.0,0,0,normal_routine,0
TXN_UPI_101931,USR_4133,2025-02-19 08:32:00,275.57,Food_Dining,DEV_IN_IPH15_043,iPhone 15,Delhi,28.6139,77.209,4147.45,12354.97,-0.313,0.07,1,1,95.2,0.0,0.0,0,0,0.0,0.0,0,0,normal_routine,0
TXN_UPI_100495,USR_4101,2025-02-19 08:33:00,668.28,P2P_Transfer,DEV_IN_IPH15_011,iPhone 15,Mumbai,19.076,72.8777,7135.68,16077.52,-0.402,0.09,1,1,101.3167,0.0,0.0,0,0,0.0,0.0,0,0,normal_routine,0
TXN_UPI_102563,USR_4147,2025-02-19 09:33:00,86.69,Food_Dining,DEV_IN_XRN13_057,Xiaomi Redmi Note 13,Pune,18.5204,73.8567,6994.5,17312.16,-0.399,0.01,1,1,157.9167,0.0,0.0,0,0,0.0,0.0,0,0,normal_routine,0
TXN_UPI_101528,USR_4124,2025-02-19 09:43:00,1555.94,Utility_Bills,DEV_IN_IPH15_034,iPhone 15,Kolkata,22.5726,88.3639,9486.42,19255.97,-0.412,0.16,1,1,139.9,0.0,0.0,0,0,0.0,0.0,0,0,normal_routine,0
TXN_UPI_102654,USR_4149,2025-02-19 09:51:00,1140.27,Utility_Bills,DEV_IN_SAMS23_059,Samsung Galaxy S23,Hyderabad,17.385,78.4867,5396.34,11469.94,-0.371,0.21,1,1,14.0,0.0,0.0,0,0,0.0,0.0,0,0,normal_routine,0
TXN_UPI_103283,USR_4163,2025-02-19 11:02:00,626.2,Food_Dining,DEV_IN_XRN13_073,Xiaomi Redmi Note 13,Chennai,13.0827,80.2707,5457.93,12638.46,-0.382,0.11,1,1,0.01,0.0,0.0,0,1,0.0,0.0,0,0,normal_routine,0
TXN_UPI_100719,USR_4106,2025-02-19 11:16:00,161.03,Food_Dining,DEV_IN_OP12_016,OnePlus 12,Pune,18.5204,73.8567,5086.83,16793.14,-0.293,0.03,1,1,0.01,0.0,0.0,0,1,0.0,0.0,0,0,normal_routine,0
TXN_UPI_101392,USR_4121,2025-02-19 11:20:00,2078.13,P2P_Transfer,DEV_IN_OP12_031,OnePlus 12,Kolkata,22.5726,88.3639,9955.35,20257.0,-0.389,0.21,1,1,145.7167,0.0,0.0,0,0,0.0,0.0,0,0,normal_routine,0
TXN_UPI_100720,USR_4106,2025-02-19 11:40:00,35457.78,Food_Dining,DEV_IN_OP12_016,OnePlus 12,Pune,18.5204,73.8567,4974.88,16617.44,1.834,7.13,1,1,0.4,0.0,0.0,0,2,0.0,0.0,0,0,benign_festive_spend,0
TXN_UPI_101709,USR_4128,2025-02-19 11:47:00,60068.01,Electronics_Gadgets,DEV_IN_SAMS23_038,Samsung Galaxy S23,Bengaluru,12.9716,77.5946,4937.16,12192.12,4.522,12.17,1,1,134.45,0.0,0.0,0,0,0.0,0.0,0,0,benign_festive_spend,0
TXN_UPI_102115,USR_4137,2025-02-19 12:44:00,14656.26,Travel_Ticketing,DEV_IN_OP12_047,OnePlus 12,Delhi,28.6139,77.209,12618.05,21833.59,0.093,1.16,1,1,62.7833,1255.39,20.0,0,0,0.0,0.0,0,0,benign_travel,0
TXN_UPI_100675,USR_4105,2025-02-19 13:21:00,23860.18,Electronics_Gadgets,DEV_IN_SAMS23_015,Samsung Galaxy S23,Mumbai,19.076,72.8777,9867.26,20398.88,0.686,2.42,1,1,66.4,0.0,0.0,0,2,0.0,0.0,0,0,benign_festive_spend,0
TXN_UPI_103013,USR_4157,2025-02-19 13:25:00,1147.13,Utility_Bills,DEV_IN_SAMS23_067,Samsung Galaxy S23,Jaipur,26.9124,75.7873,7094.36,16116.98,-0.369,0.16,1,1,155.3,0.0,0.0,0,0,0.0,0.0,0,0,normal_routine,0
TXN_UPI_102924,USR_4155,2025-02-19 13:27:00,2252.78,Utility_Bills,DEV_IN_SAMS23_065,Samsung Galaxy S23,Hyderabad,17.385,78.4867,4176.5,11405.26,-0.169,0.54,1,1,148.7167,0.0,0.0,0,0,0.0,0.0,0,0,normal_routine,0
TXN_UPI_100538,USR_4102,2025-02-19 13:34:00,275.81,Groceries_Daily,DEV_IN_SAMS23_012,Samsung Galaxy S23,Hyderabad,17.385,78.4867,8542.66,18007.37,-0.459,0.03,1,1,0.01,0.0,0.0,0,1,0.0,0.0,0,0,normal_routine,0
TXN_UPI_102202,USR_4139,2025-02-19 13:42:00,1806.58,Utility_Bills,DEV_IN_OP12_049,OnePlus 12,Pune,18.5204,73.8567,3461.33,9015.59,-0.184,0.52,1,1,171.8167,0.0,0.0,0,0,0.0,0.0,0,0,normal_routine,0
TXN_UPI_100086,USR_4092,2025-02-19 18:09:00,207.14,Groceries_Daily,DEV_IN_OP12_002,OnePlus 12,Kolkata,22.5726,88.3639,7943.3,18381.8,-0.421,0.03,1,1,43.8667,1303.83,29.72,0,0,0.0,0.0,0,0,normal_routine,0
TXN_UPI_100536,USR_4102,2025-02-19 18:35:00,195.89,Food_Dining,DEV_IN_SAMS23_012,Samsung Galaxy S23,Hyderabad,17.385,78.4867,8959.18,18353.08,-0.477,0.02,1,1,122.75,1255.39,10.23,0,0,0.0,0.0,0,0,normal_routine,0
TXN_UPI_103419,USR_4166,2025-02-19 18:37:00,310.62,Food_Dining,DEV_IN_SAMS23_076,Samsung Galaxy S23,Bengaluru,12.9716,77.5946,4541.03,13449.19,-0.315,0.07,1,1,23.25,0.0,0.0,0,0,0.0,0.0,0,0,normal_routine,0
TXN_UPI_102381,USR_4143,2025-02-19 18:42:00,1363.57,Utility_Bills,DEV_IN_XRN13_053,Xiaomi Redmi Note 13,Pune,18.5204,73.8567,3235.31,11853.8,-0.158,0.42,1,1,127.3,0.0,0.0,0,0,0.0,0.0,0,0,normal_routine,0
TXN_UPI_102385,USR_4143,2025-02-19 19:08:00,1724.97,P2P_Transfer,DEV_IN_XRN13_053,Xiaomi Redmi Note 13,Pune,18.5204,73.8567,3040.59,11319.91,-0.116,0.57,1,1,94.7667,0.0,0.0,0,4,0.0,0.0,0,0,normal_routine,0
TXN_UPI_103192,USR_4161,2025-02-19 19:09:00,371.97,Groceries_Daily,DEV_IN_OP12_071,OnePlus 12,Kolkata,22.5726,88.3639,4885.15,13961.83,-0.323,0.08,1,1,226.3333,0.0,0.0,0,0,0.0,0.0,0,0,normal_routine,0
TXN_UPI_100941,USR_4111,2025-02-19 19:11:00,373.19,Food_Dining,DEV_IN_SAMS23_021,Samsung Galaxy S23,Hyderabad,17.385,78.4867,8525.43,19363.78,-0.421,0.04,1,1,189.65,0.0,0.0,0,0,0.0,0.0,0,0,normal_routine,0
TXN_UPI_102340,USR_4142,2025-02-19 19:40:00,242.05,Groceries_Daily,DEV_IN_IPH15_052,iPhone 15,Hyderabad,17.385,78.4867,8795.19,19070.23,-0.449,0.03,1,1,106.2333,0.0,0.0,0,0,0.0,0.0,0,0,normal_routine,0
TXN_UPI_103465,USR_4167,2025-02-19 19:59:00,192.64,Food_Dining,DEV_IN_XRN13_077,Xiaomi Redmi Note 13,Hyderabad,17.385,78.4867,9025.62,19320.41,-0.457,0.02,1,1,0.01,0.0,0.0,0,1,0.0,0.0,0,0,normal_routine,0
TXN_UPI_101617,USR_4126,2025-02-19 20:01:00,1296.33,P2P_Transfer,DEV_IN_OP12_036,OnePlus 12,Chennai,13.0827,80.2707,11947.45,25408.37,-0.419,0.11,1,1,78.9167,0.0,0.0,0,0,0.0,0.0,0,0,normal_routine,0
TXN_UPI_101978,USR_4134,2025-02-19 20:12:00,262.54,Food_Dining,DEV_IN_OP12_044,OnePlus 12,Chennai,13.0827,80.2707,7982.2,16586.45,-0.465,0.03,1,1,25.45,0.0,0.0,0,0,0.0,0.0,0,0,normal_routine,0
TXN_UPI_102879,USR_4154,2025-02-19 20:33:00,52279.32,Food_Dining,DEV_IN_IPH15_064,iPhone 15,Chennai,13.0827,80.2707,7482.65,14798.34,3.027,6.99,1,1,0.01,0.0,0.0,0,1,0.0,0.0,0,0,benign_festive_spend,0
TXN_UPI_101257,USR_4118,2025-02-19 20:40:00,1230.91,P2P_Transfer,DEV_IN_IPH15_028,iPhone 15,Hyderabad,17.385,78.4867,5173.28,13218.44,-0.298,0.24,1,1,198.85,0.0,0.0,0,0,0.0,0.0,0,0,normal_routine,0
TXN_UPI_100446,USR_4100,2025-02-19 20:41:00,826.48,Utility_Bills,DEV_IN_OP12_010,OnePlus 12,Pune,18.5204,73.8567,5310.11,13441.38,-0.334,0.16,1,1,127.3,0.0,0.0,0,0,0.0,0.0,0,0,normal_routine,0
TXN_UPI_103059,USR_4158,2025-02-19 20:52:00,485.66,Groceries_Daily,DEV_IN_SAMS23_068,Samsung Galaxy S23,Jaipur,26.9124,75.7873,6573.38,14537.48,-0.419,0.07,1,1,0.01,0.0,0.0,0,1,0.0,0.0,0,0,normal_routine,0
TXN_UPI_101665,USR_4127,2025-02-19 21:03:00,184.93,Food_Dining,DEV_IN_XRN13_037,Xiaomi Redmi Note 13,Mumbai,19.076,72.8777,9968.42,22597.85,-0.433,0.02,1,1,0.01,0.0,0.0,0,1,0.0,0.0,0,0,normal_routine,0
TXN_UPI_101395,USR_4121,2025-02-19 21:32:00,84655.41,Electronics_Gadgets,DEV_IN_OP12_031,OnePlus 12,Kolkata,22.5726,88.3639,9364.9,19676.64,3.826,9.04,1,1,131.7,0.0,0.0,0,2,0.0,0.0,0,0,benign_festive_spend,0
TXN_UPI_101077,USR_4114,2025-02-20 00:01:00,6434.78,Travel_Ticketing,DEV_IN_SAMS23_024,Samsung Galaxy S23,Jaipur,26.9124,75.7873,4784.07,12590.79,0.131,1.35,1,1,220.6333,235.29,1.07,0,0,0.0,0.0,0,0,benign_travel,0
TXN_UPI_101935,USR_4133,2025-02-20 02:27:00,5818.46,Travel_Ticketing,DEV_IN_IPH15_043,iPhone 15,Goa,15.2993,74.124,4404.75,12031.04,0.118,1.32,1,1,0.01,1514.09,151408.97,1,1,0.0,0.0,1,0,benign_travel,0
TXN_UPI_100224,USR_4095,2025-02-20 02:45:00,100.01,Gaming_Crypto,DEV_BOTNET_04,Automated Script Bot,Kolkata,22.5726,88.3639,10544.54,20825.9,-0.502,0.01,0,1,0.01,0.0,0.0,1,12,1.5,0.11,0,1,credential_stuffing_burst,1
TXN_UPI_101483,USR_4123,2025-02-20 03:19:00,7838.72,Travel_Ticketing,DEV_IN_OP12_033,OnePlus 12,Mumbai,19.076,72.8777,3011.8,7899.88,0.611,2.6,1,1,32.2167,1033.1,32.07,1,0,0.0,0.0,0,0,benign_travel,0
TXN_UPI_102024,USR_4135,2025-02-20 04:44:00,868.35,P2P_Transfer,DEV_IN_OP12_045,OnePlus 12,Bengaluru,12.9716,77.5946,5891.98,16667.6,-0.301,0.15,1,1,0.01,0.0,0.0,1,1,0.0,0.0,0,0,emergency_nocturnal_legit,0
TXN_UPI_100360,USR_4098,2025-02-20 08:53:00,313.23,Food_Dining,DEV_IN_IPH15_008,iPhone 15,Hyderabad,17.385,78.4867,7601.23,17959.36,-0.406,0.04,1,1,42.95,0.0,0.0,0,2,0.0,0.0,0,0,normal_routine,0
TXN_UPI_101214,USR_4117,2025-02-20 09:26:00,940.68,Utility_Bills,DEV_IN_SAMS23_027,Samsung Galaxy S23,Kolkata,22.5726,88.3639,4331.84,10322.46,-0.329,0.22,1,1,39.3,0.0,0.0,0,0,0.0,0.0,0,0,normal_routine,0
TXN_UPI_102565,USR_4147,2025-02-20 09:27:00,941.0,P2P_Transfer,DEV_IN_XRN13_057,Xiaomi Redmi Note 13,Pune,18.5204,73.8567,6696.56,16969.31,-0.339,0.14,1,1,0.01,0.0,0.0,0,1,0.0,0.0,0,0,normal_routine,0
TXN_UPI_103058,USR_4158,2025-02-20 09:36:00,164.32,Groceries_Daily,DEV_IN_SAMS23_068,Samsung Galaxy S23,Jaipur,26.9124,75.7873,6725.98,14675.45,-0.447,0.02,1,1,61.5833,0.0,0.0,0,0,0.0,0.0,0,0,normal_routine,0
TXN_UPI_103597,USR_4170,2025-02-20 09:38:00,1997.25,Utility_Bills,DEV_IN_IPH15_080,iPhone 15,Chennai,13.0827,80.2707,6077.55,14518.24,-0.281,0.33,1,1,192.65,0.0,0.0,0,0,0.0,0.0,0,0,normal_routine,0
TXN_UPI_100942,USR_4111,2025-02-20 09:47:00,321.53,Groceries_Daily,DEV_IN_SAMS23_021,Samsung Galaxy S23,Hyderabad,17.385,78.4867,8326.6,19167.47,-0.418,0.04,1,1,14.6,0.0,0.0,0,0,0.0,0.0,0,0,normal_routine,0
TXN_UPI_103462,USR_4167,2025-02-20 09:59:00,426.15,Food_Dining,DEV_IN_XRN13_077,Xiaomi Redmi Note 13,Hyderabad,17.385,78.4867,9651.01,19870.95,-0.464,0.04,1,1,229.0667,0.0,0.0,0,0,0.0,0.0,0,0,normal_routine,0
TXN_UPI_103149,USR_4160,2025-02-20 11:04:00,6072.42,Travel_Ticketing,DEV_IN_OP12_070,OnePlus 12,Delhi,28.6139,77.209,9440.23,20253.26,-0.166,0.64,1,1,0.01,1755.8,175579.74,0,1,0.0,0.0,1,0,benign_travel,0
TXN_UPI_103147,USR_4160,2025-02-20 11:44:00,52603.35,Electronics_Gadgets,DEV_IN_OP12_070,OnePlus 12,Chennai,13.0827,80.2707,8609.56,19546.13,2.251,6.11,1,1,159.5167,0.0,0.0,0,0,0.0,0.0,0,0,benign_festive_spend,0
TXN_UPI_100179,USR_4094,2025-02-20 13:37:00,820.68,P2P_Transfer,DEV_IN_SAMS23_004,Samsung Galaxy S23,Bengaluru,12.9716,77.5946,6922.93,18359.03,-0.332,0.12,1,1,0.01,0.0,0.0,0,1,0.0,0.0,0,0,normal_routine,0
TXN_UPI_102023,USR_4135,2025-02-20 13:38:00,78773.04,Jewelry_Luxury,DEV_IN_OP12_045,OnePlus 12,Bengaluru,12.9716,77.5946,4156.72,12447.67,5.994,18.95,1,1,113.1833,0.0,0.0,0,0,0.0,0.0,0,0,benign_festive_spend,0
TXN_UPI_100944,USR_4111,2025-02-20 13:44:00,637.33,P2P_Transfer,DEV_IN_SAMS23_021,Samsung Galaxy S23,Hyderabad,17.385,78.4867,7958.51,18790.47,-0.39,0.08,1,1,95.7667,0.0,0.0,0,0,0.0,0.0,0,0,normal_routine,0
TXN_UPI_100673,USR_4105,2025-02-20 14:07:00,2773.5,Travel_Ticketing,DEV_IN_SAMS23_015,Samsung Galaxy S23,Delhi,28.6139,77.209,9814.6,20800.64,-0.339,0.28,1,1,186.7833,1148.09,6.15,0,0,0.0,0.0,0,0,benign_travel,0
TXN_UPI_102742,USR_4151,2025-02-20 18:23:00,197.93,Groceries_Daily,DEV_IN_SAMS23_061,Samsung Galaxy S23,Bengaluru,12.9716,77.5946,6128.8,15814.11,-0.375,0.03,1,1,56.5333,0.0,0.0,0,0,0.0,0.0,0,0,normal_routine,0
TXN_UPI_100537,USR_4102,2025-02-20 18:44:00,228.8,Groceries_Daily,DEV_IN_SAMS23_012,Samsung Galaxy S23,Hyderabad,17.385,78.4867,8745.44,18178.21,-0.469,0.03,1,1,24.15,0.0,0.0,0,0,0.0,0.0,0,0,normal_routine,0
TXN_UPI_101574,USR_4125,2025-02-20 18:44:00,1523.03,Utility_Bills,DEV_IN_OP12_035,OnePlus 12,Pune,18.5204,73.8567,4615.8,12745.71,-0.243,0.33,1,1,166.9333,0.0,0.0,0,0,0.0,0.0,0,0,normal_routine,0
TXN_UPI_101845,USR_4131,2025-02-20 18:48:00,12397.69,Travel_Ticketing,DEV_IN_OP12_041,OnePlus 12,Delhi,28.6139,77.209,8688.53,18591.83,0.2,1.43,1,1,0.01,1739.8,173980.21,0,1,0.0,0.0,1,0,benign_travel,0
TXN_UPI_101305,USR_4119,2025-02-20 18:52:00,223.72,Food_Dining,DEV_IN_OP12_029,OnePlus 12,Bengaluru,12.9716,77.5946,10449.78,21330.62,-0.479,0.02,1,1,56.9,0.0,0.0,0,0,0.0,0.0,0,0,normal_routine,0
TXN_UPI_103237,USR_4162,2025-02-20 18:52:00,862.86,P2P_Transfer,DEV_IN_XRN13_072,Xiaomi Redmi Note 13,Bengaluru,12.9716,77.5946,8371.07,17483.43,-0.429,0.1,1,1,53.1,0.0,0.0,0,0,0.0,0.0,0,0,normal_routine,0
TXN_UPI_101754,USR_4129,2025-02-20 18:54:00,248.09,Groceries_Daily,DEV_IN_SAMS23_039,Samsung Galaxy S23,Bengaluru,12.9716,77.5946,6741.52,16381.39,-0.396,0.04,1,1,71.65,0.0,0.0,0,0,0.0,0.0,0,0,normal_routine,0
TXN_UPI_102475,USR_4145,2025-02-20 18:56:00,1318.86,Utility_Bills,DEV_IN_SAMS23_055,Samsung Galaxy S23,Mumbai,19.076,72.8777,7399.79,17548.13,-0.347,0.18,1,1,101.1167,0.0,0.0,0,0,0.0,0.0,0,0,normal_routine,0
TXN_UPI_100584,USR_4103,2025-02-20 19:03:00,1803.73,Utility_Bills,DEV_IN_SAMS23_013,Samsung Galaxy S23,Hyderabad,17.385,78.4867,10029.75,21556.52,-0.382,0.18,1,1,96.4333,0.0,0.0,0,0,0.0,0.0,0,0,normal_routine,0
TXN_UPI_103193,USR_4161,2025-02-20 19:23:00,554.33,Utility_Bills,DEV_IN_OP12_071,OnePlus 12,Kolkata,22.5726,88.3639,4777.69,13811.77,-0.306,0.12,1,1,24.2333,0.0,0.0,0,0,0.0,0.0,0,0,normal_routine,0
TXN_UPI_102788,USR_4152,2025-02-20 19:30:00,914.0,Utility_Bills,DEV_IN_OP12_062,OnePlus 12,Bengaluru,12.9716,77.5946,5404.5,12455.48,-0.361,0.17,1,1,47.1,0.0,0.0,0,0,0.0,0.0,0,0,normal_routine,0
TXN_UPI_101034,USR_4113,2025-02-20 19:45:00,75355.14,Jewelry_Luxury,DEV_IN_OP12_023,OnePlus 12,Delhi,28.6139,77.209,7521.04,18915.25,3.586,10.02,1,1,57.9667,0.0,0.0,0,0,0.0,0.0,0,0,benign_festive_spend,0
TXN_UPI_102520,USR_4146,2025-02-20 20:16:00,20755.09,Jewelry_Luxury,DEV_IN_SAMS23_056,Samsung Galaxy S23,Hyderabad,17.385,78.4867,10406.0,21785.58,0.475,1.99,1,1,72.45,0.0,0.0,0,0,0.0,0.0,0,0,benign_festive_spend,0
TXN_UPI_102428,USR_4144,2025-02-20 20:18:00,49555.39,Electronics_Gadgets,DEV_IN_OP12_054,OnePlus 12,Jaipur,26.9124,75.7873,3951.02,10286.42,4.433,12.54,1,1,167.9,0.0,0.0,0,0,0.0,0.0,0,0,benign_festive_spend,0
TXN_UPI_103282,USR_4163,2025-02-20 20:29:00,304.48,Groceries_Daily,DEV_IN_XRN13_073,Xiaomi Redmi Note 13,Chennai,13.0827,80.2707,5583.63,12765.69,-0.414,0.05,1,1,145.8,0.0,0.0,0,0,0.0,0.0,0,0,normal_routine,0
TXN_UPI_103148,USR_4160,2025-02-20 20:42:00,334.55,P2P_Transfer,DEV_IN_OP12_070,OnePlus 12,Chennai,13.0827,80.2707,9657.03,20443.58,-0.456,0.03,1,1,8.9667,0.0,0.0,0,0,0.0,0.0,0,0,normal_routine,0
TXN_UPI_103327,USR_4164,2025-02-20 20:44:00,388.25,P2P_Transfer,DEV_IN_IPH15_074,iPhone 15,Delhi,28.6139,77.209,8474.61,17332.3,-0.467,0.05,1,1,215.3333,0.0,0.0,0,0,0.0,0.0,0,0,normal_routine,0
TXN_UPI_102608,USR_4148,2025-02-20 20:55:00,287.22,Food_Dining,DEV_IN_XRN13_058,Xiaomi Redmi Note 13,Pune,18.5204,73.8567,8452.49,16325.28,-0.5,0.03,1,1,125.25,1172.99,9.37,0,0,0.0,0.0,0,0,normal_routine,0
TXN_UPI_102744,USR_4151,2025-02-20 21:21:00,1024.69,P2P_Transfer,DEV_IN_SAMS23_061,Samsung Galaxy S23,Bengaluru,12.9716,77.5946,5864.31,15488.42,-0.312,0.17,1,1,83.6833,0.0,0.0,0,0,0.0,0.0,0,0,normal_routine,0
TXN_UPI_101393,USR_4121,2025-02-20 21:40:00,1511.09,Utility_Bills,DEV_IN_OP12_031,OnePlus 12,Kolkata,22.5726,88.3639,9767.8,20050.39,-0.412,0.15,1,1,34.3333,0.0,0.0,0,0,0.0,0.0,0,0,normal_routine,0
TXN_UPI_101980,USR_4134,2025-02-20 21:42:00,1252.03,Utility_Bills,DEV_IN_OP12_044,OnePlus 12,Chennai,13.0827,80.2707,7635.34,16282.88,-0.392,0.16,1,1,127.8667,0.0,0.0,0,0,0.0,0.0,0,0,normal_routine,0
TXN_UPI_103463,USR_4167,2025-02-20 21:46:00,468.46,Food_Dining,DEV_IN_XRN13_077,Xiaomi Redmi Note 13,Hyderabad,17.385,78.4867,9431.37,19683.28,-0.455,0.05,1,1,11.7833,0.0,0.0,0,0,0.0,0.0,0,0,normal_routine,0
TXN_UPI_100178,USR_4094,2025-02-20 21:50:00,961.65,P2P_Transfer,DEV_IN_SAMS23_004,Samsung Galaxy S23,Bengaluru,12.9716,77.5946,7064.86,18552.97,-0.329,0.14,1,1,48.7667,0.0,0.0,0,0,0.0,0.0,0,0,normal_routine,0
TXN_UPI_103103,USR_4159,2025-02-20 21:51:00,1647.36,Utility_Bills,DEV_IN_XRN13_069,Xiaomi Redmi Note 13,Delhi,28.6139,77.209,9651.72,20978.97,-0.382,0.17,1,1,171.8,0.0,0.0,0,0,0.0,0.0,0,0,normal_routine,0
TXN_UPI_101080,USR_4114,2025-02-21 01:14:00,1325.79,Utility_Bills,DEV_IN_SAMS23_024,Samsung Galaxy S23,Delhi,28.6139,77.209,4670.57,12176.65,-0.275,0.28,1,1,171.9167,0.0,0.0,1,0,0.0,0.0,0,0,emergency_nocturnal_legit,0
TXN_UPI_101800,USR_4130,2025-02-21 08:31:00,286.96,Food_Dining,DEV_IN_SAMS23_040,Samsung Galaxy S23,Pune,18.5204,73.8567,4760.09,14037.98,-0.319,0.06,1,1,0.01,0.0,0.0,0,1,0.0,0.0,0,0,normal_routine,0
TXN_UPI_103240,USR_4162,2025-02-21 08:31:00,830.67,P2P_Transfer,DEV_IN_XRN13_072,Xiaomi Redmi Note 13,Bengaluru,12.9716,77.5946,8223.36,17014.66,-0.434,0.1,1,1,143.8167,8140.55,56.6,0,0,0.0,0.0,0,0,normal_routine,0
TXN_UPI_102205,USR_4139,2025-02-21 09:43:00,1193.53,P2P_Transfer,DEV_IN_OP12_049,OnePlus 12,Pune,18.5204,73.8567,3878.25,9369.75,-0.287,0.31,1,1,116.1667,0.0,0.0,0,0,0.0,0.0,0,0,normal_routine,0
TXN_UPI_102700,USR_4150,2025-02-21 09:43:00,786.83,P2P_Transfer,DEV_IN_SAMS23_060,Samsung Galaxy S23,Mumbai,19.076,72.8777,6015.46,12955.55,-0.404,0.13,1,1,60.4667,0.0,0.0,0,0,0.0,0.0,0,0,normal_routine,0
TXN_UPI_100223,USR_4095,2025-02-21 09:52:00,782.58,Utility_Bills,DEV_IN_IPH15_005,iPhone 15,Kolkata,22.5726,88.3639,10776.96,21017.17,-0.476,0.07,1,1,169.5333,0.0,0.0,0,0,0.0,0.0,0,0,normal_routine,0
TXN_UPI_102745,USR_4151,2025-02-21 09:53:00,1623.49,Utility_Bills,DEV_IN_SAMS23_061,Samsung Galaxy S23,Bengaluru,12.9716,77.5946,5754.32,15328.38,-0.269,0.28,1,1,12.5333,0.0,0.0,0,0,0.0,0.0,0,0,normal_routine,0
TXN_UPI_103328,USR_4164,2025-02-21 09:56:00,734.87,P2P_Transfer,DEV_IN_IPH15_074,iPhone 15,Delhi,28.6139,77.209,8282.08,17169.03,-0.44,0.09,1,1,13.2,0.0,0.0,0,0,0.0,0.0,0,0,normal_routine,0
TXN_UPI_100358,USR_4098,2025-02-21 11:13:00,279.08,Food_Dining,DEV_IN_IPH15_008,iPhone 15,Hyderabad,17.385,78.4867,7944.66,18311.27,-0.419,0.04,1,1,158.5167,0.0,0.0,0,0,0.0,0.0,0,0,normal_routine,0
TXN_UPI_102878,USR_4154,2025-02-21 11:33:00,549.74,P2P_Transfer,DEV_IN_IPH15_064,iPhone 15,Chennai,13.0827,80.2707,7647.72,14934.3,-0.475,0.07,1,1,62.9,0.0,0.0,0,0,0.0,0.0,0,0,normal_routine,0
TXN_UPI_101799,USR_4130,2025-02-21 13:08:00,876.26,Utility_Bills,DEV_IN_SAMS23_040,Samsung Galaxy S23,Pune,18.5204,73.8567,4850.42,14187.63,-0.28,0.18,1,1,119.8333,0.0,0.0,0,0,0.0,0.0,0,0,normal_routine,0
TXN_UPI_100628,USR_4104,2025-02-21 13:27:00,747.68,Utility_Bills,DEV_IN_OP12_014,OnePlus 12,Mumbai,19.076,72.8777,10421.98,20530.25,-0.471,0.07,1,1,210.4667,0.0,0.0,0,0,0.0,0.0,0,0,normal_routine,0
TXN_UPI_100718,USR_4106,2025-02-21 13:31:00,992.18,Utility_Bills,DEV_IN_OP12_016,OnePlus 12,Pune,18.5204,73.8567,5184.32,16979.85,-0.247,0.19,1,1,65.9833,0.0,0.0,0,0,0.0,0.0,0,0,normal_routine,0
TXN_UPI_101260,USR_4118,2025-02-21 13:43:00,615.22,Food_Dining,DEV_IN_IPH15_028,iPhone 15,Hyderabad,17.385,78.4867,4945.36,12791.73,-0.339,0.12,1,1,134.2,1255.39,9.35,0,0,0.0,0.0,0,0,normal_routine,0
TXN_UPI_101619,USR_4126,2025-02-21 18:38:00,1293.51,P2P_Transfer,DEV_IN_OP12_036,OnePlus 12,Chennai,13.0827,80.2707,11428.91,24921.51,-0.407,0.11,1,1,202.6167,0.0,0.0,0,0,0.0,0.0,0,0,normal_routine,0
TXN_UPI_103105,USR_4159,2025-02-21 18:53:00,145.35,Groceries_Daily,DEV_IN_XRN13_069,Xiaomi Redmi Note 13,Delhi,28.6139,77.209,9285.17,20565.35,-0.444,0.02,1,1,103.7,0.0,0.0,0,0,0.0,0.0,0,0,normal_routine,0
TXN_UPI_103598,USR_4170,2025-02-21 19:33:00,130.97,Food_Dining,DEV_IN_IPH15_080,iPhone 15,Chennai,13.0827,80.2707,5980.4,14357.84,-0.407,0.02,1,1,33.9167,0.0,0.0,0,0,0.0,0.0,0,0,normal_routine,0
TXN_UPI_101440,USR_4122,2025-02-21 19:35:00,787.62,Utility_Bills,DEV_IN_XRN13_032,Xiaomi Redmi Note 13,Delhi,28.6139,77.209,3685.53,9667.29,-0.3,0.21,1,1,0.01,0.0,0.0,0,1,0.0,0.0,0,0,normal_routine,0
TXN_UPI_102610,USR_4148,2025-02-21 20:05:00,345.55,Food_Dining,DEV_IN_XRN13_058,Xiaomi Redmi Note 13,Pune,18.5204,73.8567,8101.63,16031.06,-0.484,0.04,1,1,174.6167,0.0,0.0,0,0,0.0,0.0,0,0,normal_routine,0
TXN_UPI_101844,USR_4131,2025-02-21 20:32:00,1502.17,Utility_Bills,DEV_IN_OP12_041,OnePlus 12,Bengaluru,12.9716,77.5946,8855.65,18774.07,-0.392,0.17,1,1,119.2,0.0,0.0,0,0,0.0,0.0,0,0,normal_routine,0
TXN_UPI_100810,USR_4108,2025-02-21 22:56:00,11029.92,Travel_Ticketing,DEV_IN_IPH15_018,iPhone 15,Mumbai,19.076,72.8777,10917.54,18291.81,0.006,1.01,1,1,105.45,1148.09,10.89,0,0,0.0,0.0,0,0,benign_travel,0
TXN_UPI_100134,USR_4093,2025-02-21 23:51:00,203.49,Gaming_Crypto,DEV_BOTNET_02,Automated Script Bot,Mumbai,19.076,72.8777,5159.55,12431.28,-0.399,0.04,0,1,147.8833,0.0,0.0,0,11,0.0,0.0,0,1,credential_stuffing_burst,1
TXN_UPI_101890,USR_4132,2025-02-22 03:00:00,1674.47,Food_Dining,DEV_IN_OP12_042,OnePlus 12,Hyderabad,17.385,78.4867,4505.85,14185.72,-0.2,0.37,1,1,99.9333,1255.39,12.56,1,0,0.0,0.0,0,0,emergency_nocturnal_legit,0
TXN_UPI_102564,USR_4147,2025-02-22 09:52:00,792.9,Groceries_Daily,DEV_IN_XRN13_057,Xiaomi Redmi Note 13,Pune,18.5204,73.8567,6833.85,17141.31,-0.352,0.12,1,1,72.3167,0.0,0.0,0,0,0.0,0.0,0,0,normal_routine,0
TXN_UPI_100630,USR_4104,2025-02-22 13:13:00,1292.43,P2P_Transfer,DEV_IN_OP12_014,OnePlus 12,Mumbai,19.076,72.8777,9969.63,20165.15,-0.43,0.13,1,1,183.5667,0.0,0.0,0,0,0.0,0.0,0,0,normal_routine,0
TXN_UPI_101934,USR_4133,2025-02-22 13:16:00,18903.42,Jewelry_Luxury,DEV_IN_IPH15_043,iPhone 15,Delhi,28.6139,77.209,4067.57,11962.85,1.24,4.65,1,1,203.0,1514.09,7.46,0,0,0.0,0.0,0,0,benign_festive_spend,0
TXN_UPI_102834,USR_4153,2025-02-22 18:05:00,476.98,Groceries_Daily,DEV_IN_XRN13_063,Xiaomi Redmi Note 13,Mumbai,19.076,72.8777,4363.45,12317.46,-0.316,0.11,1,1,140.4333,0.0,0.0,0,0,0.0,0.0,0,0,normal_routine,0
TXN_UPI_100135,USR_4093,2025-02-22 18:25:00,390.36,Groceries_Daily,DEV_IN_IPH15_003,iPhone 15,Mumbai,19.076,72.8777,5046.91,12311.38,-0.378,0.08,1,1,18.5667,0.0,0.0,0,0,0.0,0.0,0,0,normal_routine,0
TXN_UPI_100044,USR_4091,2025-02-22 19:12:00,260.79,Groceries_Daily,DEV_IN_IPH15_001,iPhone 15,Bengaluru,12.9716,77.5946,5408.1,16182.76,-0.318,0.05,1,1,151.9833,0.0,0.0,0,0,0.0,0.0,0,0,normal_routine,0
TXN_UPI_100449,USR_4100,2025-02-22 19:37:00,665.92,Groceries_Daily,DEV_IN_OP12_010,OnePlus 12,Pune,18.5204,73.8567,4978.32,13020.73,-0.331,0.13,1,1,214.65,0.0,0.0,0,0,0.0,0.0,0,0,normal_routine,0
TXN_UPI_102025,USR_4135,2025-02-22 19:46:00,310.34,Groceries_Daily,DEV_IN_OP12_045,OnePlus 12,Bengaluru,12.9716,77.5946,5777.81,16494.11,-0.331,0.05,1,1,63.0333,0.0,0.0,0,0,0.0,0.0,0,0,normal_routine,0
TXN_UPI_101124,USR_4115,2025-02-22 20:00:00,1307.44,Utility_Bills,DEV_IN_XRN13_025,Xiaomi Redmi Note 13,Bengaluru,12.9716,77.5946,4741.37,15499.57,-0.222,0.28,1,1,126.1833,0.0,0.0,0,0,0.0,0.0,0,0,normal_routine,0
TXN_UPI_101439,USR_4122,2025-02-22 20:07:00,502.8,Utility_Bills,DEV_IN_XRN13_032,Xiaomi Redmi Note 13,Delhi,28.6139,77.209,3759.55,9766.73,-0.333,0.13,1,1,167.45,0.0,0.0,0,0,0.0,0.0,0,0,normal_routine,0
TXN_UPI_100539,USR_4102,2025-02-22 20:29:00,616.51,Groceries_Daily,DEV_IN_SAMS23_012,Samsung Galaxy S23,Hyderabad,17.385,78.4867,8350.41,17840.31,-0.434,0.07,1,1,78.9167,0.0,0.0,0,0,0.0,0.0,0,0,normal_routine,0
TXN_UPI_103464,USR_4167,2025-02-22 21:11:00,541.03,P2P_Transfer,DEV_IN_XRN13_077,Xiaomi Redmi Note 13,Hyderabad,17.385,78.4867,9222.93,19499.9,-0.445,0.06,1,1,47.4167,0.0,0.0,0,0,0.0,0.0,0,0,normal_routine,0
TXN_UPI_101664,USR_4127,2025-02-22 21:24:00,268.84,Food_Dining,DEV_IN_XRN13_037,Xiaomi Redmi Note 13,Mumbai,19.076,72.8777,10193.99,22810.08,-0.435,0.03,1,1,169.75,0.0,0.0,0,0,0.0,0.0,0,0,normal_routine,0
TXN_UPI_103150,USR_4160,2025-02-22 21:25:00,264.95,Groceries_Daily,DEV_IN_OP12_070,OnePlus 12,Chennai,13.0827,80.2707,9363.69,20028.07,-0.454,0.03,1,1,58.35,1755.8,30.09,0,0,0.0,0.0,0,0,normal_routine,0
TXN_UPI_103014,USR_4157,2025-02-23 02:38:00,8541.67,Travel_Ticketing,DEV_IN_SAMS23_067,Samsung Galaxy S23,Mumbai,19.076,72.8777,6956.05,15953.67,0.099,1.23,1,1,85.2167,920.74,10.8,1,0,0.0,0.0,0,0,benign_travel,0
TXN_UPI_102250,USR_4140,2025-02-23 11:46:00,1525.05,Gaming_Crypto,DEV_BURNER_49,Xiaomi Redmi 9A,Chennai,13.0827,80.2707,2216.16,8074.6,-0.086,0.69,0,1,158.2667,0.0,0.0,0,0,0.0,0.0,0,1,stealth_micro_fraud,1
TXN_UPI_100045,USR_4091,2025-02-23 13:31:00,781.85,Utility_Bills,DEV_IN_IPH15_001,iPhone 15,Bengaluru,12.9716,77.5946,5291.11,16016.19,-0.282,0.15,1,1,18.3167,0.0,0.0,0,0,0.0,0.0,0,0,normal_routine,0
TXN_UPI_101620,USR_4126,2025-02-23 19:45:00,1377.09,Utility_Bills,DEV_IN_OP12_036,OnePlus 12,Chennai,13.0827,80.2707,11198.56,24682.95,-0.398,0.12,1,1,49.1167,0.0,0.0,0,0,0.0,0.0,0,0,normal_routine,0
TXN_UPI_101035,USR_4113,2025-02-23 21:11:00,826.23,Groceries_Daily,DEV_IN_OP12_023,OnePlus 12,Delhi,28.6139,77.209,9062.72,21256.93,-0.387,0.09,1,1,73.4333,0.0,0.0,0,0,0.0,0.0,0,0,normal_routine,0
TXN_UPI_102970,USR_4156,2025-02-23 21:13:00,24147.79,Jewelry_Luxury,DEV_IN_SAMS23_066,Samsung Galaxy S23,Jaipur,26.9124,75.7873,3664.17,9376.57,2.185,6.59,1,1,155.2667,0.0,0.0,0,0,0.0,0.0,0,0,benign_festive_spend,0
TXN_UPI_100225,USR_4095,2025-02-23 21:44:00,188.47,Food_Dining,DEV_IN_IPH15_005,iPhone 15,Kolkata,22.5726,88.3639,10307.16,20646.64,-0.49,0.02,1,1,90.9833,0.0,0.0,0,0,0.0,0.0,0,0,normal_routine,0
